Sample.ID	Species	Sociality	Sex	Tissue	Location	NucleotideType	Project.Accession	YearCollected	Month	LibraryLayout	LibrarySelection	SequenceInstrument	Platform_Gen	Platform_Spec	Genus	Family	SubFamily	Tribe	Tissue2	Tissue3	Continent
AM_N_068	Apis mellifera	O. Eusocial	Female	abdomen	United Kingdom	RNA	CompHym22	2019	July	Paired	POLYA	Illumina HiSeq PE150	Illumina	Illumina HiSeq	Apis	Apidae	Apinae	Apini	abdomen	abdomen	Europe
AM_N_072	Apis mellifera	O. Eusocial	Female	abdomen	United Kingdom	RNA	CompHym22	2019	July	Paired	POLYA	Illumina HiSeq PE150	Illumina	Illumina HiSeq	Apis	Apidae	Apinae	Apini	abdomen	abdomen	Europe
BT_N_001	Bombus terrestris	O. Eusocial	Female	abdomen	United Kingdom	RNA	CompHym22	2019	July	Paired	POLYA	Illumina HiSeq PE150	Illumina	Illumina HiSeq	Bombus	Apidae	Apinae	Bombini	abdomen	abdomen	Europe
BT_N_025	Bombus terrestris	O. Eusocial	Female	abdomen	United Kingdom	RNA	CompHym22	2019	July	Paired	POLYA	Illumina HiSeq PE150	Illumina	Illumina HiSeq	Bombus	Apidae	Apinae	Bombini	abdomen	abdomen	Europe
BT_N_029	Bombus terrestris	O. Eusocial	Female	abdomen	United Kingdom	RNA	CompHym22	2019	July	Paired	POLYA	Illumina HiSeq PE150	Illumina	Illumina HiSeq	Bombus	Apidae	Apinae	Bombini	abdomen	abdomen	Europe
CA_N_007	Ceratina australensis	F. Eusocial	Female	abdomen	Australia	RNA	CompHym22	2019	January	Paired	POLYA	Illumina HiSeq PE150	Illumina	Illumina HiSeq	Ceratina	Apidae	Xylocopinae	Ceratini	abdomen	abdomen	Oceania
CA_N_012	Ceratina australensis	F. Eusocial	Female	abdomen	Australia	RNA	CompHym22	2019	January	Paired	POLYA	Illumina HiSeq PE150	Illumina	Illumina HiSeq	Ceratina	Apidae	Xylocopinae	Ceratini	abdomen	abdomen	Oceania
CA_N_030	Ceratina australensis	F. Eusocial	Female	abdomen	Australia	RNA	CompHym22	2019	January	Paired	POLYA	Illumina HiSeq PE150	Illumina	Illumina HiSeq	Ceratina	Apidae	Xylocopinae	Ceratini	abdomen	abdomen	Oceania
ERR10123638	Bombus pascuorum	O. Eusocial	Unknown	abdomen	United Kingdom	RNA	PRJEB43529	2020	August	Paired	POLYA	Illumina NovaSeq 6000	Illumina	Illumina NovaSeq	Bombus	Apidae	Apinae	Bombini	abdomen	abdomen	Europe
SRR1380984	Apis cerana	O. Eusocial	Female	gut	South Korea	RNA	PRJNA235974	2013	NA	Paired	POLYA	Illumina HiSeq 2000	Illumina	Illumina HiSeq	Apis	Apidae	Apinae	Apini	gut	gut	Asia
SRR1503066	Epeolus variegatus	Solitary	Unknown	whole body	Italy	RNA	PRJNA252262	2011	September	Paired	CDNA	Illumina HiSeq 2000	Illumina	Illumina HiSeq	Epeolus	Apidae	Nomadinae	Epeolini	whole body	whole body	Europe
SRR1503088	Bombus rupestris	O. Eusocial	Female	whole body	France	RNA	PRJNA252285	2011	July	Paired	CDNA	Illumina HiSeq 2000	Illumina	Illumina HiSeq	Bombus	Apidae	Apinae	Bombini	whole body	whole body	Europe
SRR1503113	Euglossa dilemma	F. Eusocial	Unknown	whole body	Florida	RNA	PRJNA252310	2012	January	Paired	CDNA	Illumina HiSeq 2000	Illumina	Illumina HiSeq	Euglossa	Apidae	Apinae	Euglossini	whole body	whole body	North America
SRR1503129	Anthophora plumipes	Solitary	Male	whole body	Germany	RNA	PRJNA252326	2011	April	Paired	CDNA	Illumina HiSeq 2000	Illumina	Illumina HiSeq	Anthophora	Apidae	Apinae	Anthophorini	whole body	whole body	Europe
SRR1503133	Nomada lathburiana	Solitary	Female	whole body	Germany	RNA	PRJNA252330	2011	April	Paired	CDNA	Illumina HiSeq 2000	Illumina	Illumina HiSeq	Nomada	Apidae	Nomadinae	Nomadini	whole body	whole body	Europe
SRR1790685	Apis mellifera	O. Eusocial	Female	pool of abdomens and fat bodies	California	RNA	PRJNA274674	2015	NA	Paired	CDNA	Illumina HiSeq 2000	Illumina	Illumina HiSeq	Apis	Apidae	Apinae	Apini	abdomen and fatbody, pooled	abdomen and fat body	North America
SRR1790686	Apis mellifera	O. Eusocial	Female	pool of abdomens and fat bodies	California	RNA	PRJNA274674	2015	NA	Paired	CDNA	Illumina HiSeq 2000	Illumina	Illumina HiSeq	Apis	Apidae	Apinae	Apini	abdomen and fatbody, pooled	abdomen and fat body	North America
SRR1790687	Apis mellifera	O. Eusocial	Female	pool of abdomens and fat bodies	California	RNA	PRJNA274674	2015	NA	Paired	CDNA	Illumina HiSeq 2000	Illumina	Illumina HiSeq	Apis	Apidae	Apinae	Apini	abdomen and fatbody, pooled	abdomen and fat body	North America
SRR2001612	Habropoda laboriosa	Solitary	Male	whole body	Florida	RNA	PRJNA279436	2011	NA	Paired	Other	Illumina HiSeq 2000	Illumina	Illumina HiSeq	Habropoda	Apidae	Apinae	Anthophorini	whole body	whole body	North America
SRR2001621	Eufriesea mexicana	F. Eusocial	Male	whole body	Mexico	RNA	PRJNA279814	2011	NA	Paired	Other	Illumina HiSeq 2000	Illumina	Illumina HiSeq	Eufriesea	Apidae	Apinae	Euglossini	whole body	whole body	North America
SRR2001766	Dufourea novaeangliae	Solitary	Male	whole body	Canada	RNA	PRJNA279825	2011	NA	Paired	Other	Illumina HiSeq 2000	Illumina	Illumina HiSeq	Dufourea	Halictidae	Rophitinae	Rophitini	whole body	whole body	North America
SRR2895245	Osmia bicornis	Solitary	Female	whole body	Germany	RNA	PRJNA285788	2016	May	Paired	POLYA	Illumina HiSeq 2000	Illumina	Illumina HiSeq	Osmia	Megachilidae	Megachilinae	Osmiini	whole body	whole body	Europe
SRR2895246	Osmia bicornis	Solitary	Female	whole body	Germany	RNA	PRJNA285788	2016	May	Paired	POLYA	Illumina HiSeq 2000	Illumina	Illumina HiSeq	Osmia	Megachilidae	Megachilinae	Osmiini	whole body	whole body	Europe
SRR2895247	Osmia bicornis	Solitary	Female	whole body	Germany	RNA	PRJNA285788	2016	May	Paired	POLYA	Illumina HiSeq 2000	Illumina	Illumina HiSeq	Osmia	Megachilidae	Megachilinae	Osmiini	whole body	whole body	Europe
SRR2895248	Osmia bicornis	Solitary	Female	whole body	Germany	RNA	PRJNA285788	2016	May	Paired	POLYA	Illumina HiSeq 2000	Illumina	Illumina HiSeq	Osmia	Megachilidae	Megachilinae	Osmiini	whole body	whole body	Europe
SRR2895249	Osmia bicornis	Solitary	Male	whole body	Germany	RNA	PRJNA285788	2016	May	Paired	POLYA	Illumina HiSeq 2000	Illumina	Illumina HiSeq	Osmia	Megachilidae	Megachilinae	Osmiini	whole body	whole body	Europe
SRR2895250	Osmia bicornis	Solitary	Male	whole body	Germany	RNA	PRJNA285788	2016	May	Paired	POLYA	Illumina HiSeq 2000	Illumina	Illumina HiSeq	Osmia	Megachilidae	Megachilinae	Osmiini	whole body	whole body	Europe
SRR2895251	Osmia bicornis	Solitary	Male	whole body	Germany	RNA	PRJNA285788	2016	May	Paired	POLYA	Illumina HiSeq 2000	Illumina	Illumina HiSeq	Osmia	Megachilidae	Megachilinae	Osmiini	whole body	whole body	Europe
SRR2396633	Bombus terrestris	O. Eusocial	Queen	abdomen with fat bodies	Israel	RNA	PRJNA295976	2015	NA	Single	CDNA	Illumina Genome Analyzer	Illumina	Illumina Genome Analyzer	Bombus	Apidae	Apinae	Bombini	abdomen and fatbody	abdomen and fat body	Asia
SRR2396644	Bombus terrestris	O. Eusocial	Queen	abdomen with fat bodies	Israel	RNA	PRJNA295976	2015	NA	Single	CDNA	Illumina Genome Analyzer	Illumina	Illumina Genome Analyzer	Bombus	Apidae	Apinae	Bombini	abdomen and fatbody	abdomen and fat body	Asia
SRR2396653	Bombus terrestris	O. Eusocial	Queen	abdomen with fat bodies	Israel	RNA	PRJNA295976	2015	NA	Single	CDNA	Illumina Genome Analyzer	Illumina	Illumina Genome Analyzer	Bombus	Apidae	Apinae	Bombini	abdomen and fatbody	abdomen and fat body	Asia
SRR2396654	Bombus terrestris	O. Eusocial	Queen	abdomen with fat bodies	Israel	RNA	PRJNA295976	2015	NA	Single	CDNA	Illumina Genome Analyzer	Illumina	Illumina Genome Analyzer	Bombus	Apidae	Apinae	Bombini	abdomen and fatbody	abdomen and fat body	Asia
SRR2396655	Bombus terrestris	O. Eusocial	Queen	abdomen with fat bodies	Israel	RNA	PRJNA295976	2015	NA	Single	CDNA	Illumina Genome Analyzer IIx	Illumina	Illumina Genome Analyzer	Bombus	Apidae	Apinae	Bombini	abdomen and fatbody	abdomen and fat body	Asia
SRR2915407	Ceratina australensis	F. Eusocial	Unknown	whole body	Australia	RNA	PRJNA302035	2014	December	Paired	CDNA	Illumina HiSeq 2500	Illumina	Illumina HiSeq	Ceratina	Apidae	Xylocopinae	Ceratini	whole body	whole body	Oceania
SRR2954866	Ceratina australensis	F. Eusocial	Unknown	whole body	Australia	RNA	PRJNA302035	2014	December	Paired	CDNA	Illumina HiSeq 2500	Illumina	Illumina HiSeq	Ceratina	Apidae	Xylocopinae	Ceratini	whole body	whole body	Oceania
SRR3383868	Bombus terrestris	O. Eusocial	Female	head and abdomen (pooled 5 queens)	Belgium	RNA	PRJNA318490	2015	NA	Single	CDNA	Ion Torrent PGM	Ion Torrent	Ion Torrent	Bombus	Apidae	Apinae	Bombini	abdomen and head, pooled	abdomen and head	Europe
SRR3383869	Bombus pascuorum	O. Eusocial	Female	head and abdomen (pooled 5 queens)	Belgium	RNA	PRJNA318490	2015	NA	Single	CDNA	Ion Torrent PGM	Ion Torrent	Ion Torrent	Bombus	Apidae	Apinae	Bombini	abdomen and head, pooled	abdomen and head	Europe
SRR3383870	Osmia cornuta	Solitary	Female	head and abdomen (pooled 5 females)	Belgium	RNA	PRJNA318490	2015	NA	Single	CDNA	Ion Torrent PGM	Ion Torrent	Ion Torrent	Osmia	Megachilidae	Megachilinae	Osmiini	abdomen and head, pooled	abdomen and head	Europe
SRR3383871	Andrena vaga	Solitary	Female	head and abdomen (pooled 5 females)	Belgium	RNA	PRJNA318490	2015	NA	Single	CDNA	Ion Torrent PGM	Ion Torrent	Ion Torrent	Andrena	Andrenidae	Andreninae	Andrenini	abdomen and head, pooled	abdomen and head	Europe
SRR3948521	Megalopta genalis	F. Eusocial	Female	whole body	Panama	RNA	PRJNA331103	2013	July	Paired	POLYA	Illumina HiSeq 2500	Illumina	Illumina HiSeq	Megalopta	Halictidae	Halictinae	Augochlorini	whole body	whole body	North America
SRR3948528	Megalopta genalis	F. Eusocial	Female	whole body	Panama	RNA	PRJNA331103	2014	July	Paired	POLYA	Illumina HiSeq 2500	Illumina	Illumina HiSeq	Megalopta	Halictidae	Halictinae	Augochlorini	whole body	whole body	North America
SRR3948531	Megalopta genalis	F. Eusocial	Female	whole body	Panama	RNA	PRJNA331103	2014	July	Paired	POLYA	Illumina HiSeq 2500	Illumina	Illumina HiSeq	Megalopta	Halictidae	Halictinae	Augochlorini	whole body	whole body	North America
SRR3948533	Megalopta genalis	F. Eusocial	Female	whole body	Panama	RNA	PRJNA331103	2014	July	Paired	POLYA	Illumina HiSeq 2500	Illumina	Illumina HiSeq	Megalopta	Halictidae	Halictinae	Augochlorini	whole body	whole body	North America
SRR3948536	Megalopta genalis	F. Eusocial	Female	whole body	Panama	RNA	PRJNA331103	2013	July	Paired	POLYA	Illumina HiSeq 2500	Illumina	Illumina HiSeq	Megalopta	Halictidae	Halictinae	Augochlorini	whole body	whole body	North America
SRR3948537	Megalopta genalis	F. Eusocial	Female	whole body	Panama	RNA	PRJNA331103	2014	July	Paired	POLYA	Illumina HiSeq 2500	Illumina	Illumina HiSeq	Megalopta	Halictidae	Halictinae	Augochlorini	whole body	whole body	North America
SRR3948540	Megalopta genalis	F. Eusocial	Female	whole body	Panama	RNA	PRJNA331103	2014	May	Paired	POLYA	Illumina HiSeq 2500	Illumina	Illumina HiSeq	Megalopta	Halictidae	Halictinae	Augochlorini	whole body	whole body	North America
SRR3948542	Megalopta genalis	F. Eusocial	Female	whole body	Panama	RNA	PRJNA331103	2014	May	Paired	POLYA	Illumina HiSeq 2500	Illumina	Illumina HiSeq	Megalopta	Halictidae	Halictinae	Augochlorini	whole body	whole body	North America
SRR3948544	Megalopta genalis	F. Eusocial	Female	whole body	Panama	RNA	PRJNA331103	2014	April	Paired	POLYA	Illumina HiSeq 2500	Illumina	Illumina HiSeq	Megalopta	Halictidae	Halictinae	Augochlorini	whole body	whole body	North America
SRR3948548	Megalopta genalis	F. Eusocial	Female	whole body	Panama	RNA	PRJNA331103	2014	July	Paired	POLYA	Illumina HiSeq 2500	Illumina	Illumina HiSeq	Megalopta	Halictidae	Halictinae	Augochlorini	whole body	whole body	North America
SRR3948550	Megalopta genalis	F. Eusocial	Female	whole body	Panama	RNA	PRJNA331103	2014	April	Paired	POLYA	Illumina HiSeq 2500	Illumina	Illumina HiSeq	Megalopta	Halictidae	Halictinae	Augochlorini	whole body	whole body	North America
SRR3948554	Megalopta genalis	F. Eusocial	Female	whole body	Panama	RNA	PRJNA331103	2014	May	Paired	POLYA	Illumina HiSeq 2500	Illumina	Illumina HiSeq	Megalopta	Halictidae	Halictinae	Augochlorini	whole body	whole body	North America
SRR3948556	Megalopta genalis	F. Eusocial	Female	whole body	Panama	RNA	PRJNA331103	2014	April	Paired	POLYA	Illumina HiSeq 2500	Illumina	Illumina HiSeq	Megalopta	Halictidae	Halictinae	Augochlorini	whole body	whole body	North America
SRR3948560	Megalopta genalis	F. Eusocial	Female	whole body	Panama	RNA	PRJNA331103	2014	May	Paired	POLYA	Illumina HiSeq 2500	Illumina	Illumina HiSeq	Megalopta	Halictidae	Halictinae	Augochlorini	whole body	whole body	North America
SRR3948563	Megalopta genalis	F. Eusocial	Female	whole body	Panama	RNA	PRJNA331103	2014	March	Paired	POLYA	Illumina HiSeq 2500	Illumina	Illumina HiSeq	Megalopta	Halictidae	Halictinae	Augochlorini	whole body	whole body	North America
SRR3948564	Megalopta genalis	F. Eusocial	Female	whole body	Panama	RNA	PRJNA331103	2014	May	Paired	POLYA	Illumina HiSeq 2500	Illumina	Illumina HiSeq	Megalopta	Halictidae	Halictinae	Augochlorini	whole body	whole body	North America
SRR3948566	Megalopta genalis	F. Eusocial	Female	whole body	Panama	RNA	PRJNA331103	2014	July	Paired	POLYA	Illumina HiSeq 2500	Illumina	Illumina HiSeq	Megalopta	Halictidae	Halictinae	Augochlorini	whole body	whole body	North America
SRR3948568	Megalopta genalis	F. Eusocial	Female	whole body	Panama	RNA	PRJNA331103	2014	May	Paired	POLYA	Illumina HiSeq 2500	Illumina	Illumina HiSeq	Megalopta	Halictidae	Halictinae	Augochlorini	whole body	whole body	North America
SRR3948570	Megalopta genalis	F. Eusocial	Female	whole body	Panama	RNA	PRJNA331103	2014	May	Paired	POLYA	Illumina HiSeq 2500	Illumina	Illumina HiSeq	Megalopta	Halictidae	Halictinae	Augochlorini	whole body	whole body	North America
SRR3948572	Megalopta genalis	F. Eusocial	Female	whole body	Panama	RNA	PRJNA331103	2014	May	Paired	POLYA	Illumina HiSeq 2500	Illumina	Illumina HiSeq	Megalopta	Halictidae	Halictinae	Augochlorini	whole body	whole body	North America
SRR3948575	Megalopta genalis	F. Eusocial	Female	whole body	Panama	RNA	PRJNA331103	2014	June	Paired	POLYA	Illumina HiSeq 2500	Illumina	Illumina HiSeq	Megalopta	Halictidae	Halictinae	Augochlorini	whole body	whole body	North America
SRR3948577	Megalopta genalis	F. Eusocial	Female	whole body	Panama	RNA	PRJNA331103	2014	July	Paired	POLYA	Illumina HiSeq 2500	Illumina	Illumina HiSeq	Megalopta	Halictidae	Halictinae	Augochlorini	whole body	whole body	North America
SRR5109820	Apis mellifera	O. Eusocial	Female	whole body	South Africa	RNA	PRJNA357165	2013	March	Paired	RANDOM	Illumina HiSeq 2000	Illumina	Illumina HiSeq	Apis	Apidae	Apinae	Apini	whole body	whole body	Africa
SRR5109826	Apis mellifera	O. Eusocial	Female	whole body	South Africa	RNA	PRJNA357165	2013	March	Paired	RANDOM	Illumina HiSeq 2000	Illumina	Illumina HiSeq	Apis	Apidae	Apinae	Apini	whole body	whole body	Africa
SRR5109829	Apis mellifera	O. Eusocial	Female	whole body	Netherlands	RNA	PRJNA357165	2014	July	Paired	RANDOM	Illumina HiSeq 2000	Illumina	Illumina HiSeq	Apis	Apidae	Apinae	Apini	whole body	whole body	Europe
SRR5109831	Apis mellifera	O. Eusocial	Female	whole body	South Africa	RNA	PRJNA357165	2013	March	Paired	RANDOM	Illumina HiSeq 2000	Illumina	Illumina HiSeq	Apis	Apidae	Apinae	Apini	whole body	whole body	Africa
SRR5109832	Apis mellifera	O. Eusocial	Female	whole body	South Africa	RNA	PRJNA357165	2013	March	Paired	RANDOM	Illumina HiSeq 2000	Illumina	Illumina HiSeq	Apis	Apidae	Apinae	Apini	whole body	whole body	Africa
SRR5109833	Apis mellifera	O. Eusocial	Female	whole body	South Africa	RNA	PRJNA357165	2013	March	Paired	RANDOM	Illumina HiSeq 2000	Illumina	Illumina HiSeq	Apis	Apidae	Apinae	Apini	whole body	whole body	Africa
SRR5117442	Apis mellifera	O. Eusocial	Female	whole body	Australia	RNA	PRJNA357523	2013	January	Paired	NA	Illumina HiSeq 2500	Illumina	Illumina HiSeq	Apis	Apidae	Apinae	Apini	whole body	whole body	Oceania
SRR5117444	Apis mellifera	O. Eusocial	Female	whole body	Australia	RNA	PRJNA357523	2013	October	Paired	NA	Illumina HiSeq 2500	Illumina	Illumina HiSeq	Apis	Apidae	Apinae	Apini	whole body	whole body	Oceania
SRR5117446	Apis mellifera	O. Eusocial	Female	whole body	Australia	RNA	PRJNA357523	2014	June	Paired	NA	Illumina HiSeq 2500	Illumina	Illumina HiSeq	Apis	Apidae	Apinae	Apini	whole body	whole body	Oceania
SRR5117447	Apis mellifera	O. Eusocial	Female	whole body	Australia	RNA	PRJNA357523	2014	August	Paired	NA	Illumina HiSeq 2500	Illumina	Illumina HiSeq	Apis	Apidae	Apinae	Apini	whole body	whole body	Oceania
SRR5117448	Apis mellifera	O. Eusocial	Female	whole body	Australia	RNA	PRJNA357523	2014	November	Paired	NA	Illumina HiSeq 2500	Illumina	Illumina HiSeq	Apis	Apidae	Apinae	Apini	whole body	whole body	Oceania
SRR5117449	Apis mellifera	O. Eusocial	Female	whole body	Australia	RNA	PRJNA357523	2014	March	Paired	NA	Illumina HiSeq 2500	Illumina	Illumina HiSeq	Apis	Apidae	Apinae	Apini	whole body	whole body	Oceania
SRR5117450	Apis mellifera	O. Eusocial	Female	whole body	Australia	RNA	PRJNA357523	2014	August	Paired	NA	Illumina HiSeq 2500	Illumina	Illumina HiSeq	Apis	Apidae	Apinae	Apini	whole body	whole body	Oceania
SRR5253659	Halictus sexcinctus	F. Eusocial	Unknown	whole body	Switzerland	RNA	PRJNA374528	2017	NA	Single	RANDOM	Illumina HiSeq 2000	Illumina	Illumina HiSeq	Halictus	Halictidae	Halictinae	Halictini	whole body	whole body	Europe
SRR5387735	Apis mellifera	O. Eusocial	Unknown	whole body	China	RNA	PRJNA380316	2015	NA	Paired	POLYA	Illumina NextSeq 500	Illumina	Illumina NextSeq	Apis	Apidae	Apinae	Apini	whole body	whole body	Asia
SRR5387737	Apis mellifera	O. Eusocial	Unknown	whole body	China	RNA	PRJNA380316	2015	NA	Paired	POLYA	Illumina NextSeq 500	Illumina	Illumina NextSeq	Apis	Apidae	Apinae	Apini	whole body	whole body	Asia
SRR5387738	Apis mellifera	O. Eusocial	Unknown	whole body	China	RNA	PRJNA380316	2015	NA	Paired	POLYA	Illumina NextSeq 500	Illumina	Illumina NextSeq	Apis	Apidae	Apinae	Apini	whole body	whole body	Asia
SRR6148364	Osmia cornuta	Solitary	Female	pool of heads and abdomen	Belgium	RNA	PRJNA411946	2015	April	Paired	RANDOM	Illumina HiSeq 2500	Illumina	Illumina HiSeq	Osmia	Megachilidae	Megachilinae	Osmiini	abdomen and head, pooled	abdomen and head	Europe
SRR6148365	Andrena cineraria	Solitary	Female	pool of heads and abdomen	Belgium	RNA	PRJNA411946	2015	May	Paired	RANDOM	Illumina HiSeq 2500	Illumina	Illumina HiSeq	Andrena	Andrenidae	Andreninae	Andrenini	abdomen and head, pooled	abdomen and head	Europe
SRR6148366	Bombus pascuorum	O. Eusocial	Female	pool of heads and abdomen	Belgium	RNA	PRJNA411946	2015	May	Paired	RANDOM	Illumina HiSeq 2500	Illumina	Illumina HiSeq	Bombus	Apidae	Apinae	Bombini	abdomen and head, pooled	abdomen and head	Europe
SRR6148367	Andrena haemorrhoa	Solitary	Female	pool of heads and abdomen	Belgium	RNA	PRJNA411946	2015	May	Paired	RANDOM	Illumina HiSeq 2500	Illumina	Illumina HiSeq	Andrena	Andrenidae	Andreninae	Andrenini	abdomen and head, pooled	abdomen and head	Europe
SRR6148368	Bombus terrestris	O. Eusocial	Female	pool of heads and abdomen	Belgium	RNA	PRJNA411946	2015	April	Paired	RANDOM	Illumina HiSeq 2500	Illumina	Illumina HiSeq	Bombus	Apidae	Apinae	Bombini	abdomen and head, pooled	abdomen and head	Europe
SRR6148369	Bombus pascuorum	O. Eusocial	Female	pool of heads and abdomen	Belgium	RNA	PRJNA411946	2015	April	Paired	RANDOM	Illumina HiSeq 2500	Illumina	Illumina HiSeq	Bombus	Apidae	Apinae	Bombini	abdomen and head, pooled	abdomen and head	Europe
SRR6148370	Bombus terrestris	O. Eusocial	Female	pool of heads and abdomen	Belgium	RNA	PRJNA411946	2015	April	Paired	RANDOM	Illumina HiSeq 2500	Illumina	Illumina HiSeq	Bombus	Apidae	Apinae	Bombini	abdomen and head, pooled	abdomen and head	Europe
SRR6148371	Osmia cornuta	Solitary	Female	pool of heads and abdomen	Belgium	RNA	PRJNA411946	2015	April	Paired	RANDOM	Illumina HiSeq 2500	Illumina	Illumina HiSeq	Osmia	Megachilidae	Megachilinae	Osmiini	abdomen and head, pooled	abdomen and head	Europe
SRR6148372	Bombus pascuorum	O. Eusocial	Female	pool of heads and abdomen	Belgium	RNA	PRJNA411946	2015	April	Paired	RANDOM	Illumina HiSeq 2500	Illumina	Illumina HiSeq	Bombus	Apidae	Apinae	Bombini	abdomen and head, pooled	abdomen and head	Europe
SRR6148373	Andrena fulva	Solitary	Female	pool of heads and abdomen	Belgium	RNA	PRJNA411946	2015	April	Paired	RANDOM	Illumina HiSeq 2500	Illumina	Illumina HiSeq	Andrena	Andrenidae	Andreninae	Andrenini	abdomen and head, pooled	abdomen and head	Europe
SRR6148374	Bombus terrestris	O. Eusocial	Female	pool of heads and abdomen	Belgium	RNA	PRJNA411946	2015	April	Paired	RANDOM	Illumina HiSeq 2500	Illumina	Illumina HiSeq	Bombus	Apidae	Apinae	Bombini	abdomen and head, pooled	abdomen and head	Europe
SRR6148375	Osmia cornuta	Solitary	Female	pool of heads and abdomen	Belgium	RNA	PRJNA411946	2015	April	Paired	RANDOM	Illumina HiSeq 2500	Illumina	Illumina HiSeq	Osmia	Megachilidae	Megachilinae	Osmiini	abdomen and head, pooled	abdomen and head	Europe
SRR6148376	Bombus pascuorum	O. Eusocial	Female	pool of heads and abdomen	Belgium	RNA	PRJNA411946	2015	April	Paired	RANDOM	Illumina HiSeq 2500	Illumina	Illumina HiSeq	Bombus	Apidae	Apinae	Bombini	abdomen and head, pooled	abdomen and head	Europe
SRR6148377	Andrena haemorrhoa	Solitary	Female	pool of heads and abdomen	Belgium	RNA	PRJNA411946	2015	May	Paired	RANDOM	Illumina HiSeq 2500	Illumina	Illumina HiSeq	Andrena	Andrenidae	Andreninae	Andrenini	abdomen and head, pooled	abdomen and head	Europe
SRR6148378	Bombus pascuorum	O. Eusocial	Female	pool of heads and abdomen	Belgium	RNA	PRJNA411946	2015	April	Paired	RANDOM	Illumina HiSeq 2500	Illumina	Illumina HiSeq	Bombus	Apidae	Apinae	Bombini	abdomen and head, pooled	abdomen and head	Europe
SRR6148379	Osmia bicornis	Solitary	Female	pool of heads and abdomen	Belgium	RNA	PRJNA411946	2015	May	Paired	RANDOM	Illumina HiSeq 2500	Illumina	Illumina HiSeq	Osmia	Megachilidae	Megachilinae	Osmiini	abdomen and head, pooled	abdomen and head	Europe
SRR8754036	Apis mellifera	O. Eusocial	Female	whole body	North Dakota	RNA	PRJNA495845	2012	October	Paired	RANDOM	Illumina NextSeq 500	Illumina	Illumina NextSeq	Apis	Apidae	Apinae	Apini	whole body	whole body	North America
SRR8754037	Apis mellifera	O. Eusocial	Female	whole body	North Dakota	RNA	PRJNA495845	2012	October	Paired	RANDOM	Illumina NextSeq 500	Illumina	Illumina NextSeq	Apis	Apidae	Apinae	Apini	whole body	whole body	North America
SRR8754038	Apis mellifera	O. Eusocial	Female	whole body	North Dakota	RNA	PRJNA495845	2012	October	Paired	RANDOM	Illumina NextSeq 500	Illumina	Illumina NextSeq	Apis	Apidae	Apinae	Apini	whole body	whole body	North America
SRR8754039	Apis mellifera	O. Eusocial	Female	whole body	North Dakota	RNA	PRJNA495845	2012	October	Paired	RANDOM	Illumina NextSeq 500	Illumina	Illumina NextSeq	Apis	Apidae	Apinae	Apini	whole body	whole body	North America
SRR8754040	Apis mellifera	O. Eusocial	Female	whole body	North Dakota	RNA	PRJNA495845	2012	October	Paired	RANDOM	Illumina NextSeq 500	Illumina	Illumina NextSeq	Apis	Apidae	Apinae	Apini	whole body	whole body	North America
SRR8754041	Apis mellifera	O. Eusocial	Female	whole body	North Dakota	RNA	PRJNA495845	2012	October	Paired	RANDOM	Illumina NextSeq 500	Illumina	Illumina NextSeq	Apis	Apidae	Apinae	Apini	whole body	whole body	North America
SRR8754042	Apis mellifera	O. Eusocial	Female	whole body	North Dakota	RNA	PRJNA495845	2012	October	Paired	RANDOM	Illumina NextSeq 500	Illumina	Illumina NextSeq	Apis	Apidae	Apinae	Apini	whole body	whole body	North America
SRR8754043	Apis mellifera	O. Eusocial	Female	whole body	North Dakota	RNA	PRJNA495845	2012	October	Paired	RANDOM	Illumina NextSeq 500	Illumina	Illumina NextSeq	Apis	Apidae	Apinae	Apini	whole body	whole body	North America
SRR8754044	Apis mellifera	O. Eusocial	Female	whole body	North Dakota	RNA	PRJNA495845	2012	October	Paired	RANDOM	Illumina NextSeq 500	Illumina	Illumina NextSeq	Apis	Apidae	Apinae	Apini	whole body	whole body	North America
SRR8335251	Andrena camellia	Solitary	Female	whole body	China	RNA	PRJNA510543	2017	NA	Paired	RANDOM	Illumina HiSeq 2000	Illumina	Illumina HiSeq	Andrena	Andrenidae	Andreninae	Andrenini	whole body	whole body	Asia
SRR8335252	Andrena camellia	Solitary	Female	whole body	China	RNA	PRJNA510543	2017	NA	Paired	RANDOM	Illumina HiSeq 2000	Illumina	Illumina HiSeq	Andrena	Andrenidae	Andreninae	Andrenini	whole body	whole body	Asia
SRR8335253	Andrena camellia	Solitary	Female	whole body	China	RNA	PRJNA510543	2017	NA	Paired	RANDOM	Illumina HiSeq 2000	Illumina	Illumina HiSeq	Andrena	Andrenidae	Andreninae	Andrenini	whole body	whole body	Asia
SRR8335254	Andrena camellia	Solitary	Female	whole body	China	RNA	PRJNA510543	2017	NA	Paired	RANDOM	Illumina HiSeq 2000	Illumina	Illumina HiSeq	Andrena	Andrenidae	Andreninae	Andrenini	whole body	whole body	Asia
SRR8335255	Apis mellifera	O. Eusocial	Female	whole body	China	RNA	PRJNA510543	2017	NA	Paired	RANDOM	Illumina HiSeq 2000	Illumina	Illumina HiSeq	Apis	Apidae	Apinae	Apini	whole body	whole body	Asia
SRR8335256	Apis mellifera	O. Eusocial	Female	whole body	China	RNA	PRJNA510543	2017	NA	Paired	RANDOM	Illumina HiSeq 2000	Illumina	Illumina HiSeq	Apis	Apidae	Apinae	Apini	whole body	whole body	Asia
SRR8335258	Apis mellifera	O. Eusocial	Female	whole body	China	RNA	PRJNA510543	2017	NA	Paired	RANDOM	Illumina HiSeq 2000	Illumina	Illumina HiSeq	Apis	Apidae	Apinae	Apini	whole body	whole body	Asia
SRR8867392	Apis mellifera	O. Eusocial	Female	pooled whole bodies	Hawaii	RNA	PRJNA531527 	2012	November	Paired	CDNA	Illumina HiSeq 2500	Illumina	Illumina HiSeq	Apis	Apidae	Apinae	Apini	whole body, pooled	whole body	North America
SRR8867393	Apis mellifera	O. Eusocial	Female	pooled whole bodies	Hawaii	RNA	PRJNA531527 	2012	December	Paired	CDNA	Illumina HiSeq 2500	Illumina	Illumina HiSeq	Apis	Apidae	Apinae	Apini	whole body, pooled	whole body	North America
SRR8867394	Apis mellifera	O. Eusocial	Female	pooled whole bodies	Hawaii	RNA	PRJNA531527 	2012	November	Paired	CDNA	Illumina HiSeq 2500	Illumina	Illumina HiSeq	Apis	Apidae	Apinae	Apini	whole body, pooled	whole body	North America
SRR8867395	Apis mellifera	O. Eusocial	Female	pooled whole bodies	Hawaii	RNA	PRJNA531527 	2012	November	Paired	CDNA	Illumina HiSeq 2500	Illumina	Illumina HiSeq	Apis	Apidae	Apinae	Apini	whole body, pooled	whole body	North America
SRR10034516	Apis cerana	O. Eusocial	Female	midgut	China	RNA	PRJNA562784	2020	NA	Paired	PCR	Illumina HiSeq 4000	Illumina	Illumina HiSeq	Apis	Apidae	Apinae	Apini	gut	gut	Asia
SRR10034517	Apis cerana	O. Eusocial	Female	midgut	China	RNA	PRJNA562784	2020	NA	Paired	PCR	Illumina HiSeq 4000	Illumina	Illumina HiSeq	Apis	Apidae	Apinae	Apini	gut	gut	Asia
SRR10034518	Apis cerana	O. Eusocial	Female	midgut	China	RNA	PRJNA562784	2020	NA	Paired	PCR	Illumina HiSeq 4000	Illumina	Illumina HiSeq	Apis	Apidae	Apinae	Apini	gut	gut	Asia
SRR10034523	Apis cerana	O. Eusocial	Female	midgut	China	RNA	PRJNA562784	2020	NA	Paired	PCR	Illumina HiSeq 4000	Illumina	Illumina HiSeq	Apis	Apidae	Apinae	Apini	gut	gut	Asia
SRR11426431	Tetragonisca angustula	O. Eusocial	Female	whole body (pool of 6)	Brazil	RNA	PRJNA615177	2021	NA	Paired	CDNA	Illumina HiSeq 2000	Illumina	Illumina HiSeq	Tetragonisca	Apidae	Apinae	Meliponini	whole body, pooled	whole body	South America
SRR11426432	Tetragonisca angustula	O. Eusocial	Female	whole body (pool of 6)	Brazil	RNA	PRJNA615177	2021	NA	Paired	CDNA	Illumina HiSeq 2000	Illumina	Illumina HiSeq	Tetragonisca	Apidae	Apinae	Meliponini	whole body, pooled	whole body	South America
SRR11426433	Tetragonisca angustula	O. Eusocial	Female	whole body (pool of 6)	Brazil	RNA	PRJNA615177	2021	NA	Paired	CDNA	Illumina HiSeq 2000	Illumina	Illumina HiSeq	Tetragonisca	Apidae	Apinae	Meliponini	whole body, pooled	whole body	South America
SRR11440494	Tetragonisca angustula	O. Eusocial	Female	whole body (pool of 6)	Brazil	RNA	PRJNA615177	2021	NA	Paired	CDNA	Illumina HiSeq 2000	Illumina	Illumina HiSeq	Tetragonisca	Apidae	Apinae	Meliponini	whole body, pooled	whole body	South America
SRR11440495	Tetragonisca angustula	O. Eusocial	Female	whole body (pool of 6)	Brazil	RNA	PRJNA615177	2021	NA	Paired	CDNA	Illumina HiSeq 2000	Illumina	Illumina HiSeq	Tetragonisca	Apidae	Apinae	Meliponini	whole body, pooled	whole body	South America
SRR11440496	Tetragonisca angustula	O. Eusocial	Female	whole body (pool of 6)	Brazil	RNA	PRJNA615177	2021	NA	Paired	CDNA	Illumina HiSeq 2000	Illumina	Illumina HiSeq	Tetragonisca	Apidae	Apinae	Meliponini	whole body, pooled	whole body	South America
SRR11445089	Bombus terrestris	O. Eusocial	Female	whole body (pool of 3)	United Kingdom	RNA	PRJNA615177	2021	NA	Paired	CDNA	Illumina HiSeq 2000	Illumina	Illumina HiSeq	Bombus	Apidae	Apinae	Bombini	whole body, pooled	whole body	Europe
SRR11445090	Bombus terrestris	O. Eusocial	Female	whole body (pool of 3)	United Kingdom	RNA	PRJNA615177	2021	NA	Paired	CDNA	Illumina HiSeq 2000	Illumina	Illumina HiSeq	Bombus	Apidae	Apinae	Bombini	whole body, pooled	whole body	Europe
SRR11445091	Bombus terrestris	O. Eusocial	Female	whole body (pool of 3)	United Kingdom	RNA	PRJNA615177	2021	NA	Paired	CDNA	Illumina HiSeq 2000	Illumina	Illumina HiSeq	Bombus	Apidae	Apinae	Bombini	whole body, pooled	whole body	Europe
SRR11448239	Bombus terrestris	O. Eusocial	Female	whole body (pool of 3)	United Kingdom	RNA	PRJNA615177	2021	NA	Paired	CDNA	Illumina HiSeq 2000	Illumina	Illumina HiSeq	Bombus	Apidae	Apinae	Bombini	whole body, pooled	whole body	Europe
SRR11448240	Bombus terrestris	O. Eusocial	Female	whole body (pool of 3)	United Kingdom	RNA	PRJNA615177	2021	NA	Paired	CDNA	Illumina HiSeq 2000	Illumina	Illumina HiSeq	Bombus	Apidae	Apinae	Bombini	whole body, pooled	whole body	Europe
SRR11448241	Bombus terrestris	O. Eusocial	Female	whole body (pool of 3)	United Kingdom	RNA	PRJNA615177	2021	NA	Paired	CDNA	Illumina HiSeq 2000	Illumina	Illumina HiSeq	Bombus	Apidae	Apinae	Bombini	whole body, pooled	whole body	Europe
SRR12053407	Euglossa viridissima	F. Eusocial	Female	abdomen	Mexico	RNA	PRJNA636137	2016	November	Paired	PCR	Illumina HiSeq 4000	Illumina	Illumina HiSeq	Euglossa	Apidae	Apinae	Euglossini	abdomen	abdomen	North America
SRR12053410	Euglossa viridissima	F. Eusocial	Female	abdomen	Mexico	RNA	PRJNA636137	2017	January	Paired	PCR	Illumina HiSeq 4000	Illumina	Illumina HiSeq	Euglossa	Apidae	Apinae	Euglossini	abdomen	abdomen	North America
SRR12053411	Euglossa viridissima	F. Eusocial	Female	abdomen	Mexico	RNA	PRJNA636137	2017	February	Paired	PCR	Illumina HiSeq 4000	Illumina	Illumina HiSeq	Euglossa	Apidae	Apinae	Euglossini	abdomen	abdomen	North America
SRR12053412	Euglossa viridissima	F. Eusocial	Female	abdomen	Mexico	RNA	PRJNA636137	2016	March	Paired	PCR	Illumina HiSeq 4000	Illumina	Illumina HiSeq	Euglossa	Apidae	Apinae	Euglossini	abdomen	abdomen	North America
SRR12053413	Euglossa dilemma	F. Eusocial	Female	abdomen	Mexico	RNA	PRJNA636137	2016	March	Paired	PCR	Illumina HiSeq 4000	Illumina	Illumina HiSeq	Euglossa	Apidae	Apinae	Euglossini	abdomen	abdomen	North America
SRR12053415	Euglossa dilemma	F. Eusocial	Female	abdomen	Mexico	RNA	PRJNA636137	2016	March	Paired	PCR	Illumina HiSeq 4000	Illumina	Illumina HiSeq	Euglossa	Apidae	Apinae	Euglossini	abdomen	abdomen	North America
SRR12053416	Euglossa dilemma	F. Eusocial	Female	abdomen	Mexico	RNA	PRJNA636137	2016	March	Paired	PCR	Illumina HiSeq 4000	Illumina	Illumina HiSeq	Euglossa	Apidae	Apinae	Euglossini	abdomen	abdomen	North America
SRR12053417	Euglossa dilemma	F. Eusocial	Female	abdomen	Mexico	RNA	PRJNA636137	2016	March	Paired	PCR	Illumina HiSeq 4000	Illumina	Illumina HiSeq	Euglossa	Apidae	Apinae	Euglossini	abdomen	abdomen	North America
SRR12053418	Euglossa viridissima	F. Eusocial	Female	abdomen	Mexico	RNA	PRJNA636137	2016	March	Paired	PCR	Illumina HiSeq 4000	Illumina	Illumina HiSeq	Euglossa	Apidae	Apinae	Euglossini	abdomen	abdomen	North America
SRR12053419	Euglossa viridissima	F. Eusocial	Female	abdomen	Mexico	RNA	PRJNA636137	2016	March	Paired	PCR	Illumina HiSeq 4000	Illumina	Illumina HiSeq	Euglossa	Apidae	Apinae	Euglossini	abdomen	abdomen	North America
SRR12053420	Euglossa viridissima	F. Eusocial	Female	abdomen	Mexico	RNA	PRJNA636137	2016	March	Paired	PCR	Illumina HiSeq 4000	Illumina	Illumina HiSeq	Euglossa	Apidae	Apinae	Euglossini	abdomen	abdomen	North America
SRR12053421	Euglossa viridissima	F. Eusocial	Female	abdomen	Mexico	RNA	PRJNA636137	2016	March	Paired	PCR	Illumina HiSeq 4000	Illumina	Illumina HiSeq	Euglossa	Apidae	Apinae	Euglossini	abdomen	abdomen	North America
SRR12053422	Euglossa viridissima	F. Eusocial	Female	abdomen	Mexico	RNA	PRJNA636137	2016	March	Paired	PCR	Illumina HiSeq 4000	Illumina	Illumina HiSeq	Euglossa	Apidae	Apinae	Euglossini	abdomen	abdomen	North America
SRR12053423	Euglossa viridissima	F. Eusocial	Female	abdomen	Mexico	RNA	PRJNA636137	2016	March	Paired	PCR	Illumina HiSeq 4000	Illumina	Illumina HiSeq	Euglossa	Apidae	Apinae	Euglossini	abdomen	abdomen	North America
SRR12053424	Euglossa viridissima	F. Eusocial	Female	abdomen	Mexico	RNA	PRJNA636137	2016	April	Paired	PCR	Illumina HiSeq 4000	Illumina	Illumina HiSeq	Euglossa	Apidae	Apinae	Euglossini	abdomen	abdomen	North America
SRR12053425	Euglossa viridissima	F. Eusocial	Female	abdomen	Mexico	RNA	PRJNA636137	2017	March	Paired	PCR	Illumina HiSeq 4000	Illumina	Illumina HiSeq	Euglossa	Apidae	Apinae	Euglossini	abdomen	abdomen	North America
SRR12053426	Euglossa viridissima	F. Eusocial	Female	abdomen	Mexico	RNA	PRJNA636137	2016	April	Paired	PCR	Illumina HiSeq 4000	Illumina	Illumina HiSeq	Euglossa	Apidae	Apinae	Euglossini	abdomen	abdomen	North America
SRR12053427	Euglossa dilemma	F. Eusocial	Female	abdomen	Mexico	RNA	PRJNA636137	2016	May	Paired	PCR	Illumina HiSeq 4000	Illumina	Illumina HiSeq	Euglossa	Apidae	Apinae	Euglossini	abdomen	abdomen	North America
SRR12053428	Euglossa viridissima	F. Eusocial	Female	abdomen	Mexico	RNA	PRJNA636137	2016	May	Paired	PCR	Illumina HiSeq 4000	Illumina	Illumina HiSeq	Euglossa	Apidae	Apinae	Euglossini	abdomen	abdomen	North America
SRR12053429	Euglossa viridissima	F. Eusocial	Female	abdomen	Mexico	RNA	PRJNA636137	2016	June	Paired	PCR	Illumina HiSeq 4000	Illumina	Illumina HiSeq	Euglossa	Apidae	Apinae	Euglossini	abdomen	abdomen	North America
SRR12053430	Euglossa viridissima	F. Eusocial	Female	abdomen	Mexico	RNA	PRJNA636137	2016	June	Paired	PCR	Illumina HiSeq 4000	Illumina	Illumina HiSeq	Euglossa	Apidae	Apinae	Euglossini	abdomen	abdomen	North America
SRR12053431	Euglossa viridissima	F. Eusocial	Female	abdomen	Mexico	RNA	PRJNA636137	2016	June	Paired	PCR	Illumina HiSeq 4000	Illumina	Illumina HiSeq	Euglossa	Apidae	Apinae	Euglossini	abdomen	abdomen	North America
SRR12053432	Euglossa viridissima	F. Eusocial	Female	abdomen	Mexico	RNA	PRJNA636137	2016	July	Paired	PCR	Illumina HiSeq 4000	Illumina	Illumina HiSeq	Euglossa	Apidae	Apinae	Euglossini	abdomen	abdomen	North America
SRR12053435	Euglossa viridissima	F. Eusocial	Female	abdomen	Mexico	RNA	PRJNA636137	2016	August	Paired	PCR	Illumina HiSeq 4000	Illumina	Illumina HiSeq	Euglossa	Apidae	Apinae	Euglossini	abdomen	abdomen	North America
SRR12053436	Euglossa viridissima	F. Eusocial	Female	abdomen	Mexico	RNA	PRJNA636137	2017	March	Paired	PCR	Illumina HiSeq 4000	Illumina	Illumina HiSeq	Euglossa	Apidae	Apinae	Euglossini	abdomen	abdomen	North America
SRR12053437	Euglossa dilemma	F. Eusocial	Female	abdomen	Mexico	RNA	PRJNA636137	2017	March	Paired	PCR	Illumina HiSeq 4000	Illumina	Illumina HiSeq	Euglossa	Apidae	Apinae	Euglossini	abdomen	abdomen	North America
SRR12233573	Bombus pyrosoma	O. Eusocial	Unknown	whole body	China	RNA	PRJNA646593	2019	July	Paired	RT-PCR	Illumina HiSeq 2500	Illumina	Illumina HiSeq	Bombus	Apidae	Apinae	Bombini	whole body	whole body	Asia
SRR12233820	Bombus pyrosoma	O. Eusocial	Unknown	whole body	China	RNA	PRJNA646602	2019	July	Paired	RT-PCR	Illumina HiSeq 2500	Illumina	Illumina HiSeq	Bombus	Apidae	Apinae	Bombini	whole body	whole body	Asia
SRR12235348	Bombus pyrosoma	O. Eusocial	Unknown	whole body	China	RNA	PRJNA646687	2019	July	Paired	RT-PCR	Illumina HiSeq 2500	Illumina	Illumina HiSeq	Bombus	Apidae	Apinae	Bombini	whole body	whole body	Asia
SRR12244814	Bombus pyrosoma	O. Eusocial	Unknown	whole body	China	RNA	PRJNA646806	2019	July	Paired	RT-PCR	Illumina HiSeq 2500	Illumina	Illumina HiSeq	Bombus	Apidae	Apinae	Bombini	whole body	whole body	Asia
SRR12245258	Bombus pyrosoma	O. Eusocial	Unknown	whole body	China	RNA	PRJNA646816	2019	July	Paired	RT-PCR	Illumina HiSeq 2500	Illumina	Illumina HiSeq	Bombus	Apidae	Apinae	Bombini	whole body	whole body	Asia
SRR12245523	Bombus pyrosoma	O. Eusocial	Unknown	whole body	China	RNA	PRJNA646831	2019	July	Paired	RT-PCR	Illumina HiSeq 2500	Illumina	Illumina HiSeq	Bombus	Apidae	Apinae	Bombini	whole body	whole body	Asia
SRR12527928	Bombus confusus	O. Eusocial	Unknown	whole body	China	RNA	PRJNA659133	2016	August	Paired	POLYA	Illumina HiSeq X Ten	Illumina	Illumina HiSeq	Bombus	Apidae	Apinae	Bombini	whole body	whole body	Asia
SRR12527929	Bombus haemorrhoidalis	O. Eusocial	Unknown	whole body	China	RNA	PRJNA659133	2016	August	Paired	POLYA	Illumina HiSeq X Ten	Illumina	Illumina HiSeq	Bombus	Apidae	Apinae	Bombini	whole body	whole body	Asia
SRR12527930	Bombus soroeensis	O. Eusocial	Unknown	whole body	China	RNA	PRJNA659133	2016	August	Paired	POLYA	Illumina HiSeq X Ten	Illumina	Illumina HiSeq	Bombus	Apidae	Apinae	Bombini	whole body	whole body	Asia
SRR12527932	Bombus superbus	O. Eusocial	Unknown	whole body	China	RNA	PRJNA659133	2016	August	Paired	POLYA	Illumina HiSeq X Ten	Illumina	Illumina HiSeq	Bombus	Apidae	Apinae	Bombini	whole body	whole body	Asia
SRR12527933	Bombus turneri	O. Eusocial	Unknown	whole body	China	RNA	PRJNA659133	2016	August	Paired	POLYA	Illumina HiSeq X Ten	Illumina	Illumina HiSeq	Bombus	Apidae	Apinae	Bombini	whole body	whole body	Asia
SRR12527934	Bombus pyrosoma	O. Eusocial	Unknown	whole body	China	RNA	PRJNA659133	2016	August	Paired	POLYA	Illumina HiSeq X Ten	Illumina	Illumina HiSeq	Bombus	Apidae	Apinae	Bombini	whole body	whole body	Asia
SRR12527935	Bombus ignitus	O. Eusocial	Unknown	whole body	China	RNA	PRJNA659133	2016	August	Paired	POLYA	Illumina HiSeq X Ten	Illumina	Illumina HiSeq	Bombus	Apidae	Apinae	Bombini	whole body	whole body	Asia
SRR12527936	Bombus picipes	O. Eusocial	Unknown	whole body	China	RNA	PRJNA659133	2016	August	Paired	POLYA	Illumina HiSeq X Ten	Illumina	Illumina HiSeq	Bombus	Apidae	Apinae	Bombini	whole body	whole body	Asia
SRR12527961	Bombus waltoni	O. Eusocial	Unknown	whole body	China	RNA	PRJNA659133	2016	August	Paired	POLYA	Illumina HiSeq X Ten	Illumina	Illumina HiSeq	Bombus	Apidae	Apinae	Bombini	whole body	whole body	Asia
SRR12527962	Bombus difficillimus	O. Eusocial	Unknown	whole body	China	RNA	PRJNA659133	2016	August	Paired	POLYA	Illumina HiSeq X Ten	Illumina	Illumina HiSeq	Bombus	Apidae	Apinae	Bombini	whole body	whole body	Asia
SRR12527963	Bombus breviceps	O. Eusocial	Unknown	whole body	China	RNA	PRJNA659133	2016	August	Paired	POLYA	Illumina HiSeq X Ten	Illumina	Illumina HiSeq	Bombus	Apidae	Apinae	Bombini	whole body	whole body	Asia
SRR12527964	Bombus opulentus	O. Eusocial	Unknown	whole body	China	RNA	PRJNA659133	2016	August	Paired	POLYA	Illumina HiSeq X Ten	Illumina	Illumina HiSeq	Bombus	Apidae	Apinae	Bombini	whole body	whole body	Asia
SRR12527965	Bombus consobrinus	O. Eusocial	Unknown	whole body	China	RNA	PRJNA659133	2016	August	Paired	POLYA	Illumina HiSeq X Ten	Illumina	Illumina HiSeq	Bombus	Apidae	Apinae	Bombini	whole body	whole body	Asia
SRR12527966	Bombus sibiricus	O. Eusocial	Unknown	whole body	China	RNA	PRJNA659133	2016	August	Paired	POLYA	Illumina HiSeq X Ten	Illumina	Illumina HiSeq	Bombus	Apidae	Apinae	Bombini	whole body	whole body	Asia
SRR13189057	Apis mellifera	O. Eusocial	Female	gut	China	RNA	PRJNA681941	2020	NA	Paired	PCR	Illumina NovaSeq 6000	Illumina	Illumina NovaSeq	Apis	Apidae	Apinae	Apini	gut	gut	Asia
SRR13189058	Apis mellifera	O. Eusocial	Female	gut	China	RNA	PRJNA681941	2020	NA	Paired	PCR	Illumina NovaSeq 6000	Illumina	Illumina NovaSeq	Apis	Apidae	Apinae	Apini	gut	gut	Asia
SRR13189059	Apis mellifera	O. Eusocial	Female	gut	China	RNA	PRJNA681941	2020	NA	Paired	PCR	Illumina NovaSeq 6000	Illumina	Illumina NovaSeq	Apis	Apidae	Apinae	Apini	gut	gut	Asia
SRR13189063	Apis mellifera	O. Eusocial	Female	gut	China	RNA	PRJNA681941	2020	NA	Paired	PCR	Illumina NovaSeq 6000	Illumina	Illumina NovaSeq	Apis	Apidae	Apinae	Apini	gut	gut	Asia
SRR13189066	Apis mellifera	O. Eusocial	Female	gut	China	RNA	PRJNA681941	2020	NA	Paired	PCR	Illumina NovaSeq 6000	Illumina	Illumina NovaSeq	Apis	Apidae	Apinae	Apini	gut	gut	Asia
SRR13189067	Apis mellifera	O. Eusocial	Female	gut	China	RNA	PRJNA681941	2020	NA	Paired	PCR	Illumina NovaSeq 6000	Illumina	Illumina NovaSeq	Apis	Apidae	Apinae	Apini	gut	gut	Asia
SRR13442813	Lasioglossum	F. Eusocial	Unknown	whole body	Australia	RNA	PRJNA687066	2017	September	Paired	POLYA	BGISEQ-500	BGISEQ	BGISEQ	Lasioglossum	Halictidae	Halictinae	Halictini	whole body	whole body	Oceania
SRR13442815	Apis mellifera	O. Eusocial	Unknown	whole body	Australia	RNA	PRJNA687066	2017	September	Paired	POLYA	BGISEQ-500	BGISEQ	BGISEQ	Apis	Apidae	Apinae	Apini	whole body	whole body	Oceania
SRR13442818	Tetragonula carbonaria	O. Eusocial	Unknown	whole body	Australia	RNA	PRJNA687066	2017	September	Paired	POLYA	BGISEQ-500	BGISEQ	BGISEQ	Tetragonula	Apidae	Apinae	Meliponini	whole body	whole body	Oceania
SRR13442819	Apis mellifera	O. Eusocial	Unknown	whole body	Australia	RNA	PRJNA687066	2017	September	Paired	POLYA	BGISEQ-500	BGISEQ	BGISEQ	Apis	Apidae	Apinae	Apini	whole body	whole body	Oceania
SRR13442824	Exoneura	F. Eusocial	Unknown	whole body	Australia	RNA	PRJNA687066	2017	September	Paired	POLYA	BGISEQ-500	BGISEQ	BGISEQ	Exoneura	Apidae	Xylocopinae	Allodapini	whole body	whole body	Oceania
SRR13442825	Lasioglossum	F. Eusocial	Unknown	whole body	Australia	RNA	PRJNA687066	2017	September	Paired	POLYA	BGISEQ-500	BGISEQ	BGISEQ	Lasioglossum	Halictidae	Halictinae	Halictini	whole body	whole body	Oceania
SRR13442827	Apis mellifera	O. Eusocial	Unknown	whole body	Australia	RNA	PRJNA687066	2017	September	Paired	POLYA	BGISEQ-500	BGISEQ	BGISEQ	Apis	Apidae	Apinae	Apini	whole body	whole body	Oceania
SRR13442828	Apis mellifera	O. Eusocial	Unknown	whole body	Australia	RNA	PRJNA687066	2017	October	Paired	POLYA	BGISEQ-500	BGISEQ	BGISEQ	Apis	Apidae	Apinae	Apini	whole body	whole body	Oceania
SRR13442829	Apis mellifera	O. Eusocial	Unknown	whole body	Australia	RNA	PRJNA687066	2017	October	Paired	POLYA	BGISEQ-500	BGISEQ	BGISEQ	Apis	Apidae	Apinae	Apini	whole body	whole body	Oceania
SRR13442830	Tetragonula carbonaria	O. Eusocial	Unknown	whole body	Australia	RNA	PRJNA687066	2017	September	Paired	POLYA	BGISEQ-500	BGISEQ	BGISEQ	Tetragonula	Apidae	Apinae	Meliponini	whole body	whole body	Oceania
SRR13442831	Apis mellifera	O. Eusocial	Unknown	whole body	Australia	RNA	PRJNA687066	2017	September	Paired	POLYA	BGISEQ-500	BGISEQ	BGISEQ	Apis	Apidae	Apinae	Apini	whole body	whole body	Oceania
SRR13404631	Andrena 	Solitary	Unknown	pooled whole bodies 	Israel	RNA	PRJNA687318	2018	March	Paired	RT-PCR	Illumina HiSeq 4000	Illumina	Illumina HiSeq	Andrena	Andrenidae	Andreninae	Andrenini	whole body, pooled	whole body	Asia
SRR13404632	Apis mellifera	O. Eusocial	Unknown	pooled whole bodies 	Israel	RNA	PRJNA687318	2018	March	Paired	RT-PCR	Illumina HiSeq 4000	Illumina	Illumina HiSeq	Apis	Apidae	Apinae	Apini	whole body, pooled	whole body	Asia
SRR13404633	Andrena 	Solitary	Unknown	pooled whole bodies 	Israel	RNA	PRJNA687318	2018	March	Paired	RT-PCR	Illumina HiSeq 4000	Illumina	Illumina HiSeq	Andrena	Andrenidae	Andreninae	Andrenini	whole body, pooled	whole body	Asia
SRR13404634	Apis mellifera	O. Eusocial	Unknown	pooled whole bodies 	Israel	RNA	PRJNA687318	2018	March	Paired	RT-PCR	Illumina HiSeq 4000	Illumina	Illumina HiSeq	Apis	Apidae	Apinae	Apini	whole body, pooled	whole body	Asia
SRR13404635	Andrena 	Solitary	Unknown	pooled whole bodies 	Israel	RNA	PRJNA687318	2018	March	Paired	RT-PCR	Illumina HiSeq 4000	Illumina	Illumina HiSeq	Andrena	Andrenidae	Andreninae	Andrenini	whole body, pooled	whole body	Asia
SRR13404636	Apis mellifera	O. Eusocial	Unknown	pooled whole bodies 	Israel	RNA	PRJNA687318	2018	March	Paired	RT-PCR	Illumina HiSeq 4000	Illumina	Illumina HiSeq	Apis	Apidae	Apinae	Apini	whole body, pooled	whole body	Asia
SRR13404640	Andrena 	Solitary	Unknown	pooled whole bodies 	Israel	RNA	PRJNA687318	2018	March	Paired	RT-PCR	Illumina HiSeq 4000	Illumina	Illumina HiSeq	Andrena	Andrenidae	Andreninae	Andrenini	whole body, pooled	whole body	Asia
SRR13404641	Apis mellifera	O. Eusocial	Unknown	pooled whole bodies 	Israel	RNA	PRJNA687318	2018	March	Paired	RT-PCR	Illumina HiSeq 4000	Illumina	Illumina HiSeq	Apis	Apidae	Apinae	Apini	whole body, pooled	whole body	Asia
SRR13769013	Bombus	O. Eusocial	Unknown	pooled whole bodies (293)	Scotland	RNA	PRJNA704259	2021	NA	Paired	RT-PCR	MGI DNBSEQ-G400	MGI	MGI	Bombus	Apidae	Apinae	Bombini	whole body, pooled	whole body	Europe
SRR13769014	Bombus pascuorum	O. Eusocial	Unknown	pooled whole bodies (182)	Scotland	RNA	PRJNA704259	2021	NA	Paired	RT-PCR	MGI DNBSEQ-G400	MGI	MGI	Bombus	Apidae	Apinae	Bombini	whole body, pooled	whole body	Europe
SRR13769015	Bombus pascuorum	O. Eusocial	Unknown	pooled whole bodies (182)	Scotland	RNA	PRJNA704259	2021	NA	Paired	RT-PCR	MGI DNBSEQ-G400	MGI	MGI	Bombus	Apidae	Apinae	Bombini	whole body, pooled	whole body	Europe
SRR13769016	Bombus lucorum	O. Eusocial	Unknown	pooled whole bodies (212)	Scotland	RNA	PRJNA704259	2021	NA	Paired	RT-PCR	MGI DNBSEQ-G400	MGI	MGI	Bombus	Apidae	Apinae	Bombini	whole body, pooled	whole body	Europe
SRR13769017	Bombus lucorum	O. Eusocial	Unknown	pooled whole bodies (212)	Scotland	RNA	PRJNA704259	2021	NA	Paired	RT-PCR	MGI DNBSEQ-G400	MGI	MGI	Bombus	Apidae	Apinae	Bombini	whole body, pooled	whole body	Europe
SRR13769018	Bombus terrestris	O. Eusocial	Unknown	pooled whole bodies (239)	Scotland	RNA	PRJNA704259	2021	NA	Paired	RT-PCR	MGI DNBSEQ-G400	MGI	MGI	Bombus	Apidae	Apinae	Bombini	whole body, pooled	whole body	Europe
SRR13769019	Bombus terrestris	O. Eusocial	Unknown	pooled whole bodies (239)	Scotland	RNA	PRJNA704259	2021	NA	Paired	RT-PCR	MGI DNBSEQ-G400	MGI	MGI	Bombus	Apidae	Apinae	Bombini	whole body, pooled	whole body	Europe
SRR14567209	Bombus terricola	O. Eusocial	Unknown	abdomen	Canada	RNA	PRJNA730495	2021	NA	Paired	CDNA	Illumina HiSeq 4000	Illumina	Illumina HiSeq	Bombus	Apidae	Apinae	Bombini	abdomen	abdomen	North America
SRR14567210	Bombus terricola	O. Eusocial	Unknown	abdomen	Canada	RNA	PRJNA730495	2021	NA	Paired	CDNA	Illumina HiSeq 4000	Illumina	Illumina HiSeq	Bombus	Apidae	Apinae	Bombini	abdomen	abdomen	North America
SRR14567211	Bombus terricola	O. Eusocial	Unknown	abdomen	Canada	RNA	PRJNA730495	2021	NA	Paired	CDNA	Illumina HiSeq 4000	Illumina	Illumina HiSeq	Bombus	Apidae	Apinae	Bombini	abdomen	abdomen	North America
SRR14567212	Bombus terricola	O. Eusocial	Unknown	abdomen	Canada	RNA	PRJNA730495	2021	NA	Paired	CDNA	Illumina HiSeq 4000	Illumina	Illumina HiSeq	Bombus	Apidae	Apinae	Bombini	abdomen	abdomen	North America
SRR14567213	Bombus terricola	O. Eusocial	Unknown	abdomen	Canada	RNA	PRJNA730495	2021	NA	Paired	CDNA	Illumina HiSeq 4000	Illumina	Illumina HiSeq	Bombus	Apidae	Apinae	Bombini	abdomen	abdomen	North America
SRR14567214	Bombus terricola	O. Eusocial	Unknown	abdomen	Canada	RNA	PRJNA730495	2021	NA	Paired	CDNA	Illumina HiSeq 4000	Illumina	Illumina HiSeq	Bombus	Apidae	Apinae	Bombini	abdomen	abdomen	North America
SRR14567217	Bombus terricola	O. Eusocial	Unknown	abdomen	Canada	RNA	PRJNA730495	2021	NA	Paired	CDNA	Illumina HiSeq 4000	Illumina	Illumina HiSeq	Bombus	Apidae	Apinae	Bombini	abdomen	abdomen	North America
SRR14567218	Bombus terricola	O. Eusocial	Unknown	abdomen	Canada	RNA	PRJNA730495	2021	NA	Paired	CDNA	Illumina HiSeq 4000	Illumina	Illumina HiSeq	Bombus	Apidae	Apinae	Bombini	abdomen	abdomen	North America
SRR14567219	Bombus terricola	O. Eusocial	Unknown	abdomen	Canada	RNA	PRJNA730495	2021	NA	Paired	CDNA	Illumina HiSeq 4000	Illumina	Illumina HiSeq	Bombus	Apidae	Apinae	Bombini	abdomen	abdomen	North America
SRR14567220	Bombus terricola	O. Eusocial	Unknown	abdomen	Canada	RNA	PRJNA730495	2021	NA	Paired	CDNA	Illumina HiSeq 4000	Illumina	Illumina HiSeq	Bombus	Apidae	Apinae	Bombini	abdomen	abdomen	North America
SRR14567221	Bombus terricola	O. Eusocial	Unknown	abdomen	Canada	RNA	PRJNA730495	2021	NA	Paired	CDNA	Illumina HiSeq 4000	Illumina	Illumina HiSeq	Bombus	Apidae	Apinae	Bombini	abdomen	abdomen	North America
SRR14567222	Bombus terricola	O. Eusocial	Unknown	abdomen	Canada	RNA	PRJNA730495	2021	NA	Paired	CDNA	Illumina HiSeq 4000	Illumina	Illumina HiSeq	Bombus	Apidae	Apinae	Bombini	abdomen	abdomen	North America
SRR15496106	Apis mellifera	O. Eusocial	Female	abdomen	China	RNA	PRJNA754836	2021	May	Paired	PCR	Illumina NovaSeq 6000	Illumina	Illumina NovaSeq	Apis	Apidae	Apinae	Apini	abdomen	abdomen	Asia
SRR15496107	Apis mellifera	O. Eusocial	Female	abdomen	China	RNA	PRJNA754836	2021	May	Paired	PCR	Illumina NovaSeq 6000	Illumina	Illumina NovaSeq	Apis	Apidae	Apinae	Apini	abdomen	abdomen	Asia
SRR15496108	Apis mellifera	O. Eusocial	Female	abdomen	China	RNA	PRJNA754836	2021	May	Paired	PCR	Illumina NovaSeq 6000	Illumina	Illumina NovaSeq	Apis	Apidae	Apinae	Apini	abdomen	abdomen	Asia
SRR15496109	Apis mellifera	O. Eusocial	Female	abdomen	China	RNA	PRJNA754836	2021	May	Paired	PCR	Illumina NovaSeq 6000	Illumina	Illumina NovaSeq	Apis	Apidae	Apinae	Apini	abdomen	abdomen	Asia
SRR15496114	Apis mellifera	O. Eusocial	Female	abdomen	China	RNA	PRJNA754836	2021	May	Paired	PCR	Illumina NovaSeq 6000	Illumina	Illumina NovaSeq	Apis	Apidae	Apinae	Apini	abdomen	abdomen	Asia
SRR15496115	Apis mellifera	O. Eusocial	Female	abdomen	China	RNA	PRJNA754836	2021	May	Paired	PCR	Illumina NovaSeq 6000	Illumina	Illumina NovaSeq	Apis	Apidae	Apinae	Apini	abdomen	abdomen	Asia
SRR17475010	Apis mellifera	O. Eusocial	Female	abdomen	China	RNA	PRJNA793424	2020	September	Paired	RANDOM	Illumina NovaSeq 6000	Illumina	Illumina NovaSeq	Apis	Apidae	Apinae	Apini	abdomen	abdomen	Asia
SRR17475011	Apis mellifera	O. Eusocial	Female	abdomen	China	RNA	PRJNA793424	2020	September	Paired	RANDOM	Illumina NovaSeq 6000	Illumina	Illumina NovaSeq	Apis	Apidae	Apinae	Apini	abdomen	abdomen	Asia
SRR17475012	Apis mellifera	O. Eusocial	Female	abdomen	China	RNA	PRJNA793424	2020	September	Paired	RANDOM	Illumina NovaSeq 6000	Illumina	Illumina NovaSeq	Apis	Apidae	Apinae	Apini	abdomen	abdomen	Asia
SRR17475013	Apis mellifera	O. Eusocial	Female	abdomen	China	RNA	PRJNA793424	2020	September	Paired	RANDOM	Illumina NovaSeq 6000	Illumina	Illumina NovaSeq	Apis	Apidae	Apinae	Apini	abdomen	abdomen	Asia
SRR17475014	Apis mellifera	O. Eusocial	Female	abdomen	China	RNA	PRJNA793424	2020	September	Paired	RANDOM	Illumina NovaSeq 6000	Illumina	Illumina NovaSeq	Apis	Apidae	Apinae	Apini	abdomen	abdomen	Asia
SRR18500042	Apis mellifera	O. Eusocial	Female	pooled whole bodies	New Zealand	RNA	PRJNA820512	2021	NA	Paired	NA	Illumina NovaSeq 6000	Illumina	Illumina NovaSeq	Apis	Apidae	Apinae	Apini	whole body, pooled	whole body	Oceania
SRR18500043	Apis mellifera	O. Eusocial	Female	pooled whole bodies	New Zealand	RNA	PRJNA820512	2021	NA	Paired	NA	Illumina NovaSeq 6000	Illumina	Illumina NovaSeq	Apis	Apidae	Apinae	Apini	whole body, pooled	whole body	Oceania
SRR18500044	Apis mellifera	O. Eusocial	Female	pooled whole bodies	New Zealand	RNA	PRJNA820512	2021	NA	Paired	NA	Illumina NovaSeq 6000	Illumina	Illumina NovaSeq	Apis	Apidae	Apinae	Apini	whole body, pooled	whole body	Oceania
SRR18500045	Apis mellifera	O. Eusocial	Female	pooled whole bodies	New Zealand	RNA	PRJNA820512	2021	NA	Paired	NA	Illumina NovaSeq 6000	Illumina	Illumina NovaSeq	Apis	Apidae	Apinae	Apini	whole body, pooled	whole body	Oceania
SRR18500050	Apis mellifera	O. Eusocial	Female	pooled whole bodies	New Zealand	RNA	PRJNA820512	2021	NA	Paired	NA	Illumina NovaSeq 6000	Illumina	Illumina NovaSeq	Apis	Apidae	Apinae	Apini	whole body, pooled	whole body	Oceania
SRR18500061	Apis mellifera	O. Eusocial	Female	pooled whole bodies	New Zealand	RNA	PRJNA820512	2021	NA	Paired	NA	Illumina NovaSeq 6000	Illumina	Illumina NovaSeq	Apis	Apidae	Apinae	Apini	whole body, pooled	whole body	Oceania
SRR18500072	Apis mellifera	O. Eusocial	Female	pooled whole bodies	New Zealand	RNA	PRJNA820512	2021	NA	Paired	NA	Illumina NovaSeq 6000	Illumina	Illumina NovaSeq	Apis	Apidae	Apinae	Apini	whole body, pooled	whole body	Oceania
SRR18500076	Apis mellifera	O. Eusocial	Female	pooled whole bodies	New Zealand	RNA	PRJNA820512	2021	NA	Paired	NA	Illumina NovaSeq 6000	Illumina	Illumina NovaSeq	Apis	Apidae	Apinae	Apini	whole body, pooled	whole body	Oceania
SRR18500077	Apis mellifera	O. Eusocial	Female	pooled whole bodies	New Zealand	RNA	PRJNA820512	2021	NA	Paired	NA	Illumina NovaSeq 6000	Illumina	Illumina NovaSeq	Apis	Apidae	Apinae	Apini	whole body, pooled	whole body	Oceania
SRR18500078	Apis mellifera	O. Eusocial	Female	pooled whole bodies	New Zealand	RNA	PRJNA820512	2021	NA	Paired	NA	Illumina NovaSeq 6000	Illumina	Illumina NovaSeq	Apis	Apidae	Apinae	Apini	whole body, pooled	whole body	Oceania
SRR18500079	Apis mellifera	O. Eusocial	Female	pooled whole bodies	New Zealand	RNA	PRJNA820512	2021	NA	Paired	NA	Illumina NovaSeq 6000	Illumina	Illumina NovaSeq	Apis	Apidae	Apinae	Apini	whole body, pooled	whole body	Oceania
SRR18500080	Apis mellifera	O. Eusocial	Female	pooled whole bodies	New Zealand	RNA	PRJNA820512	2021	NA	Paired	NA	Illumina NovaSeq 6000	Illumina	Illumina NovaSeq	Apis	Apidae	Apinae	Apini	whole body, pooled	whole body	Oceania
SRR18500081	Apis mellifera	O. Eusocial	Female	pooled whole bodies	New Zealand	RNA	PRJNA820512	2021	NA	Paired	NA	Illumina NovaSeq 6000	Illumina	Illumina NovaSeq	Apis	Apidae	Apinae	Apini	whole body, pooled	whole body	Oceania
SRR18500082	Apis mellifera	O. Eusocial	Female	pooled whole bodies	New Zealand	RNA	PRJNA820512	2021	NA	Paired	NA	Illumina NovaSeq 6000	Illumina	Illumina NovaSeq	Apis	Apidae	Apinae	Apini	whole body, pooled	whole body	Oceania
SRR18500083	Apis mellifera	O. Eusocial	Female	pooled whole bodies	New Zealand	RNA	PRJNA820512	2021	NA	Paired	NA	Illumina NovaSeq 6000	Illumina	Illumina NovaSeq	Apis	Apidae	Apinae	Apini	whole body, pooled	whole body	Oceania
SRR18500084	Apis mellifera	O. Eusocial	Female	pooled whole bodies	New Zealand	RNA	PRJNA820512	2021	NA	Paired	NA	Illumina NovaSeq 6000	Illumina	Illumina NovaSeq	Apis	Apidae	Apinae	Apini	whole body, pooled	whole body	Oceania
SRR18500085	Apis mellifera	O. Eusocial	Female	pooled whole bodies	New Zealand	RNA	PRJNA820512	2021	NA	Paired	NA	Illumina NovaSeq 6000	Illumina	Illumina NovaSeq	Apis	Apidae	Apinae	Apini	whole body, pooled	whole body	Oceania
SRR18500086	Apis mellifera	O. Eusocial	Female	pooled whole bodies	New Zealand	RNA	PRJNA820512	2021	NA	Paired	NA	Illumina NovaSeq 6000	Illumina	Illumina NovaSeq	Apis	Apidae	Apinae	Apini	whole body, pooled	whole body	Oceania
SRR18500087	Apis mellifera	O. Eusocial	Female	pooled whole bodies	New Zealand	RNA	PRJNA820512	2021	NA	Paired	NA	Illumina NovaSeq 6000	Illumina	Illumina NovaSeq	Apis	Apidae	Apinae	Apini	whole body, pooled	whole body	Oceania
SRR18500088	Apis mellifera	O. Eusocial	Female	pooled whole bodies	New Zealand	RNA	PRJNA820512	2021	NA	Paired	NA	Illumina NovaSeq 6000	Illumina	Illumina NovaSeq	Apis	Apidae	Apinae	Apini	whole body, pooled	whole body	Oceania
SRR18500089	Apis mellifera	O. Eusocial	Female	pooled whole bodies	New Zealand	RNA	PRJNA820512	2021	NA	Paired	NA	Illumina NovaSeq 6000	Illumina	Illumina NovaSeq	Apis	Apidae	Apinae	Apini	whole body, pooled	whole body	Oceania
SRR18500090	Apis mellifera	O. Eusocial	Female	pooled whole bodies	New Zealand	RNA	PRJNA820512	2021	NA	Paired	NA	Illumina NovaSeq 6000	Illumina	Illumina NovaSeq	Apis	Apidae	Apinae	Apini	whole body, pooled	whole body	Oceania
SRR18500091	Apis mellifera	O. Eusocial	Female	pooled whole bodies	New Zealand	RNA	PRJNA820512	2021	NA	Paired	NA	Illumina NovaSeq 6000	Illumina	Illumina NovaSeq	Apis	Apidae	Apinae	Apini	whole body, pooled	whole body	Oceania
