"sample_name","uploader","upload_date","overall_job_status","runtime_seconds","total_reads","passed_filters","passed_filters_percent","total_ercc_reads","subsampled_fraction","quality_control","compression_ratio","reads_after_star","reads_after_trimmomatic","reads_after_priceseq","reads_after_cdhitdup","reads_after_idseq_dedup","reads_after_czid_dedup","host_organism","notes","insert_size_median","insert_size_mode","insert_size_median_absolute_deviation","insert_size_min","insert_size_max","insert_size_mean","insert_size_standard_deviation","insert_size_read_pairs","sample_type","nucleotide_type"
"AM_N_068","Lauren Mee","2022-09-08 07:38:16 -0700","COMPLETE",13250,47023956,21151562,44.98,0,0.450894,96.659,4.59,22363876,22360004,21616708,NA,NA,4705786,"Bee",NA,NA,NA,NA,NA,NA,NA,NA,NA,"Abdomen","RNA"
"AM_N_072","Lauren Mee","2022-09-08 07:38:16 -0700","COMPLETE",21604,58727372,33190070,56.516,0,0.322384,96.525,5.15,35063728,35059684,33845340,NA,NA,6569188,"Bee",NA,NA,NA,NA,NA,NA,NA,NA,NA,"Abdomen","RNA"
"SRR18500045","Lauren Mee","2022-09-12 09:48:45 -0700","COMPLETE",7730,55804110,3663068,6.564,0,1,97.49,4.35,4133362,4065070,4029592,NA,NA,927180,"Bee",NA,NA,NA,NA,NA,NA,NA,NA,NA,"10 Pooled Whole Bodies","RNA"
"SRR5109820","Lauren Mee","2022-09-12 12:49:38 -0700","COMPLETE",15453,40214438,10788810,26.828,0,0.268833,91.095,1.44,13838024,13834600,12605756,NA,NA,8755456,"Bee",NA,NA,NA,NA,NA,NA,NA,NA,NA,"Thorax and Abdomen","RNA"
"SRR5109826","Lauren Mee","2022-09-12 13:01:54 -0700","COMPLETE",13319,84044582,32107222,38.203,0,0.301947,93.657,4.28,36877094,36870848,34537920,NA,NA,8071804,"Bee",NA,NA,NA,NA,NA,NA,NA,NA,NA,"Thorax and Abdomen","RNA"
"SRR5109829","Lauren Mee","2022-09-12 13:15:32 -0700","COMPLETE",14641,90787598,49229325,54.225,12,0.195034,93.893,4.58,53927362,53920198,50633836,NA,NA,11047372,"Bee",NA,NA,NA,NA,NA,NA,NA,NA,NA,"Thorax and Abdomen","RNA"
"SRR5109831","Lauren Mee","2022-09-12 13:24:36 -0700","COMPLETE",12593,37640156,3503022,9.307,0,0.94364,84.854,1.65,5449796,5336026,4624368,NA,NA,2805780,"Bee",NA,NA,NA,NA,NA,NA,NA,NA,NA,"Thorax and Abdomen","RNA"
"SRR5109832","Lauren Mee","2022-09-12 13:37:38 -0700","COMPLETE",14085,89462246,10964692,12.256,4,0.344475,91.627,1.91,15091468,15076242,13827898,NA,NA,7255220,"Bee",NA,NA,NA,NA,NA,NA,NA,NA,NA,"Thorax and Abdomen","RNA"
"SRR5109833","Lauren Mee","2022-09-12 13:48:43 -0700","COMPLETE",12670,41030460,7322876,17.847,2,0.484788,91.034,1.74,9310580,9307700,8475822,NA,NA,4884552,"Bee",NA,NA,NA,NA,NA,NA,NA,NA,NA,"Thorax and Abdomen","RNA"
"SRR18500044","Lauren Mee","2022-09-12 14:20:26 -0700","COMPLETE",6006,61748118,249190,0.404,0,1,89.672,1.66,629220,578646,564234,NA,NA,339794,"Bee",NA,NA,NA,NA,NA,NA,NA,NA,NA,"10 Pooled Whole Bodies","RNA"
"SRR18500043","Lauren Mee","2022-09-12 14:31:28 -0700","COMPLETE",7127,49980378,1084470,2.17,0,1,92.894,1.91,1718296,1624946,1596196,NA,NA,836070,"Bee",NA,NA,NA,NA,NA,NA,NA,NA,NA,"10 Pooled Whole Bodies","RNA"
"SRR18500042","Lauren Mee","2022-09-12 14:42:28 -0700","COMPLETE",13055,55614222,19425307,34.929,0,0.49936,98.624,4.62,20515016,20375028,20232712,NA,NA,4379372,"Bee",NA,NA,NA,NA,NA,NA,NA,NA,NA,"10 Pooled Whole Bodies","RNA"
"SRR18500050","Lauren Mee","2022-09-12 14:52:34 -0700","COMPLETE",7705,46685198,5654588,12.112,2,1,94.796,4.13,6925048,6655100,6564644,NA,NA,1589874,"Bee",NA,NA,NA,NA,NA,NA,NA,NA,NA,"10 Pooled Whole Bodies","RNA"
"SRR18500061","Lauren Mee","2022-09-12 15:03:20 -0700","COMPLETE",3931,52798936,311124,0.589,0,1,87.293,1.73,723374,649622,631456,NA,NA,365484,"Bee",NA,NA,NA,NA,NA,NA,NA,NA,NA,"10 Pooled Whole Bodies","RNA"
"SRR18500072","Lauren Mee","2022-09-12 15:15:15 -0700","COMPLETE",7954,44812704,1883780,4.204,0,1,95.122,2.35,2509354,2418184,2386952,NA,NA,1016076,"Bee",NA,NA,NA,NA,NA,NA,NA,NA,NA,"10 Pooled Whole Bodies","RNA"
"SRR18500076","Lauren Mee","2022-09-12 15:27:06 -0700","COMPLETE",6138,49473290,782276,1.581,0,1,89.42,2.03,1558938,1428354,1394002,NA,NA,687886,"Bee",NA,NA,NA,NA,NA,NA,NA,NA,NA,"10 Pooled Whole Bodies","RNA"
"SRR18500077","Lauren Mee","2022-09-12 15:37:55 -0700","COMPLETE",11288,53602794,5809238,10.838,4,1,97.666,3.99,6393878,6294972,6244642,NA,NA,1563566,"Bee",NA,NA,NA,NA,NA,NA,NA,NA,NA,"10 Pooled Whole Bodies","RNA"
"SRR18500078","Lauren Mee","2022-09-12 15:52:53 -0700","COMPLETE",7642,60261536,5518262,9.157,0,1,97.541,4.57,6131396,6029510,5980602,NA,NA,1309754,"Bee",NA,NA,NA,NA,NA,NA,NA,NA,NA,"10 Pooled Whole Bodies","RNA"
"SRR18500079","Lauren Mee","2022-09-12 16:07:44 -0700","COMPLETE",10988,57307776,14422640,25.167,4,0.793527,98.808,5.45,14979362,14891142,14800848,NA,NA,2715954,"Bee",NA,NA,NA,NA,NA,NA,NA,NA,NA,"10 Pooled Whole Bodies","RNA"
"SRR18500080","Lauren Mee","2022-09-12 16:22:09 -0700","COMPLETE",8720,59327672,2821636,4.756,6,1,94.86,2.26,3714062,3571848,3523162,NA,NA,1558994,"Bee",NA,NA,NA,NA,NA,NA,NA,NA,NA,"10 Pooled Whole Bodies","RNA"
"SRR18500081","Lauren Mee","2022-09-13 02:28:33 -0700","COMPLETE",6271,70006470,430086,0.614,0,1,91.578,1.82,911994,852932,835184,NA,NA,460098,"Bee",NA,NA,NA,NA,NA,NA,NA,NA,NA,"10 Pooled Whole Bodies","RNA"
"SRR18500082","Lauren Mee","2022-09-13 02:42:22 -0700","COMPLETE",5353,56283654,368188,0.654,0,1,88.878,1.77,832480,758064,739892,NA,NA,417914,"Bee",NA,NA,NA,NA,NA,NA,NA,NA,NA,"10 Pooled Whole Bodies","RNA"
"SRR18500083","Lauren Mee","2022-09-13 02:53:28 -0700","COMPLETE",6091,61193534,1663444,2.718,0,1,93.377,2.94,2465000,2341814,2301744,NA,NA,783868,"Bee",NA,NA,NA,NA,NA,NA,NA,NA,NA,"10 Pooled Whole Bodies","RNA"
"SRR18500084","Lauren Mee","2022-09-13 03:02:48 -0700","COMPLETE",7056,58357552,3278296,5.618,0,1,96.161,3.61,4084092,3970934,3927310,NA,NA,1088748,"Bee",NA,NA,NA,NA,NA,NA,NA,NA,NA,"10 Pooled Whole Bodies","RNA"
"SRR18500085","Lauren Mee","2022-09-13 03:09:13 -0700","COMPLETE",10927,42643264,2819918,6.613,0,1,97.421,1.89,4649048,4571794,4529124,NA,NA,2396176,"Bee",NA,NA,NA,NA,NA,NA,NA,NA,NA,"10 Pooled Whole Bodies","RNA"
"SRR18500086","Lauren Mee","2022-09-13 03:15:56 -0700","COMPLETE",6758,47757222,887274,1.858,0,1,92.308,2.03,1647936,1550572,1521176,NA,NA,750036,"Bee",NA,NA,NA,NA,NA,NA,NA,NA,NA,"10 Pooled Whole Bodies","RNA"
"SRR18500087","Lauren Mee","2022-09-13 03:23:42 -0700","COMPLETE",5518,52955132,795010,1.501,0,1,95.045,1.69,1313532,1267382,1248448,NA,NA,738936,"Bee",NA,NA,NA,NA,NA,NA,NA,NA,NA,"10 Pooled Whole Bodies","RNA"
"SRR18500088","Lauren Mee","2022-09-13 03:31:48 -0700","COMPLETE",8148,43416592,1488066,3.427,0,1,98.606,2.46,3430908,3405128,3383096,NA,NA,1377060,"Bee",NA,NA,NA,NA,NA,NA,NA,NA,NA,"10 Pooled Whole Bodies","RNA"
"SRR18500089","Lauren Mee","2022-09-13 03:40:00 -0700","COMPLETE",7105,45018452,3889498,8.64,0,1,97.896,4.14,4250164,4195534,4160734,NA,NA,1004604,"Bee",NA,NA,NA,NA,NA,NA,NA,NA,NA,"10 Pooled Whole Bodies","RNA"
"SRR18500090","Lauren Mee","2022-09-13 03:50:18 -0700","COMPLETE",10978,53962136,14197653,26.31,0,0.685702,98.834,4.6,15195172,15107368,15017922,NA,NA,3261348,"Bee",NA,NA,NA,NA,NA,NA,NA,NA,NA,"10 Pooled Whole Bodies","RNA"
"SRR18500091","Lauren Mee","2022-09-13 04:03:36 -0700","COMPLETE",7468,69089802,4608902,6.671,0,1,97.521,3.23,5296682,5210892,5165356,NA,NA,1599820,"Bee",NA,NA,NA,NA,NA,NA,NA,NA,NA,"10 Pooled Whole Bodies","RNA"
"SRR17475010","Lauren Mee","2022-09-13 05:09:51 -0700","COMPLETE",2946,42186296,33982,0.081,0,1,74.125,1.28,2619468,2384232,1941692,NA,NA,1517340,"Bee",NA,NA,NA,NA,NA,NA,NA,NA,NA,"abdomen","RNA"
"SRR17475011","Lauren Mee","2022-09-13 05:20:22 -0700","COMPLETE",2809,50096928,34214,0.068,0,1,78.759,1.29,2680432,2628514,2111092,NA,NA,1642686,"Bee",NA,NA,NA,NA,NA,NA,NA,NA,NA,"abdomen","RNA"
"SRR17475012","Lauren Mee","2022-09-13 05:31:28 -0700","COMPLETE",2347,44898062,45340,0.101,0,1,77.954,1.28,2146872,2117760,1673574,NA,NA,1311032,"Bee",NA,NA,NA,NA,NA,NA,NA,NA,NA,"abdomen","RNA"
"SRR17475013","Lauren Mee","2022-09-13 05:43:10 -0700","COMPLETE",2953,46938186,60814,0.13,0,1,77.611,1.29,2627410,2565436,2039154,NA,NA,1580624,"Bee",NA,NA,NA,NA,NA,NA,NA,NA,NA,"abdomen","RNA"
"SRR17475014","Lauren Mee","2022-09-13 05:55:58 -0700","COMPLETE",7710,53344318,102200,0.192,0,1,72.696,1.29,2924628,2886288,2126076,NA,NA,1654454,"Bee",NA,NA,NA,NA,NA,NA,NA,NA,NA,"abdomen","RNA"
"SRR13404632","Lauren Mee","2022-09-13 06:36:33 -0700","COMPLETE",15137,111277030,14105556,12.676,0,0.159764,92.973,3.1,55131740,55130722,51257602,NA,NA,16509876,"Bee",NA,NA,NA,NA,NA,NA,NA,NA,NA,"pooled whole bodies ","RNA"
"SRR13404634","Lauren Mee","2022-09-13 06:52:20 -0700","COMPLETE",10389,91329024,24547584,26.878,0,0.15173,91.461,1.88,31971340,31970836,29241156,NA,NA,15525502,"Bee",NA,NA,NA,NA,NA,NA,NA,NA,NA,"pooled whole bodies ","RNA"
"SRR13404636","Lauren Mee","2022-09-13 07:05:46 -0700","COMPLETE",14492,83834060,14876594,17.745,0,0.157268,91.88,2.03,33832526,33831842,31085312,NA,NA,15346692,"Bee",NA,NA,NA,NA,NA,NA,NA,NA,NA,"pooled whole bodies ","RNA"
"SRR13404641","Lauren Mee","2022-09-13 07:18:49 -0700","COMPLETE",11420,81608252,21329931,26.137,0,0.17901,92.202,1.98,25447874,25447754,23463416,NA,NA,11838122,"Bee",NA,NA,NA,NA,NA,NA,NA,NA,NA,"pooled whole bodies ","RNA"
"SRR13189057","Lauren Mee","2022-09-13 07:25:42 -0700","COMPLETE",3441,32850332,541830,1.649,0,1,88.313,1.34,1120082,1118552,989180,NA,NA,735786,"Bee",NA,NA,NA,NA,NA,NA,NA,NA,NA,"gut","RNA"
"SRR13189058","Lauren Mee","2022-09-13 07:32:06 -0700","COMPLETE",5758,37358100,1746758,4.676,0,1,92.744,1.47,2395380,2391882,2221560,NA,NA,1511204,"Bee",NA,NA,NA,NA,NA,NA,NA,NA,NA,"gut","RNA"
"SRR13189059","Lauren Mee","2022-09-13 07:38:50 -0700","COMPLETE",3282,35753438,793256,2.219,0,1,88.561,1.34,1332284,1329394,1179886,NA,NA,877364,"Bee",NA,NA,NA,NA,NA,NA,NA,NA,NA,"gut","RNA"
"SRR13189063","Lauren Mee","2022-09-13 07:45:49 -0700","COMPLETE",2247,36666998,65498,0.179,0,1,80.568,1.25,538084,537050,433524,NA,NA,345492,"Bee",NA,NA,NA,NA,NA,NA,NA,NA,NA,"gut","RNA"
"SRR13189066","Lauren Mee","2022-09-13 07:53:05 -0700","COMPLETE",8078,37086520,8402379,22.656,0,0.753076,96.248,2.96,9306788,9304196,8957590,NA,NA,3022168,"Bee",NA,NA,NA,NA,NA,NA,NA,NA,NA,"gut","RNA"
"SRR13189067","Lauren Mee","2022-09-13 08:00:31 -0700","COMPLETE",1730,37577972,29510,0.079,0,1,73.011,1.28,537530,535864,392456,NA,NA,305604,"Bee",NA,NA,NA,NA,NA,NA,NA,NA,NA,"gut","RNA"
"SRR8867392","Lauren Mee","2022-09-13 09:10:45 -0700","COMPLETE",8740,27672054,10476763,37.86,0,0.497905,88.601,2.6,11964896,11920944,10601054,NA,NA,4077740,"Bee",NA,NA,NA,NA,NA,NA,NA,NA,NA,"pooled whole bodies","RNA"
"SRR8867393","Lauren Mee","2022-09-13 09:18:06 -0700","COMPLETE",9044,35562276,7260412,20.416,0,0.978504,85.876,3.49,8675934,8570490,7450534,NA,NA,2137104,"Bee",NA,NA,NA,NA,NA,NA,NA,NA,NA,"pooled whole bodies","RNA"
"SRR8867394","Lauren Mee","2022-09-13 09:28:00 -0700","COMPLETE",17199,47278224,30598702,64.72,0,0.268696,88.164,4.1,34834528,34571388,30711396,NA,NA,7495888,"Bee",NA,NA,NA,NA,NA,NA,NA,NA,NA,"pooled whole bodies","RNA"
"SRR8867395","Lauren Mee","2022-09-13 09:33:42 -0700","COMPLETE",7188,24509166,1374120,5.607,0,1,74.257,1.57,2109754,2053586,1566646,NA,NA,995058,"Bee",NA,NA,NA,NA,NA,NA,NA,NA,NA,"pooled whole bodies","RNA"
"SRR8754036","Lauren Mee","2022-09-13 09:39:45 -0700","COMPLETE",1542,33156916,105284,0.318,0,1,83.457,1.26,548342,548148,457632,NA,NA,362802,"Bee",NA,NA,NA,NA,NA,NA,NA,NA,NA,"whole body","RNA"
"SRR8754037","Lauren Mee","2022-09-13 09:45:40 -0700","COMPLETE",1582,30570846,25584,0.084,0,1,80.733,1.28,665710,665258,537444,NA,NA,420328,"Bee",NA,NA,NA,NA,NA,NA,NA,NA,NA,"whole body","RNA"
"SRR8754038","Lauren Mee","2022-09-13 09:52:43 -0700","COMPLETE",2069,34058376,117912,0.346,0,1,84.974,1.3,873046,872454,741866,NA,NA,572666,"Bee",NA,NA,NA,NA,NA,NA,NA,NA,NA,"whole body","RNA"
"SRR8754039","Lauren Mee","2022-09-13 09:58:00 -0700","COMPLETE",10454,29089854,11645862,40.034,0,1,92.019,5.57,12850798,12850624,11825204,NA,NA,2123418,"Bee",NA,NA,NA,NA,NA,NA,NA,NA,NA,"whole body","RNA"
"SRR8754040","Lauren Mee","2022-09-13 10:02:43 -0700","COMPLETE",1203,24981824,107348,0.43,0,1,81.214,1.27,773232,773032,627976,NA,NA,496076,"Bee",NA,NA,NA,NA,NA,NA,NA,NA,NA,"whole body","RNA"
"SRR8754041","Lauren Mee","2022-09-13 10:06:33 -0700","COMPLETE",1235,21312870,18132,0.085,0,1,82.545,1.22,511288,511192,422044,NA,NA,346500,"Bee",NA,NA,NA,NA,NA,NA,NA,NA,NA,"whole body","RNA"
"SRR8754042","Lauren Mee","2022-09-13 10:15:45 -0700","COMPLETE",3141,42523320,53758,0.126,0,1,85.344,1.3,1033930,1033526,882392,NA,NA,678440,"Bee",NA,NA,NA,NA,NA,NA,NA,NA,NA,"whole body","RNA"
"SRR8754043","Lauren Mee","2022-09-13 10:21:33 -0700","COMPLETE",3817,26427434,44744,0.169,0,1,79.568,1.33,606098,605892,482260,NA,NA,363256,"Bee",NA,NA,NA,NA,NA,NA,NA,NA,NA,"whole body","RNA"
"SRR8754044","Lauren Mee","2022-09-13 10:25:35 -0700","COMPLETE",2957,20601326,26620,0.129,0,1,75.055,1.1,533456,533272,400386,NA,NA,363696,"Bee",NA,NA,NA,NA,NA,NA,NA,NA,NA,"whole body","RNA"
"SRR15496106","Lauren Mee","2022-09-14 01:39:52 -0700","COMPLETE",3324,20477101,193945,0.947,0,1,99.999,1.78,291142,291142,291138,NA,NA,163463,"Bee",NA,NA,NA,NA,NA,NA,NA,NA,NA,"abdomen","RNA"
"SRR15496107","Lauren Mee","2022-09-14 01:41:04 -0700","COMPLETE",3036,20477101,186061,0.909,0,1,100,1.87,290850,290849,290849,NA,NA,155200,"Bee",NA,NA,NA,NA,NA,NA,NA,NA,NA,"abdomen","RNA"
"SRR15496108","Lauren Mee","2022-09-14 01:42:15 -0700","COMPLETE",2609,23558338,124631,0.529,0,1,99.999,1.34,232542,232540,232539,NA,NA,173506,"Bee",NA,NA,NA,NA,NA,NA,NA,NA,NA,"abdomen","RNA"
"SRR15496109","Lauren Mee","2022-09-14 01:43:35 -0700","COMPLETE",2667,23558338,114452,0.486,0,1,100,1.44,211213,211213,211213,NA,NA,147019,"Bee",NA,NA,NA,NA,NA,NA,NA,NA,NA,"abdomen","RNA"
"SRR15496114","Lauren Mee","2022-09-14 01:44:56 -0700","COMPLETE",2602,22211064,962325,4.333,0,1,99.999,5.66,1052279,1052279,1052269,NA,NA,186039,"Bee",NA,NA,NA,NA,NA,NA,NA,NA,NA,"abdomen","RNA"
"SRR15496115","Lauren Mee","2022-09-14 01:46:12 -0700","COMPLETE",2948,22211064,954878,4.299,0,1,100,6.73,1040975,1040975,1040975,NA,NA,154577,"Bee",NA,NA,NA,NA,NA,NA,NA,NA,NA,"abdomen","RNA"
"SRR8335255","Lauren Mee","2022-09-14 03:13:45 -0700","COMPLETE",5800,57832244,1026532,1.775,0,1,79.973,1.2,2102230,2095590,1681208,NA,NA,1396080,"Bee",NA,NA,NA,NA,NA,NA,NA,NA,NA,"whole body","RNA"
"SRR8335256","Lauren Mee","2022-09-14 03:25:36 -0700","COMPLETE",9514,55803140,6037420,10.819,0,0.487122,90.009,1.44,7861498,7851002,7076068,NA,NA,4897378,"Bee",NA,NA,NA,NA,NA,NA,NA,NA,NA,"whole body","RNA"
"SRR8335258","Lauren Mee","2022-09-14 03:53:44 -0700","COMPLETE",11566,61526972,4894912,7.956,0,0.506558,92.517,1.32,6933504,6931048,6414654,NA,NA,4865264,"Bee",NA,NA,NA,NA,NA,NA,NA,NA,NA,"whole body","RNA"
"SRR5387735","Lauren Mee","2022-09-14 04:02:21 -0700","COMPLETE",6354,31507082,3872134,12.29,0,1,64.962,2.73,6399648,6398256,4157358,NA,NA,1524248,"Bee",NA,NA,NA,NA,NA,NA,NA,NA,NA,"whole body","RNA"
"SRR5387737","Lauren Mee","2022-09-14 04:07:43 -0700","COMPLETE",10496,24077114,4229026,17.565,0,1,67.32,3.01,6645236,6644320,4473564,NA,NA,1487992,"Bee",NA,NA,NA,NA,NA,NA,NA,NA,NA,"whole body","RNA"
"SRR5387738","Lauren Mee","2022-09-14 04:13:20 -0700","COMPLETE",17648,26538502,7763959,29.255,0,0.859434,68.49,3.29,11868604,11867386,8128748,NA,NA,2469764,"Bee",NA,NA,NA,NA,NA,NA,NA,NA,NA,"whole body","RNA"
"SRR5117442","Lauren Mee","2022-09-14 04:30:39 -0700","COMPLETE",16096,61193250,51063404,83.446,0,0.100436,91.658,2.59,56403774,56400314,51698510,NA,NA,19961778,"Bee",NA,NA,NA,NA,NA,NA,NA,NA,NA,"whole body","RNA"
"SRR5117444","Lauren Mee","2022-09-14 05:30:56 -0700","COMPLETE",27549,118366806,94437795,79.784,0,0.0705919,84.138,3.37,113824630,113818236,95769528,NA,NA,28443540,"Bee",NA,NA,NA,NA,NA,NA,NA,NA,NA,"whole body","RNA"
"SRR5117446","Lauren Mee","2022-09-14 06:09:32 -0700","COMPLETE",12481,60012246,31896239,53.15,0,0.339688,88.244,5.58,37767314,36462930,33327492,NA,NA,5973620,"Bee",NA,NA,NA,NA,NA,NA,NA,NA,NA,"whole body","RNA"
"SRR5117447","Lauren Mee","2022-09-14 06:32:07 -0700","COMPLETE",28594,105713768,71773861,67.895,0,0.0931836,85.932,3.36,85126400,85112134,73151114,NA,NA,21773874,"Bee",NA,NA,NA,NA,NA,NA,NA,NA,NA,"whole body","RNA"
"SRR5117448","Lauren Mee","2022-09-14 06:51:40 -0700","COMPLETE",15703,78728734,68932708,87.557,0,0.0947479,90.723,3.33,77103392,77100754,69950370,NA,NA,20988820,"Bee",NA,NA,NA,NA,NA,NA,NA,NA,NA,"whole body","RNA"
"SRR5117449","Lauren Mee","2022-09-14 07:16:07 -0700","COMPLETE",16740,96652584,60586062,62.684,0,0.124372,86.033,3.85,72143522,72138234,62067206,NA,NA,16137048,"Bee",NA,NA,NA,NA,NA,NA,NA,NA,NA,"whole body","RNA"
"SRR5117450","Lauren Mee","2022-09-14 07:38:57 -0700","COMPLETE",14975,74494242,46753282,62.761,0,0.120136,84.09,2.84,57050864,56893602,47974044,NA,NA,16880852,"Bee",NA,NA,NA,NA,NA,NA,NA,NA,NA,"whole body","RNA"
"SRR1790685","Lauren Mee","2022-09-14 07:52:33 -0700","COMPLETE",2424,53051222,196090,0.37,0,1,80.476,1.58,481738,481738,387682,NA,NA,244880,"Bee",NA,NA,NA,NA,NA,NA,NA,NA,NA,"pool of abdomens and fat bodies","RNA"
"SRR1790686","Lauren Mee","2022-09-14 08:02:45 -0700","COMPLETE",4515,51231170,251690,0.491,0,1,76.182,1.36,591040,591040,450266,NA,NA,331200,"Bee",NA,NA,NA,NA,NA,NA,NA,NA,NA,"pool of abdomens and fat bodies","RNA"
"SRR1790687","Lauren Mee","2022-09-14 08:13:03 -0700","COMPLETE",5677,53823222,355314,0.66,0,1,77.25,1.49,944750,944750,729816,NA,NA,489032,"Bee",NA,NA,NA,NA,NA,NA,NA,NA,NA,"pool of abdomens and fat bodies","RNA"
"SRR13442815","Lauren Mee","2022-09-16 05:52:43 -0700","COMPLETE",5361,60540408,4991394,8.245,1,0.458075,100,2.81,6772000,6772000,6772000,NA,NA,2407205,"Bee",NA,NA,NA,NA,NA,NA,NA,NA,NA,"whole body","RNA"
"SRR13442819","Lauren Mee","2022-09-16 06:28:25 -0700","COMPLETE",5414,73308784,1117304,1.524,0,1,100,1.67,1349092,1349091,1349091,NA,NA,807001,"Bee",NA,NA,NA,NA,NA,NA,NA,NA,NA,"whole body","RNA"
"SRR13442827","Lauren Mee","2022-09-16 06:56:54 -0700","COMPLETE",5160,60961386,3634277,5.962,0,0.62445,100,2.31,4019552,4019552,4019552,NA,NA,1739541,"Bee",NA,NA,NA,NA,NA,NA,NA,NA,NA,"whole body","RNA"
"SRR13442828","Lauren Mee","2022-09-16 07:06:56 -0700","COMPLETE",5408,60007442,6606635,11.01,0,0.556922,100,3.62,7007704,7007704,7007704,NA,NA,1935338,"Bee",NA,NA,NA,NA,NA,NA,NA,NA,NA,"whole body","RNA"
"SRR13442829","Lauren Mee","2022-09-16 07:16:50 -0700","COMPLETE",5626,60935568,6715364,11.02,2,0.475294,100,3.13,7075085,7075085,7075085,NA,NA,2257222,"Bee",NA,NA,NA,NA,NA,NA,NA,NA,NA,"whole body","RNA"
"SRR13442831","Lauren Mee","2022-09-16 07:38:19 -0700","COMPLETE",7879,60676216,5174282,8.528,1,0.428398,100,2.29,5793546,5793546,5793546,NA,NA,2524850,"Bee",NA,NA,NA,NA,NA,NA,NA,NA,NA,"whole body","RNA"
"BT_N_001","Lauren Mee","2022-10-12 07:46:40 -0700","COMPLETE",5440,2301810,780618,33.913,0,1,69.08,1.27,1810416,1801480,1250630,NA,NA,987162,"Bee",NA,NA,NA,NA,NA,NA,NA,NA,NA,"Abdomen","RNA"
"BT_N_025","Lauren Mee","2022-10-12 07:50:08 -0700","COMPLETE",10017,3447844,1430168,41.48,0,1,75.239,1.19,2668946,2653026,2008090,NA,NA,1690916,"Bee",NA,NA,NA,NA,NA,NA,NA,NA,NA,"Abdomen","RNA"
"BT_N_029","Lauren Mee","2022-10-12 07:50:31 -0700","COMPLETE",6441,2291362,870052,37.971,0,1,69.144,1.18,1875484,1861262,1296776,NA,NA,1101876,"Bee",NA,NA,NA,NA,NA,NA,NA,NA,NA,"Abdomen","RNA"
"CA_N_007","Lauren Mee","2022-10-12 07:50:50 -0700","COMPLETE",8257,4141006,1590942,38.419,0,1,86.354,1.63,3460040,3458618,2987868,NA,NA,1830286,"Bee",NA,NA,NA,NA,NA,NA,NA,NA,NA,"abdomen","RNA"
"CA_N_012","Lauren Mee","2022-10-12 07:51:11 -0700","COMPLETE",8472,3663756,1725866,47.106,0,1,85.279,1.44,3157384,3155960,2692576,NA,NA,1873456,"Bee",NA,NA,NA,NA,NA,NA,NA,NA,NA,"abdomen","RNA"
"CA_N_030","Lauren Mee","2022-10-12 07:51:32 -0700","COMPLETE",7014,3928358,1853894,47.193,0,1,84.785,1.41,3291134,3290032,2790394,NA,NA,1978136,"Bee",NA,NA,NA,NA,NA,NA,NA,NA,NA,"abdomen","RNA"
"SRR10034516","Lauren Mee","2022-10-14 04:11:18 -0700","COMPLETE",7393,23362346,1485726,6.359,0,1,87.661,2.94,5668038,5580838,4968650,NA,NA,1688110,"Bee",NA,NA,NA,NA,NA,NA,NA,NA,NA,"Midgut","RNA"
"SRR10034517","Lauren Mee","2022-10-14 04:12:35 -0700","COMPLETE",8834,26016414,1459900,5.611,0,1,87.092,3.26,5980842,5871106,5208858,NA,NA,1596690,"Bee",NA,NA,NA,NA,NA,NA,NA,NA,NA,"Midgut","RNA"
"SRR6148365","Lauren Mee","2022-10-14 04:14:00 -0700","COMPLETE",9480,9394920,7743653,82.424,2,0.345328,89.916,1.34,8853182,8823384,7960396,NA,NA,5937256,"Bee",NA,NA,NA,NA,NA,NA,NA,NA,NA,"pool of heads and abdomen","RNA"
"SRR6148367","Lauren Mee","2022-10-14 04:14:30 -0700","COMPLETE",10161,5412568,4070072,75.197,2,0.527923,86.17,1.09,4880784,4833152,4205784,NA,NA,3874318,"Bee",NA,NA,NA,NA,NA,NA,NA,NA,NA,"pool of heads and abdomen","RNA"
"SRR6148373","Lauren Mee","2022-10-14 04:14:52 -0700","COMPLETE",8996,12208970,9786446,80.158,0,0.252434,88.993,1.24,11403934,11385878,10148656,NA,NA,8162558,"Bee",NA,NA,NA,NA,NA,NA,NA,NA,NA,"pool of heads and abdomen","RNA"
"SRR6148377","Lauren Mee","2022-10-14 04:15:25 -0700","COMPLETE",11279,5023870,3704429,73.737,0,0.742466,89.515,1.39,4246878,4220386,3801572,NA,NA,2739398,"Bee",NA,NA,NA,NA,NA,NA,NA,NA,NA,"pool of heads and abdomen","RNA"
"SRR13404631","Lauren Mee","2022-10-14 09:11:52 -0700","COMPLETE",11540,46595672,6108144,13.109,0,0.278237,92.951,2.66,26558198,26557754,24686178,NA,NA,9289322,"Bee",NA,NA,NA,NA,NA,NA,NA,NA,NA,"pooled whole bodies","RNA"
"SRR13404633","Lauren Mee","2022-10-14 09:13:37 -0700","COMPLETE",12086,64376580,35163418,54.621,0,0.159017,93.352,3.44,53903782,53903430,50320066,NA,NA,14625130,"Bee",NA,NA,NA,NA,NA,NA,NA,NA,NA,"pooled whole bodies","RNA"
"SRR13404635","Lauren Mee","2022-10-14 09:15:58 -0700","COMPLETE",12248,36623010,10854103,29.637,0,0.238176,91.577,1.59,16758760,16758600,15347176,NA,NA,9624214,"Bee",NA,NA,NA,NA,NA,NA,NA,NA,NA,"pooled whole bodies","RNA"
"SRR13404640","Lauren Mee","2022-10-14 09:17:21 -0700","COMPLETE",12590,38382282,13825213,36.02,0,0.177727,92.831,1.83,25292168,25291838,23479060,NA,NA,12858558,"Bee",NA,NA,NA,NA,NA,NA,NA,NA,NA,"pooled whole bodies","RNA"
"SRR8335251","Lauren Mee","2022-10-14 09:18:50 -0700","COMPLETE",10359,6884458,4487507,65.183,0,0.637229,83.186,1.47,6820168,6807802,5673446,NA,NA,3865124,"Bee",NA,NA,NA,NA,NA,NA,NA,NA,NA,"whole body","RNA"
"SRR8335252","Lauren Mee","2022-10-14 09:19:19 -0700","COMPLETE",10385,6427038,3798657,59.104,0,0.758888,79.012,1.47,6317702,6305744,4991770,NA,NA,3392478,"Bee",NA,NA,NA,NA,NA,NA,NA,NA,NA,"whole body","RNA"
"SRR8335253","Lauren Mee","2022-10-14 09:19:50 -0700","COMPLETE",10581,9148200,5817963,63.597,0,0.469734,82.557,1.43,8993954,8977780,7425134,NA,NA,5204248,"Bee",NA,NA,NA,NA,NA,NA,NA,NA,NA,"whole body","RNA"
"SRR8335254","Lauren Mee","2022-10-14 09:20:30 -0700","COMPLETE",9054,5708620,3635042,63.676,0,0.753224,82.53,1.41,5616690,5600722,4635450,NA,NA,3285396,"Bee",NA,NA,NA,NA,NA,NA,NA,NA,NA,"whole body","RNA"
"SRR10034518","Lauren Mee","2022-10-15 03:25:41 -0700","COMPLETE",8368,25496388,1486712,5.831,0,1,88.845,2.86,7115128,7019648,6321408,NA,NA,2209466,"Bee",NA,NA,NA,NA,NA,NA,NA,NA,NA,"Midgut","RNA"
"SRR10034523","Lauren Mee","2022-10-15 03:31:10 -0700","COMPLETE",8255,34845954,1589564,4.562,0,1,87.041,4.12,6574298,6458398,5722328,NA,NA,1389438,"Bee",NA,NA,NA,NA,NA,NA,NA,NA,NA,"Midgut","RNA"
"SRR13769013","Lauren Mee","2022-10-15 03:38:52 -0700","COMPLETE",10065,17484268,14984808,85.705,0,0.236083,93.185,1.74,16830596,16830596,15683600,NA,NA,8996780,"Bee",NA,NA,NA,NA,NA,NA,NA,NA,NA,"pooled whole bodies (293)","RNA"
"SRR1380984","Lauren Mee","2022-10-15 03:39:38 -0700","COMPLETE",3677,7148770,1927964,26.969,0,1,61.023,1.57,4884928,4857734,2980926,NA,NA,1900714,"Bee",NA,NA,NA,NA,NA,NA,NA,NA,NA,"Gut","RNA"
"SRR12527928","Lauren Mee","2022-10-16 03:09:58 -0700","COMPLETE",11233,3512640,2302210,65.541,0,1,82.085,1.52,3350136,3305564,2749972,NA,NA,1804146,"Bee",NA,NA,NA,NA,NA,NA,NA,NA,NA,"whole body","RNA"
"SRR12527929","Lauren Mee","2022-10-16 03:10:19 -0700","COMPLETE",9816,662806,152376,22.99,0,1,47.742,1.16,594766,594490,283954,NA,NA,245212,"Bee",NA,NA,NA,NA,NA,NA,NA,NA,NA,"whole body","RNA"
"SRR12527962","Lauren Mee","2022-10-16 03:15:13 -0700","COMPLETE",10503,8277422,4614978,55.754,0,0.710433,86.638,1.7,7689662,7689378,6662168,NA,NA,3928928,"Bee",NA,NA,NA,NA,NA,NA,NA,NA,NA,"whole body","RNA"
"SRR12527963","Lauren Mee","2022-10-16 03:15:48 -0700","COMPLETE",5039,842906,156850,18.608,0,1,45.568,1.14,621756,621606,283320,NA,NA,248362,"Bee",NA,NA,NA,NA,NA,NA,NA,NA,NA,"whole body","RNA"
"SRR12527965","Lauren Mee","2022-10-16 03:16:00 -0700","COMPLETE",10297,7612260,4968363,65.268,0,0.474619,88.778,1.28,6983340,6983072,6199692,NA,NA,4855974,"Bee",NA,NA,NA,NA,NA,NA,NA,NA,NA,"whole body","RNA"
"SRR12527935","Lauren Mee","2022-10-17 01:22:37 -0700","COMPLETE",6810,4348214,681116,15.664,0,1,45.446,1.47,3793590,3791896,1724020,NA,NA,1173634,"Bee",NA,NA,NA,NA,NA,NA,NA,NA,NA,"whole body","RNA"
"SRR12527964","Lauren Mee","2022-10-17 01:30:12 -0700","COMPLETE",6125,1277234,340176,26.634,16,1,74.068,1.32,1079052,1078816,799228,NA,NA,606966,"Bee",NA,NA,NA,NA,NA,NA,NA,NA,NA,"whole body","RNA"
"SRR13769014","Lauren Mee","2022-10-17 01:33:17 -0700","COMPLETE",11065,5691354,5323265,93.532,0,0.507558,99.187,1.34,5617856,5617854,5572156,NA,NA,4150352,"Bee",NA,NA,NA,NA,NA,NA,NA,NA,NA,"pooled whole bodies (182)","RNA"
"SRR13769015","Lauren Mee","2022-10-17 01:33:42 -0700","COMPLETE",12641,6946090,6077986,87.502,0,0.489396,91.361,1.49,6862558,6862558,6269698,NA,NA,4212118,"Bee",NA,NA,NA,NA,NA,NA,NA,NA,NA,"pooled whole bodies (182)","RNA"
"SRR13769016","Lauren Mee","2022-10-17 01:34:37 -0700","COMPLETE",12501,6831040,6087722,89.119,0,0.376493,99.073,1.16,6527976,6527974,6467434,NA,NA,5598272,"Bee",NA,NA,NA,NA,NA,NA,NA,NA,NA,"pooled whole bodies (212)","RNA"
"SRR13769017","Lauren Mee","2022-10-17 01:35:02 -0700","COMPLETE",9882,7897406,6423106,81.332,0,0.376321,90.801,1.22,7450628,7450628,6765212,NA,NA,5548676,"Bee",NA,NA,NA,NA,NA,NA,NA,NA,NA,"pooled whole bodies (212)","RNA"
"SRR6148366","Lauren Mee","2022-10-17 01:36:02 -0700","COMPLETE",4825,716356,511080,71.344,0,1,77.581,1.34,681758,672410,528914,NA,NA,393446,"Bee",NA,NA,NA,NA,NA,NA,NA,NA,NA,"pool of heads and abdomen","RNA"
"SRR6148369","Lauren Mee","2022-10-17 01:36:14 -0700","COMPLETE",7032,1632458,1290520,79.054,2,1,83.469,1.17,1583458,1541656,1321692,NA,NA,1134166,"Bee",NA,NA,NA,NA,NA,NA,NA,NA,NA,"pool of heads and abdomen","RNA"
"SRR6148372","Lauren Mee","2022-10-17 01:36:29 -0700","COMPLETE",6572,1202346,883980,73.521,0,1,79.868,1.29,1143600,1084526,913374,NA,NA,707802,"Bee",NA,NA,NA,NA,NA,NA,NA,NA,NA,"pool of heads and abdomen","RNA"
"SRR6148376","Lauren Mee","2022-10-17 01:36:42 -0700","COMPLETE",9794,2311474,1871338,80.959,0,1,86.765,1.19,2235204,2196346,1939376,NA,NA,1633376,"Bee",NA,NA,NA,NA,NA,NA,NA,NA,NA,"pool of heads and abdomen","RNA"
"SRR1503129","Lauren Mee","2022-10-17 05:54:14 -0700","COMPLETE",12837,6747452,4106528,60.86,0,0.609754,85.387,1.26,6616752,6616740,5649826,NA,NA,4483074,"Bee",NA,NA,NA,NA,NA,NA,NA,NA,NA,"Whole Body","RNA"
"SRR3383871","Lauren Mee","2022-10-17 05:54:45 -0700","COMPLETE",3919,393764,97994,24.886,0,1,96.149,1.87,139913,134525,134525,NA,NA,71987,"Bee",NA,NA,NA,NA,NA,NA,NA,NA,NA,"head and abdomen (pooled 5 females)","RNA"
"ERR10123638","Lauren Mee","2022-10-18 01:27:49 -0700","COMPLETE",3584,1359738,213926,15.733,0,1,35.88,1.22,1295098,1283938,464680,NA,NA,382358,"Bee",NA,NA,NA,NA,NA,NA,NA,NA,NA,"abdomen","RNA"
"SRR12233573","Lauren Mee","2022-10-18 01:28:03 -0700","COMPLETE",15184,10291982,6435810,62.532,0,0.389273,78.264,1.26,9910422,9903364,7756318,NA,NA,6155884,"Bee",NA,NA,NA,NA,NA,NA,NA,NA,NA,"whole body","RNA"
"SRR12233820","Lauren Mee","2022-10-18 01:28:43 -0700","COMPLETE",19888,14091520,9067725,64.349,0,0.297571,79.427,1.36,13530318,13519250,10746770,NA,NA,7926922,"Bee",NA,NA,NA,NA,NA,NA,NA,NA,NA,"whole body","RNA"
"SRR12235348","Lauren Mee","2022-10-18 01:29:33 -0700","COMPLETE",17952,8267662,4424493,53.516,0,0.563748,71.125,1.26,7799426,7791308,5547334,NA,NA,4420062,"Bee",NA,NA,NA,NA,NA,NA,NA,NA,NA,"whole body","RNA"
"SRR12244814","Lauren Mee","2022-10-18 01:30:08 -0700","COMPLETE",11552,10543380,6731283,63.844,0,0.370822,81.445,1.25,10076248,10066516,8206580,NA,NA,6581490,"Bee",NA,NA,NA,NA,NA,NA,NA,NA,NA,"whole body","RNA"
"SRR12245258","Lauren Mee","2022-10-18 01:30:48 -0700","COMPLETE",16614,18093702,13342169,73.739,0,0.188154,86.703,1.26,17566912,17555752,15231118,NA,NA,12122382,"Bee",NA,NA,NA,NA,NA,NA,NA,NA,NA,"whole body","RNA"
"SRR12245523","Lauren Mee","2022-10-18 01:31:50 -0700","COMPLETE",13985,10468114,6773519,64.706,0,0.373796,82.105,1.27,10000110,9992844,8210582,NA,NA,6466972,"Bee",NA,NA,NA,NA,NA,NA,NA,NA,NA,"whole body","RNA"
"SRR12527934","Lauren Mee","2022-10-18 01:32:31 -0700","COMPLETE",10462,1541660,447544,29.03,0,1,65.486,1.13,1233268,1232764,807616,NA,NA,715510,"Bee",NA,NA,NA,NA,NA,NA,NA,NA,NA,"whole body","RNA"
"SRR12527936","Lauren Mee","2022-10-18 01:32:46 -0700","COMPLETE",7612,844488,308402,36.519,34,1,65.098,1.17,696044,695760,453110,NA,NA,386374,"Bee",NA,NA,NA,NA,NA,NA,NA,NA,NA,"whole body","RNA"
"SRR12527966","Lauren Mee","2022-10-18 01:37:12 -0700","COMPLETE",7991,5405828,1600372,29.605,12,1,89.369,1.53,4589590,4589454,4101680,NA,NA,2672372,"Bee",NA,NA,NA,NA,NA,NA,NA,NA,NA,"whole body","RNA"
"SRR1503088","Lauren Mee","2022-10-18 01:37:38 -0700","COMPLETE",4807,2723302,1940076,71.24,0,1,84.498,2.96,2585762,2585758,2184924,NA,NA,737834,"Bee",NA,NA,NA,NA,NA,NA,NA,NA,NA,"whole body","RNA"
"SRR3383869","Lauren Mee","2022-10-18 01:37:57 -0700","COMPLETE",4172,294898,115352,39.116,1,1,96.259,1.39,250596,241222,241222,NA,NA,173876,"Bee",NA,NA,NA,NA,NA,NA,NA,NA,NA,"head and abdomen (pooled 5 queens)","RNA"
"SRR6148378","Lauren Mee","2022-10-18 01:38:07 -0700","COMPLETE",6926,8277952,6332415,76.497,0,0.463204,84.677,1.47,7878684,7828672,6671434,NA,NA,4543760,"Bee",NA,NA,NA,NA,NA,NA,NA,NA,NA,"pool of heads and abdomen","RNA"
"SRR12527930","Lauren Mee","2022-10-18 03:27:46 -0700","COMPLETE",7304,18988910,2363766,12.448,0,1,82.894,3.62,5702650,5702576,4727174,NA,NA,1307450,"Bee",NA,NA,NA,NA,NA,NA,NA,NA,NA,"whole body","RNA"
"SRR12527932","Lauren Mee","2022-10-18 03:28:51 -0700","COMPLETE",8751,2436378,1634084,67.07,0,1,82.696,1.14,2370892,2370698,1960636,NA,NA,1721574,"Bee",NA,NA,NA,NA,NA,NA,NA,NA,NA,"whole body","RNA"
"SRR13769018","Lauren Mee","2022-10-18 03:29:08 -0700","COMPLETE",10960,6536334,5630048,86.135,0,0.409551,99.025,1.18,6181706,6181704,6121422,NA,NA,5171030,"Bee",NA,NA,NA,NA,NA,NA,NA,NA,NA,"pooled whole bodies (239)","RNA"
"SRR13769019","Lauren Mee","2022-10-18 03:29:33 -0700","COMPLETE",9930,7293814,6143073,84.223,0,0.404684,94.166,1.25,6923956,6923956,6520034,NA,NA,5230462,"Bee",NA,NA,NA,NA,NA,NA,NA,NA,NA,"pooled whole bodies (239)","RNA"
"SRR2396633","Lauren Mee","2022-10-18 03:30:01 -0700","COMPLETE",1853,212283,82059,38.655,0,1,54.199,1.36,162796,97582,88234,NA,NA,65093,"Bee",NA,NA,NA,NA,NA,NA,NA,NA,NA,"abdomen with fat bodies","RNA"
"SRR2396644","Lauren Mee","2022-10-18 03:30:27 -0700","COMPLETE",2404,343511,117749,34.278,0,1,52.326,1.41,243999,138870,127676,NA,NA,90584,"Bee",NA,NA,NA,NA,NA,NA,NA,NA,NA,"abdomen with fat bodies","RNA"
"SRR2396653","Lauren Mee","2022-10-18 03:30:35 -0700","COMPLETE",3867,955615,341575,35.744,0,1,55.226,1.44,674161,386286,372313,NA,NA,259220,"Bee",NA,NA,NA,NA,NA,NA,NA,NA,NA,"abdomen with fat bodies","RNA"
"SRR2396654","Lauren Mee","2022-10-18 03:30:45 -0700","COMPLETE",2680,340056,57990,17.053,0,1,30.268,1.33,209350,73019,63367,NA,NA,47519,"Bee",NA,NA,NA,NA,NA,NA,NA,NA,NA,"abdomen with fat bodies","RNA"
"SRR2396655","Lauren Mee","2022-10-18 03:30:53 -0700","COMPLETE",2234,502075,92958,18.515,0,1,44.595,1.54,230762,113013,102909,NA,NA,66766,"Bee",NA,NA,NA,NA,NA,NA,NA,NA,NA,"abdomen with fat bodies","RNA"
"SRR6148368","Lauren Mee","2022-10-18 03:31:20 -0700","COMPLETE",4186,1220458,593106,48.597,0,1,77.72,1.32,800306,740874,621996,NA,NA,472680,"Bee",NA,NA,NA,NA,NA,NA,NA,NA,NA,"pool of heads and abdomen","RNA"
"SRR11445089","Lauren Mee","2022-10-18 09:28:39 -0700","COMPLETE",6877,7596554,1343568,17.687,6,0.867789,83.621,1.95,5700768,5683016,4767010,NA,NA,2440262,"Bee",NA,NA,NA,NA,NA,NA,NA,NA,NA,"whole body (pool of 3)","RNA"
"SRR11445090","Lauren Mee","2022-10-18 09:29:07 -0700","COMPLETE",6513,6621976,1052408,15.893,0,0.946244,83.991,1.94,5150882,5121090,4326254,NA,NA,2235304,"Bee",NA,NA,NA,NA,NA,NA,NA,NA,NA,"whole body (pool of 3)","RNA"
"SRR11445091","Lauren Mee","2022-10-18 09:29:30 -0700","COMPLETE",7541,7437522,990043,13.311,0,0.859651,84.719,2.12,6158490,6146680,5217392,NA,NA,2460946,"Bee",NA,NA,NA,NA,NA,NA,NA,NA,NA,"whole body (pool of 3)","RNA"
"SRR11448239","Lauren Mee","2022-10-18 09:29:59 -0700","COMPLETE",7299,7114380,954052,13.41,8,0.915132,82.896,2.11,5867102,5846084,4863562,NA,NA,2310186,"Bee",NA,NA,NA,NA,NA,NA,NA,NA,NA,"whole body (pool of 3)","RNA"
"SRR11448240","Lauren Mee","2022-10-18 09:30:25 -0700","COMPLETE",6932,8842990,936230,10.587,0,0.820535,83.901,2.38,7259486,7239868,6090766,NA,NA,2561532,"Bee",NA,NA,NA,NA,NA,NA,NA,NA,NA,"whole body (pool of 3)","RNA"
"SRR11448241","Lauren Mee","2022-10-18 09:30:54 -0700","COMPLETE",7144,7366838,1064142,14.445,0,0.912985,83.948,2.31,6341910,6325442,5323886,NA,NA,2309372,"Bee",NA,NA,NA,NA,NA,NA,NA,NA,NA,"whole body (pool of 3)","RNA"
"SRR12527933","Lauren Mee","2022-10-18 09:31:21 -0700","COMPLETE",11867,1471660,714566,48.555,44,1,68.13,1.18,1352732,1352332,921622,NA,NA,778176,"Bee",NA,NA,NA,NA,NA,NA,NA,NA,NA,"whole body","RNA"
"SRR14567209","Lauren Mee","2022-10-18 09:34:03 -0700","COMPLETE",11225,17819084,14825685,83.201,0,0.191138,89.719,1.43,17388384,17367536,15600630,NA,NA,10875788,"Bee",NA,NA,NA,NA,NA,NA,NA,NA,NA,"abdomen","RNA"
"SRR14567210","Lauren Mee","2022-10-18 09:34:51 -0700","COMPLETE",8868,11064092,8784716,79.398,2,0.264084,87.191,1.18,10769384,10747302,9389930,NA,NA,7954726,"Bee",NA,NA,NA,NA,NA,NA,NA,NA,NA,"abdomen","RNA"
"SRR14567211","Lauren Mee","2022-10-18 09:35:23 -0700","COMPLETE",9822,7833378,5963696,76.132,0,0.606355,84.678,1.82,7558634,7536966,6400498,NA,NA,3514620,"Bee",NA,NA,NA,NA,NA,NA,NA,NA,NA,"abdomen","RNA"
"SRR14567212","Lauren Mee","2022-10-18 09:35:54 -0700","COMPLETE",10928,17216998,13847272,80.428,0,0.192688,88.986,1.36,16626800,16596548,14795550,NA,NA,10890902,"Bee",NA,NA,NA,NA,NA,NA,NA,NA,NA,"abdomen","RNA"
"SRR14567213","Lauren Mee","2022-10-18 09:36:38 -0700","COMPLETE",5878,3281370,1400848,42.691,0,1,66.649,1.34,2856680,2822136,1903958,NA,NA,1418330,"Bee",NA,NA,NA,NA,NA,NA,NA,NA,NA,"abdomen","RNA"
"SRR14567214","Lauren Mee","2022-10-18 09:36:56 -0700","COMPLETE",10513,5659714,3685257,65.114,2,0.612566,82.761,1.18,5121780,5087580,4238836,NA,NA,3596674,"Bee",NA,NA,NA,NA,NA,NA,NA,NA,NA,"abdomen","RNA"
"SRR14567217","Lauren Mee","2022-10-18 09:37:17 -0700","COMPLETE",10216,13241754,10172123,76.819,2,0.330754,85.298,1.69,12785072,12736700,10905412,NA,NA,6446476,"Bee",NA,NA,NA,NA,NA,NA,NA,NA,NA,"abdomen","RNA"
"SRR14567218","Lauren Mee","2022-10-18 09:37:54 -0700","COMPLETE",10284,6346846,4462466,70.31,0,0.723242,83.808,1.63,6001696,5956984,5029902,NA,NA,3080062,"Bee",NA,NA,NA,NA,NA,NA,NA,NA,NA,"abdomen","RNA"
"SRR14567219","Lauren Mee","2022-10-18 09:38:19 -0700","COMPLETE",4867,2171138,725434,33.413,0,1,69.086,1.37,1684944,1665516,1164066,NA,NA,849604,"Bee",NA,NA,NA,NA,NA,NA,NA,NA,NA,"abdomen","RNA"
"SRR14567220","Lauren Mee","2022-10-18 09:38:33 -0700","COMPLETE",12421,18523750,14748763,79.621,0,0.153412,88.353,1.17,17985880,17966604,15891008,NA,NA,13628174,"Bee",NA,NA,NA,NA,NA,NA,NA,NA,NA,"abdomen","RNA"
"SRR14567221","Lauren Mee","2022-10-18 09:39:20 -0700","COMPLETE",8175,8006750,5849884,73.062,0,0.576829,83.841,1.7,7600374,7571992,6372214,NA,NA,3749328,"Bee",NA,NA,NA,NA,NA,NA,NA,NA,NA,"abdomen","RNA"
"SRR14567222","Lauren Mee","2022-10-18 09:39:46 -0700","COMPLETE",8009,6900698,4647910,67.354,0,0.474696,82.598,1.16,6342272,6307594,5238618,NA,NA,4525958,"Bee",NA,NA,NA,NA,NA,NA,NA,NA,NA,"abdomen","RNA"
"SRR3383868","Lauren Mee","2022-10-18 09:40:42 -0700","COMPLETE",4555,816714,312762,38.295,2,1,88.627,1.37,577715,512009,512009,NA,NA,374363,"Bee",NA,NA,NA,NA,NA,NA,NA,NA,NA,"head and abdomen (pooled 5 queens)","RNA"
"SRR6148370","Lauren Mee","2022-10-18 09:40:53 -0700","COMPLETE",5373,1806064,898146,49.729,0,1,79.817,1.34,1183418,1135228,944566,NA,NA,705562,"Bee",NA,NA,NA,NA,NA,NA,NA,NA,NA,"pool of heads and abdomen","RNA"
"SRR6148374","Lauren Mee","2022-10-18 09:41:06 -0700","COMPLETE",9440,4041730,3038671,75.182,0,0.767004,87.431,1.17,3602500,3564738,3149696,NA,NA,2681980,"Bee",NA,NA,NA,NA,NA,NA,NA,NA,NA,"pool of heads and abdomen","RNA"
"SRR12527961","Lauren Mee","2022-10-19 01:29:11 -0700","COMPLETE",10276,2688114,549670,20.448,0,1,75.946,1.22,2491586,2491394,1892248,NA,NA,1544880,"Bee",NA,NA,NA,NA,NA,NA,NA,NA,NA,"whole body","RNA"
"SRR2915407","Lauren Mee","2022-10-19 01:29:31 -0700","COMPLETE",6128,2198920,1476892,67.164,0,1,87.148,1.2,1913228,1912472,1667342,NA,NA,1390708,"Bee",NA,NA,NA,NA,NA,NA,NA,NA,NA,"whole body","RNA"
"SRR2954866","Lauren Mee","2022-10-19 01:29:46 -0700","COMPLETE",5820,2152322,1454028,67.556,0,1,87.5,1.21,1873770,1873062,1639550,NA,NA,1360294,"Bee",NA,NA,NA,NA,NA,NA,NA,NA,NA,"whole body","RNA"
"SRR12053415","Lauren Mee","2022-10-20 03:08:45 -0700","COMPLETE",6884,26692928,19484769,72.996,0,0.190363,84.32,1.84,24763718,24550244,20880876,NA,NA,11357626,"Bee",NA,NA,NA,NA,NA,NA,NA,NA,NA,"abdomen","RNA"
"SRR12053427","Lauren Mee","2022-10-20 03:09:51 -0700","COMPLETE",7758,26556896,19413685,73.102,0,0.195797,84.146,1.88,24594518,24327084,20695218,NA,NA,10986202,"Bee",NA,NA,NA,NA,NA,NA,NA,NA,NA,"abdomen","RNA"
"SRR2001766","Lauren Mee","2022-10-20 03:48:52 -0700","COMPLETE",8260,13427688,5802542,43.213,0,0.609839,47.586,1.8,12862028,10219728,6120482,NA,NA,3396320,"Bee",NA,NA,NA,NA,NA,NA,NA,NA,NA,"whole body","RNA"
"SRR12053407","Lauren Mee","2022-10-20 05:08:45 -0700","COMPLETE",6774,14783358,11274247,76.263,8,0.304138,80.894,1.7,14498614,14363372,11728438,NA,NA,6893414,"Bee",NA,NA,NA,NA,NA,NA,NA,NA,NA,"abdomen","RNA"
"SRR12053413","Lauren Mee","2022-10-20 05:09:24 -0700","COMPLETE",7221,16479514,12975715,78.738,0,0.29485,84.077,1.9,16156060,16036738,13583448,NA,NA,7152918,"Bee",NA,NA,NA,NA,NA,NA,NA,NA,NA,"abdomen","RNA"
"SRR12053416","Lauren Mee","2022-10-20 05:10:08 -0700","COMPLETE",6660,15194882,11440585,75.292,0,0.384511,80.256,2.17,14948408,14853562,11996966,NA,NA,5515962,"Bee",NA,NA,NA,NA,NA,NA,NA,NA,NA,"abdomen","RNA"
"SRR12053417","Lauren Mee","2022-10-20 05:10:50 -0700","COMPLETE",6671,17403570,14266291,81.973,0,0.308749,86.51,2.18,17118428,17040708,14809210,NA,NA,6787846,"Bee",NA,NA,NA,NA,NA,NA,NA,NA,NA,"abdomen","RNA"
"SRR12053437","Lauren Mee","2022-10-20 05:11:35 -0700","COMPLETE",6649,13064360,9361160,71.654,0,0.355799,76.061,1.65,12785404,12692134,9724692,NA,NA,5896176,"Bee",NA,NA,NA,NA,NA,NA,NA,NA,NA,"abdomen","RNA"
"SRR1503066","Lauren Mee","2022-10-20 05:12:44 -0700","COMPLETE",10629,13160702,7084139,53.828,0,0.357568,73.053,1.26,12168268,12168260,8889250,NA,NA,7047650,"Bee",NA,NA,NA,NA,NA,NA,NA,NA,NA,"whole body","RNA"
"SRR1503113","Lauren Mee","2022-10-20 05:13:32 -0700","COMPLETE",7483,4745606,2974701,62.683,0,0.997218,77.472,1.43,4644948,4644898,3598512,NA,NA,2513476,"Bee",NA,NA,NA,NA,NA,NA,NA,NA,NA,"whole body","RNA"
"SRR2001621","Lauren Mee","2022-10-20 10:06:44 -0700","COMPLETE",7739,3543220,1669804,47.127,0,1,62.944,1.21,3282428,2993246,2066098,NA,NA,1705106,"Bee",NA,NA,NA,NA,NA,NA,NA,NA,NA,"whole body","RNA"
"SRR12053418","Lauren Mee","2022-10-21 00:34:22 -0700","COMPLETE",9814,28104558,20288392,72.189,4,0.212667,85.043,2.13,25388768,25295764,21591450,NA,NA,10114318,"Bee",NA,NA,NA,NA,NA,NA,NA,NA,NA,"abdomen","RNA"
"SRR12053420","Lauren Mee","2022-10-21 00:35:29 -0700","COMPLETE",9639,33817156,24608473,72.769,6,0.155673,83.399,1.9,31371034,31168612,26163088,NA,NA,13751620,"Bee",NA,NA,NA,NA,NA,NA,NA,NA,NA,"abdomen","RNA"
"SRR12053428","Lauren Mee","2022-10-21 00:36:46 -0700","COMPLETE",9760,28020992,20631116,73.627,4,0.169607,84.706,1.74,25887156,25680662,21927920,NA,NA,12626718,"Bee",NA,NA,NA,NA,NA,NA,NA,NA,NA,"abdomen","RNA"
"SRR12053429","Lauren Mee","2022-10-21 00:37:53 -0700","COMPLETE",9015,30686254,23458569,76.447,0,0.157118,86.655,1.81,28525124,28172000,24718448,NA,NA,13639448,"Bee",NA,NA,NA,NA,NA,NA,NA,NA,NA,"abdomen","RNA"
"SRR13442824","Lauren Mee","2022-10-21 00:43:05 -0700","COMPLETE",6050,5799433,3974385,68.531,0,0.616175,100,2.43,4419321,4419321,4419321,NA,NA,1819228,"Bee",NA,NA,NA,NA,NA,NA,NA,NA,NA,"whole body","RNA"
"SRR13442825","Lauren Mee","2022-10-21 00:43:24 -0700","COMPLETE",7254,45188591,10794123,23.887,0,0.360281,100,4.22,12794207,12794207,12794207,NA,NA,3034347,"Bee",NA,NA,NA,NA,NA,NA,NA,NA,NA,"whole body","RNA"
"SRR2001612","Lauren Mee","2022-10-21 00:46:45 -0700","COMPLETE",5452,26213034,19617735,74.84,0,0.406687,75.743,3.99,26089114,25992962,19760732,NA,NA,4953848,"Bee",NA,NA,NA,NA,NA,NA,NA,NA,NA,"whole body","RNA"
"SRR12053410","Lauren Mee","2022-10-21 03:28:51 -0700","COMPLETE",6070,16413568,12254980,74.664,0,0.269563,79.036,1.64,16153202,16133324,12766840,NA,NA,7793854,"Bee",NA,NA,NA,NA,NA,NA,NA,NA,NA,"abdomen","RNA"
"SRR12053411","Lauren Mee","2022-10-21 03:29:35 -0700","COMPLETE",4877,9307318,8379278,90.029,0,0.418073,98.089,3.4,8794486,8632295,8626405,NA,NA,2538812,"Bee",NA,NA,NA,NA,NA,NA,NA,NA,NA,"abdomen","RNA"
"SRR12053412","Lauren Mee","2022-10-21 03:30:01 -0700","COMPLETE",7616,15711756,11959640,76.119,2,0.408538,81.306,2.41,15401390,15374910,12522218,NA,NA,5191678,"Bee",NA,NA,NA,NA,NA,NA,NA,NA,NA,"abdomen","RNA"
"SRR12053419","Lauren Mee","2022-10-21 03:30:55 -0700","COMPLETE",7626,14060742,11414055,81.177,4,0.336026,86.163,1.9,13801870,13770122,11892040,NA,NA,6274760,"Bee",NA,NA,NA,NA,NA,NA,NA,NA,NA,"abdomen","RNA"
"SRR12053421","Lauren Mee","2022-10-21 06:22:15 -0700","COMPLETE",8788,15526212,12497080,80.49,4,0.304615,86.281,1.88,15168006,15116050,13087132,NA,NA,6946390,"Bee",NA,NA,NA,NA,NA,NA,NA,NA,NA,"abdomen","RNA"
"SRR12053422","Lauren Mee","2022-10-21 06:23:02 -0700","COMPLETE",7338,13255000,9732198,73.423,0,0.353944,78.295,1.7,12999242,12968732,10177792,NA,NA,5977960,"Bee",NA,NA,NA,NA,NA,NA,NA,NA,NA,"abdomen","RNA"
"SRR12053423","Lauren Mee","2022-10-21 06:23:39 -0700","COMPLETE",7848,17464362,12470534,71.406,0,0.282454,76.756,1.75,17159830,17125552,13171152,NA,NA,7531024,"Bee",NA,NA,NA,NA,NA,NA,NA,NA,NA,"abdomen","RNA"
"SRR12053424","Lauren Mee","2022-10-21 06:24:25 -0700","COMPLETE",8243,13908958,10170379,73.121,0,0.328655,78.026,1.66,13598220,13495538,10610148,NA,NA,6403028,"Bee",NA,NA,NA,NA,NA,NA,NA,NA,NA,"abdomen","RNA"
"SRR12053425","Lauren Mee","2022-10-21 06:25:08 -0700","COMPLETE",8578,17002950,11025928,64.847,0,0.308146,68.828,1.69,16677102,15978698,11478434,NA,NA,6796820,"Bee",NA,NA,NA,NA,NA,NA,NA,NA,NA,"abdomen","RNA"
"SRR12053426","Lauren Mee","2022-10-21 06:25:53 -0700","COMPLETE",7465,18516894,13403233,72.384,0,0.310193,77.715,2.05,18150524,17931498,14105736,NA,NA,6879170,"Bee",NA,NA,NA,NA,NA,NA,NA,NA,NA,"abdomen","RNA"
"SRR12053430","Lauren Mee","2022-10-21 06:26:40 -0700","COMPLETE",8224,19956940,15444348,77.388,0,0.300095,82.052,2.29,19604464,18906426,16085888,NA,NA,7026342,"Bee",NA,NA,NA,NA,NA,NA,NA,NA,NA,"abdomen","RNA"
"SRR12053431","Lauren Mee","2022-10-21 06:27:31 -0700","COMPLETE",8705,18374922,14594397,79.426,0,0.32966,83.801,2.38,18069158,17676896,15142154,NA,NA,6366748,"Bee",NA,NA,NA,NA,NA,NA,NA,NA,NA,"abdomen","RNA"
"SRR12053432","Lauren Mee","2022-10-21 06:28:20 -0700","COMPLETE",9087,16105172,11732632,72.85,2,0.325681,78.332,1.9,15744386,15721748,12332944,NA,NA,6505190,"Bee",NA,NA,NA,NA,NA,NA,NA,NA,NA,"abdomen","RNA"
"SRR12053435","Lauren Mee","2022-10-21 06:29:03 -0700","COMPLETE",7618,17048424,13397076,78.582,0,0.292124,82.83,1.93,16761000,16702128,13883162,NA,NA,7200026,"Bee",NA,NA,NA,NA,NA,NA,NA,NA,NA,"abdomen","RNA"
"SRR12053436","Lauren Mee","2022-10-21 06:29:47 -0700","COMPLETE",7373,18117816,13506185,74.546,2,0.312485,78.961,2.09,17788352,17686988,14045836,NA,NA,6736080,"Bee",NA,NA,NA,NA,NA,NA,NA,NA,NA,"abdomen","RNA"
"SRR5253659","Lauren Mee","2022-10-21 06:30:33 -0700","COMPLETE",4246,2639025,818165,31.003,1,1,46.584,1.63,1953407,1951601,909967,NA,NA,559642,"Bee",NA,NA,NA,NA,NA,NA,NA,NA,NA,"whole body","RNA"
"SRR3948521","Lauren Mee","2022-10-21 06:31:12 -0700","COMPLETE",5530,2765292,1244626,45.009,0,1,79.49,1.91,2312094,2294868,1837884,NA,NA,963466,"Bee",NA,NA,NA,NA,NA,NA,NA,NA,NA,"whole body","RNA"
"SRR3948528","Lauren Mee","2022-10-21 06:31:35 -0700","COMPLETE",4879,5031868,1417390,28.168,0,1,81.489,3.09,3594312,3591610,2928976,NA,NA,946456,"Bee",NA,NA,NA,NA,NA,NA,NA,NA,NA,"whole body","RNA"
"SRR3948531","Lauren Mee","2022-10-21 06:31:56 -0700","COMPLETE",5202,5729332,2313588,40.381,0,1,78.847,3.15,3965958,3964018,3127034,NA,NA,992156,"Bee",NA,NA,NA,NA,NA,NA,NA,NA,NA,"whole body","RNA"
"SRR3948533","Lauren Mee","2022-10-21 06:32:17 -0700","COMPLETE",4934,4069862,1636862,40.219,0,1,69.497,1.93,2892354,2890676,2010092,NA,NA,1044164,"Bee",NA,NA,NA,NA,NA,NA,NA,NA,NA,"whole body","RNA"
"SRR3948536","Lauren Mee","2022-10-21 06:32:36 -0700","COMPLETE",4139,5267630,2258686,42.879,0,1,85.009,3.05,4059224,4046668,3450704,NA,NA,1131098,"Bee",NA,NA,NA,NA,NA,NA,NA,NA,NA,"whole body","RNA"
"SRR3948537","Lauren Mee","2022-10-21 06:32:57 -0700","COMPLETE",7220,4492412,1431962,31.875,0,1,77.581,2.56,3392446,3390218,2631886,NA,NA,1030004,"Bee",NA,NA,NA,NA,NA,NA,NA,NA,NA,"whole body","RNA"
"SRR3948540","Lauren Mee","2022-10-21 06:33:16 -0700","COMPLETE",6722,3437526,922592,26.839,0,1,61.661,1.57,2087102,2082722,1286922,NA,NA,820230,"Bee",NA,NA,NA,NA,NA,NA,NA,NA,NA,"whole body","RNA"
"SRR3948542","Lauren Mee","2022-10-21 06:33:33 -0700","COMPLETE",3893,5082660,1085152,21.35,0,1,68.359,3.14,3639268,3634720,2487778,NA,NA,791454,"Bee",NA,NA,NA,NA,NA,NA,NA,NA,NA,"whole body","RNA"
"SRR3948544","Lauren Mee","2022-10-21 06:33:52 -0700","COMPLETE",6842,3792312,1152756,30.397,0,1,73.376,1.98,2733826,2729330,2005968,NA,NA,1011356,"Bee",NA,NA,NA,NA,NA,NA,NA,NA,NA,"whole body","RNA"
"SRR3948548","Lauren Mee","2022-10-21 06:34:10 -0700","COMPLETE",4983,4829996,1834282,37.977,0,1,71.089,2.99,3799414,3793362,2700978,NA,NA,902926,"Bee",NA,NA,NA,NA,NA,NA,NA,NA,NA,"whole body","RNA"
"SRR3948550","Lauren Mee","2022-10-21 06:34:29 -0700","COMPLETE",4525,6070626,2465142,40.608,0,1,77.296,3.87,4535542,4530898,3505802,NA,NA,905058,"Bee",NA,NA,NA,NA,NA,NA,NA,NA,NA,"whole body","RNA"
"SRR3948554","Lauren Mee","2022-10-21 06:34:51 -0700","COMPLETE",6219,3411376,1116978,32.743,0,1,76.607,2.1,2438528,2435922,1868094,NA,NA,887704,"Bee",NA,NA,NA,NA,NA,NA,NA,NA,NA,"whole body","RNA"
"SRR3948556","Lauren Mee","2022-10-21 06:35:08 -0700","COMPLETE",5156,4265398,1281184,30.037,0,1,70.06,2.29,3049162,3045626,2136242,NA,NA,931440,"Bee",NA,NA,NA,NA,NA,NA,NA,NA,NA,"whole body","RNA"
"SRR3948560","Lauren Mee","2022-10-21 06:35:28 -0700","COMPLETE",4917,5219642,2240732,42.929,0,1,78.972,3.44,4034936,4031878,3186472,NA,NA,927284,"Bee",NA,NA,NA,NA,NA,NA,NA,NA,NA,"whole body","RNA"
"SRR1503133","Lauren Mee","2022-10-23 03:09:17 -0700","COMPLETE",9301,5171386,3751223,72.538,0,0.610762,86.173,1.14,4976326,4976322,4288264,NA,NA,3752460,"Bee",NA,NA,NA,NA,NA,NA,NA,NA,NA,"whole body","RNA"
"SRR2895245","Lauren Mee","2022-10-23 03:09:42 -0700","COMPLETE",5661,8733038,1798654,20.596,0,0.46193,73.695,1.14,7214550,7096338,5316762,NA,NA,4654060,"Bee",NA,NA,NA,NA,NA,NA,NA,NA,NA,"whole body","RNA"
"SRR2895246","Lauren Mee","2022-10-23 03:10:11 -0700","COMPLETE",3686,1281866,287322,22.414,0,1,59.137,1.03,765862,750642,452906,NA,NA,438672,"Bee",NA,NA,NA,NA,NA,NA,NA,NA,NA,"whole body","RNA"
"SRR2895247","Lauren Mee","2022-10-23 03:10:24 -0700","COMPLETE",3606,1212862,337094,27.793,0,1,58.778,1.02,898724,863334,528256,NA,NA,517946,"Bee",NA,NA,NA,NA,NA,NA,NA,NA,NA,"whole body","RNA"
"SRR2895248","Lauren Mee","2022-10-23 03:10:36 -0700","COMPLETE",3731,1610086,347370,21.575,0,1,58.467,1.02,981778,956394,574014,NA,NA,561372,"Bee",NA,NA,NA,NA,NA,NA,NA,NA,NA,"whole body","RNA"
"SRR2895249","Lauren Mee","2022-10-23 03:10:49 -0700","COMPLETE",3744,1204516,358752,29.784,0,1,60.808,1.03,993534,975820,604146,NA,NA,585410,"Bee",NA,NA,NA,NA,NA,NA,NA,NA,NA,"whole body","RNA"
"SRR2895250","Lauren Mee","2022-10-23 03:11:01 -0700","COMPLETE",3696,1305152,450532,34.52,0,1,63.19,1.04,1032858,1013134,652658,NA,NA,626266,"Bee",NA,NA,NA,NA,NA,NA,NA,NA,NA,"whole body","RNA"
"SRR2895251","Lauren Mee","2022-10-23 03:11:13 -0700","COMPLETE",3603,1344978,391888,29.137,0,1,56.95,1.04,1108930,1068262,631538,NA,NA,607440,"Bee",NA,NA,NA,NA,NA,NA,NA,NA,NA,"whole body","RNA"
"SRR3383870","Lauren Mee","2022-10-23 03:11:26 -0700","COMPLETE",3855,540571,115448,21.357,0,1,95.547,1.51,230087,219841,219841,NA,NA,145881,"Bee",NA,NA,NA,NA,NA,NA,NA,NA,NA,"head and abdomen (pooled 5 females)","RNA"
"SRR3948563","Lauren Mee","2022-10-23 03:12:15 -0700","COMPLETE",4842,5105134,2091794,40.974,0,1,77.528,2.9,3682448,3679524,2854922,NA,NA,985950,"Bee",NA,NA,NA,NA,NA,NA,NA,NA,NA,"whole body","RNA"
"SRR3948564","Lauren Mee","2022-10-23 03:12:41 -0700","COMPLETE",4490,5283760,2067582,39.131,0,1,73.968,3.87,3993920,3991248,2954206,NA,NA,763560,"Bee",NA,NA,NA,NA,NA,NA,NA,NA,NA,"whole body","RNA"
"SRR3948566","Lauren Mee","2022-10-23 03:13:01 -0700","COMPLETE",4192,4029764,984532,24.432,0,1,68.141,2.19,2520152,2513018,1717268,NA,NA,783196,"Bee",NA,NA,NA,NA,NA,NA,NA,NA,NA,"whole body","RNA"
"SRR3948568","Lauren Mee","2022-10-23 03:13:18 -0700","COMPLETE",4297,5701528,2579408,45.241,0,1,77.842,3.18,4025444,4020818,3133504,NA,NA,986426,"Bee",NA,NA,NA,NA,NA,NA,NA,NA,NA,"whole body","RNA"
"SRR3948570","Lauren Mee","2022-10-23 03:13:39 -0700","COMPLETE",4147,4275254,1648034,38.548,0,1,75.42,2.82,2798486,2793998,2110610,NA,NA,749048,"Bee",NA,NA,NA,NA,NA,NA,NA,NA,NA,"whole body","RNA"
"SRR3948572","Lauren Mee","2022-10-23 03:13:57 -0700","COMPLETE",4627,5163908,1436780,27.824,0,1,78.979,2.82,3571382,3565908,2820628,NA,NA,998782,"Bee",NA,NA,NA,NA,NA,NA,NA,NA,NA,"whole body","RNA"
"SRR3948575","Lauren Mee","2022-10-23 03:14:16 -0700","COMPLETE",4451,2978640,1027222,34.486,0,1,76.075,1.98,2270700,2266594,1727428,NA,NA,874296,"Bee",NA,NA,NA,NA,NA,NA,NA,NA,NA,"whole body","RNA"
"SRR3948577","Lauren Mee","2022-10-23 03:14:33 -0700","COMPLETE",4748,3757758,1639086,43.619,0,1,74.904,2.11,2740224,2737042,2052524,NA,NA,970802,"Bee",NA,NA,NA,NA,NA,NA,NA,NA,NA,"whole body","RNA"
"SRR6148364","Lauren Mee","2022-10-23 03:14:51 -0700","COMPLETE",5652,1924698,1196690,62.175,0,1,83.257,1.25,1529294,1496916,1273242,NA,NA,1021612,"Bee",NA,NA,NA,NA,NA,NA,NA,NA,NA,"pool of heads and abdomen","RNA"
"SRR6148379","Lauren Mee","2022-10-23 03:15:11 -0700","COMPLETE",5223,1865170,891978,47.823,0,1,69.232,1.23,1360792,1280284,942108,NA,NA,765202,"Bee",NA,NA,NA,NA,NA,NA,NA,NA,NA,"pool of heads and abdomen","RNA"
"SRR13442813","Lauren Mee","2022-10-24 07:58:04 -0700","COMPLETE",7536,26540775,19795850,74.587,0,0.228609,100,5.13,25087832,25087829,25087829,NA,NA,4886699,"Bee",NA,NA,NA,NA,NA,NA,NA,NA,NA,"whole body","RNA"
"SRR6148371","Lauren Mee","2022-10-24 07:59:05 -0700","COMPLETE",10506,3231734,2107056,65.199,0,1,81.264,1.26,2738910,2654502,2225746,NA,NA,1767070,"Bee",NA,NA,NA,NA,NA,NA,NA,NA,NA,"pool of heads and abdomen","RNA"
"SRR6148375","Lauren Mee","2022-10-24 07:59:51 -0700","COMPLETE",5656,1940920,1132512,58.349,0,1,80.375,1.24,1500532,1477990,1206046,NA,NA,973450,"Bee",NA,NA,NA,NA,NA,NA,NA,NA,NA,"pool of heads and abdomen","RNA"
"SRR11426431","Lauren Mee","2022-10-24 08:33:32 -0700","COMPLETE",9005,34286724,27421379,79.977,0,0.0881081,96.543,1.21,31097020,30997168,30021858,NA,NA,24798612,"Bee",NA,NA,NA,NA,NA,NA,NA,NA,NA,"whole body (pool of 6)","RNA"
"SRR11426433","Lauren Mee","2022-10-24 08:34:42 -0700","COMPLETE",9738,33537372,27097651,80.798,0,0.0895281,96.642,1.21,30522532,30444104,29497652,NA,NA,24318196,"Bee",NA,NA,NA,NA,NA,NA,NA,NA,NA,"whole body (pool of 6)","RNA"
"SRR11440494","Lauren Mee","2022-10-24 08:35:51 -0700","COMPLETE",7338,40678722,30870968,75.89,42,0.0810727,89.122,1.27,38028364,33891474,33891474,NA,NA,26653698,"Bee",NA,NA,NA,NA,NA,NA,NA,NA,NA,"whole body (pool of 6)","RNA"
"SRR13442818","Lauren Mee","2022-10-24 08:37:53 -0700","COMPLETE",7169,9922033,8226397,82.91,0,0.41587,100,3.48,9349397,9349396,9349396,NA,NA,2683017,"Bee",NA,NA,NA,NA,NA,NA,NA,NA,NA,"whole body","RNA"
"SRR13442830","Lauren Mee","2022-10-24 08:38:20 -0700","COMPLETE",9243,21269906,19652432,92.395,0,0.195995,100,3.92,20754353,20754353,20754353,NA,NA,5291396,"Bee",NA,NA,NA,NA,NA,NA,NA,NA,NA,"whole body","RNA"
"SRR11426432","Lauren Mee","2022-10-24 09:05:38 -0700","COMPLETE",9748,18102076,15735713,86.928,0,0.151577,95.043,1.2,17453944,17295366,16588812,NA,NA,13825262,"Bee",NA,NA,NA,NA,NA,NA,NA,NA,NA,"whole body (pool of 6)","RNA"
"SRR11440495","Lauren Mee","2022-10-24 09:06:20 -0700","COMPLETE",8014,17180924,14952487,87.03,0,0.194755,96.358,1.45,16362822,16298158,15766932,NA,NA,10854018,"Bee",NA,NA,NA,NA,NA,NA,NA,NA,NA,"whole body (pool of 6)","RNA"
"SRR11440496","Lauren Mee","2022-10-24 09:06:59 -0700","COMPLETE",7269,22797366,19965179,87.577,0,0.166073,96.583,1.64,21704688,21643838,20963008,NA,NA,12765164,"Bee",NA,NA,NA,NA,NA,NA,NA,NA,NA,"whole body (pool of 6)","RNA"
