Sample	NMDS1	NMDS2	NMDS3	NMDS4	NMDS5	NMDS6	Species	Sociality	Sex	Tissue	Location	NucleotideType	Project.Accession	YearCollected	Month	LibraryLayout	LibrarySelection	SequenceInstrument	Platform_Gen	Platform_Spec	Genus	Family	SubFamily	Tribe	Tissue2	Tissue3	Continent	Sociality2
AM_N_072	-0.270729435276642	0.0272122971626768	0.0475810511905619	0.137004014781134	-0.00758043168551476	-0.129871137087998	Apis mellifera	Eusocial	Female	abdomen	United Kingdom	RNA	CompHym22	2019	July	Paired	POLYA	Illumina HiSeq PE150	Illumina	Illumina HiSeq	Apis	Apidae	Apinae	Apini	abdomen	abdomen	Europe	Complex Eusocial
BT_N_001	-0.242106564505936	0.0335546697966061	0.0602467641076658	0.0457956992957306	-0.0251456606295131	-0.0891252208984896	Bombus terrestris	Eusocial	Female	abdomen	United Kingdom	RNA	CompHym22	2019	July	Paired	POLYA	Illumina HiSeq PE150	Illumina	Illumina HiSeq	Bombus	Apidae	Apinae	Bombini	abdomen	abdomen	Europe	Primitive Eusocial
BT_N_025	-0.21491205405976	0.0647903422733594	0.0721122863083049	0.0778227161718858	-0.0986827298941181	-0.0923179896034611	Bombus terrestris	Eusocial	Female	abdomen	United Kingdom	RNA	CompHym22	2019	July	Paired	POLYA	Illumina HiSeq PE150	Illumina	Illumina HiSeq	Bombus	Apidae	Apinae	Bombini	abdomen	abdomen	Europe	Primitive Eusocial
BT_N_029	-0.156022298864673	0.0808958908913112	0.0473179532210859	0.0624921855901477	-0.0800653574424475	-0.121814804749107	Bombus terrestris	Eusocial	Female	abdomen	United Kingdom	RNA	CompHym22	2019	July	Paired	POLYA	Illumina HiSeq PE150	Illumina	Illumina HiSeq	Bombus	Apidae	Apinae	Bombini	abdomen	abdomen	Europe	Primitive Eusocial
CA_N_007	0.215891846281541	-0.0168411394385628	0.139090764714161	-0.0594531225126788	-0.0197041737986307	-0.229438000011458	Ceratina australensis	Polymorphic	Female	abdomen	Australia	RNA	CompHym22	2019	January	Paired	POLYA	Illumina HiSeq PE150	Illumina	Illumina HiSeq	Ceratina	Apidae	Xylocopinae	Ceratini	abdomen	abdomen	Oceania	Polymorphic
CA_N_030	0.13157882295156	-0.0941500731358327	-0.327634196867627	0.0419496352890571	0.217074194546738	-0.0131793935702365	Ceratina australensis	Polymorphic	Female	abdomen	Australia	RNA	CompHym22	2019	January	Paired	POLYA	Illumina HiSeq PE150	Illumina	Illumina HiSeq	Ceratina	Apidae	Xylocopinae	Ceratini	abdomen	abdomen	Oceania	Polymorphic
ERR10123638	-0.16362161672584	-0.138459954224801	0.0679419680565637	0.119223679050118	-0.0356224348630286	-0.0905068610639565	Bombus pascuorum	Eusocial	Unknown	abdomen	United Kingdom	RNA	PRJEB43529	2020	August	Paired	POLYA	Illumina NovaSeq 6000	Illumina	Illumina NovaSeq	Bombus	Apidae	Apinae	Bombini	abdomen	abdomen	Europe	Primitive Eusocial
SRR10034516	0.0872999457820209	0.0828311845927075	0.171543396425695	-0.161763640009057	0.0948617852198435	0.0653257581764023	Apis cerana	Eusocial	Female	midgut	China	RNA	PRJNA562784	2020	NA	Paired	PCR	Illumina HiSeq 4000	Illumina	Illumina HiSeq	Apis	Apidae	Apinae	Apini	gut	gut	Asia	Complex Eusocial
SRR10034517	0.0448715179297281	0.0361506709995687	0.190055116435114	-0.17301223255845	0.0994428992154776	0.118804030945165	Apis cerana	Eusocial	Female	midgut	China	RNA	PRJNA562784	2020	NA	Paired	PCR	Illumina HiSeq 4000	Illumina	Illumina HiSeq	Apis	Apidae	Apinae	Apini	gut	gut	Asia	Complex Eusocial
SRR10034518	-0.0326029304796831	-0.0276264933985552	0.126398257298132	-0.173595738635404	0.0977147002145421	0.198379924114248	Apis cerana	Eusocial	Female	midgut	China	RNA	PRJNA562784	2020	NA	Paired	PCR	Illumina HiSeq 4000	Illumina	Illumina HiSeq	Apis	Apidae	Apinae	Apini	gut	gut	Asia	Complex Eusocial
SRR10034523	0.0622969360021529	0.0578335532521126	0.178356474843041	-0.16051236834673	0.0995501245794362	0.106943018474141	Apis cerana	Eusocial	Female	midgut	China	RNA	PRJNA562784	2020	NA	Paired	PCR	Illumina HiSeq 4000	Illumina	Illumina HiSeq	Apis	Apidae	Apinae	Apini	gut	gut	Asia	Complex Eusocial
SRR11426431	0.164003700015901	0.197121280569626	0.115784628566543	-0.0158154973380743	0.0184982801845076	-0.00961859636999184	Tetragonisca angustula	Eusocial	Female	whole body (pool of 6)	Brazil	RNA	PRJNA615177	2021	NA	Paired	CDNA	Illumina HiSeq 2000	Illumina	Illumina HiSeq	Tetragonisca	Apidae	Apinae	Meliponini	whole body, pooled	whole body	South America	Complex Eusocial
SRR11426432	0.202063997604595	0.225947002711567	0.097297966803832	-0.0326770197802077	0.0331151283700257	-0.0349521169203163	Tetragonisca angustula	Eusocial	Female	whole body (pool of 6)	Brazil	RNA	PRJNA615177	2021	NA	Paired	CDNA	Illumina HiSeq 2000	Illumina	Illumina HiSeq	Tetragonisca	Apidae	Apinae	Meliponini	whole body, pooled	whole body	South America	Complex Eusocial
SRR11426433	0.206818621760291	0.2026067596327	0.114657175019841	0.01081769464421	0.0333113355258639	-0.016191227231491	Tetragonisca angustula	Eusocial	Female	whole body (pool of 6)	Brazil	RNA	PRJNA615177	2021	NA	Paired	CDNA	Illumina HiSeq 2000	Illumina	Illumina HiSeq	Tetragonisca	Apidae	Apinae	Meliponini	whole body, pooled	whole body	South America	Complex Eusocial
SRR11440495	0.231975104227632	0.200348063286258	0.0943044314394806	-0.0111305082546886	0.0379478149403353	-0.0305040459449309	Tetragonisca angustula	Eusocial	Female	whole body (pool of 6)	Brazil	RNA	PRJNA615177	2021	NA	Paired	CDNA	Illumina HiSeq 2000	Illumina	Illumina HiSeq	Tetragonisca	Apidae	Apinae	Meliponini	whole body, pooled	whole body	South America	Complex Eusocial
SRR11440496	0.2340026559211	0.198223023579627	0.102663274537505	0.00448649038628149	0.0374072584244279	-0.0221319162528293	Tetragonisca angustula	Eusocial	Female	whole body (pool of 6)	Brazil	RNA	PRJNA615177	2021	NA	Paired	CDNA	Illumina HiSeq 2000	Illumina	Illumina HiSeq	Tetragonisca	Apidae	Apinae	Meliponini	whole body, pooled	whole body	South America	Complex Eusocial
SRR11445089	0.0627399223159446	-0.061221118064773	-0.112463251464048	-0.0811265284809686	-0.255785731398447	-0.14152941094041	Bombus terrestris	Eusocial	Female	whole body (pool of 3)	United Kingdom	RNA	PRJNA615177	2021	NA	Paired	CDNA	Illumina HiSeq 2000	Illumina	Illumina HiSeq	Bombus	Apidae	Apinae	Bombini	whole body, pooled	whole body	Europe	Primitive Eusocial
SRR11445090	0.00129210782721804	-0.100839266308467	-0.120116547134697	-0.10150737576029	-0.242505923585545	-0.113560164872889	Bombus terrestris	Eusocial	Female	whole body (pool of 3)	United Kingdom	RNA	PRJNA615177	2021	NA	Paired	CDNA	Illumina HiSeq 2000	Illumina	Illumina HiSeq	Bombus	Apidae	Apinae	Bombini	whole body, pooled	whole body	Europe	Primitive Eusocial
SRR11445091	0.0546251977383111	-0.106603330449787	-0.108251553713511	-0.0591473909734868	-0.273909703260523	-0.133661550341	Bombus terrestris	Eusocial	Female	whole body (pool of 3)	United Kingdom	RNA	PRJNA615177	2021	NA	Paired	CDNA	Illumina HiSeq 2000	Illumina	Illumina HiSeq	Bombus	Apidae	Apinae	Bombini	whole body, pooled	whole body	Europe	Primitive Eusocial
SRR11448239	0.119706802747856	-0.0721942341176516	-0.121833037598619	-0.0493633919268269	-0.280862442913017	-0.117366946617368	Bombus terrestris	Eusocial	Female	whole body (pool of 3)	United Kingdom	RNA	PRJNA615177	2021	NA	Paired	CDNA	Illumina HiSeq 2000	Illumina	Illumina HiSeq	Bombus	Apidae	Apinae	Bombini	whole body, pooled	whole body	Europe	Primitive Eusocial
SRR11448240	0.156590799176398	-0.0100143335460063	-0.0526872578737857	-0.0588744846382917	-0.250463575066115	-0.116788429389388	Bombus terrestris	Eusocial	Female	whole body (pool of 3)	United Kingdom	RNA	PRJNA615177	2021	NA	Paired	CDNA	Illumina HiSeq 2000	Illumina	Illumina HiSeq	Bombus	Apidae	Apinae	Bombini	whole body, pooled	whole body	Europe	Primitive Eusocial
SRR11448241	0.119472279228986	-0.0964653409593799	-0.0976683585243211	-0.000973505817553078	-0.286567175558401	-0.166346790697874	Bombus terrestris	Eusocial	Female	whole body (pool of 3)	United Kingdom	RNA	PRJNA615177	2021	NA	Paired	CDNA	Illumina HiSeq 2000	Illumina	Illumina HiSeq	Bombus	Apidae	Apinae	Bombini	whole body, pooled	whole body	Europe	Primitive Eusocial
SRR12053411	0.352636406262249	-0.231379626681487	-0.0809298978591132	-0.203307819529353	-0.0642914016494624	0.212017774742807	Euglossa viridissima	Polymorphic	Female	abdomen	Mexico	RNA	PRJNA636137	2017	February	Paired	PCR	Illumina HiSeq 4000	Illumina	Illumina HiSeq	Euglossa	Apidae	Apinae	Euglossini	abdomen	abdomen	North America	Polymorphic
SRR12053412	0.201950701506744	-0.428734985703497	-0.0471315118674957	-0.330104033222085	-0.029449960925105	-0.00222108324270713	Euglossa viridissima	Polymorphic	Female	abdomen	Mexico	RNA	PRJNA636137	2016	March	Paired	PCR	Illumina HiSeq 4000	Illumina	Illumina HiSeq	Euglossa	Apidae	Apinae	Euglossini	abdomen	abdomen	North America	Polymorphic
SRR12053417	0.170066188128703	-0.337065582548358	-0.0688060750163811	-0.328931047877516	-0.0062944646763085	0.0294700949209965	Euglossa dilemma	Polymorphic	Female	abdomen	Mexico	RNA	PRJNA636137	2016	March	Paired	PCR	Illumina HiSeq 4000	Illumina	Illumina HiSeq	Euglossa	Apidae	Apinae	Euglossini	abdomen	abdomen	North America	Polymorphic
SRR12053419	0.336335592233685	-0.331843608000963	-0.0433878505788817	-0.296032293898449	0.00534470005192779	0.0276299731196736	Euglossa viridissima	Polymorphic	Female	abdomen	Mexico	RNA	PRJNA636137	2016	March	Paired	PCR	Illumina HiSeq 4000	Illumina	Illumina HiSeq	Euglossa	Apidae	Apinae	Euglossini	abdomen	abdomen	North America	Polymorphic
SRR12053421	0.169596389961188	-0.339135428562048	-0.0712540648981139	-0.325384661569525	-0.00984025694650381	0.0444804904786946	Euglossa viridissima	Polymorphic	Female	abdomen	Mexico	RNA	PRJNA636137	2016	March	Paired	PCR	Illumina HiSeq 4000	Illumina	Illumina HiSeq	Euglossa	Apidae	Apinae	Euglossini	abdomen	abdomen	North America	Polymorphic
SRR12053422	0.360778005939858	-0.319521929230134	-0.0410271941252344	-0.286249657473048	0.0162282365527034	0.0105168322687622	Euglossa viridissima	Polymorphic	Female	abdomen	Mexico	RNA	PRJNA636137	2016	March	Paired	PCR	Illumina HiSeq 4000	Illumina	Illumina HiSeq	Euglossa	Apidae	Apinae	Euglossini	abdomen	abdomen	North America	Polymorphic
SRR12053430	0.365361303334353	-0.323837660581911	-0.0536189878567529	-0.279452385647446	-0.000596461203373056	0.0206966551436502	Euglossa viridissima	Polymorphic	Female	abdomen	Mexico	RNA	PRJNA636137	2016	June	Paired	PCR	Illumina HiSeq 4000	Illumina	Illumina HiSeq	Euglossa	Apidae	Apinae	Euglossini	abdomen	abdomen	North America	Polymorphic
SRR12053431	0.331544815280038	-0.332273402613773	-0.0373348088177605	-0.300922243513601	0.0184763384293081	0.00885271912976052	Euglossa viridissima	Polymorphic	Female	abdomen	Mexico	RNA	PRJNA636137	2016	June	Paired	PCR	Illumina HiSeq 4000	Illumina	Illumina HiSeq	Euglossa	Apidae	Apinae	Euglossini	abdomen	abdomen	North America	Polymorphic
SRR12053432	0.10683999340963	-0.147655997035846	0.0155937744699741	-0.131746941605063	-0.133561090933218	-0.348824103604905	Euglossa viridissima	Polymorphic	Female	abdomen	Mexico	RNA	PRJNA636137	2016	July	Paired	PCR	Illumina HiSeq 4000	Illumina	Illumina HiSeq	Euglossa	Apidae	Apinae	Euglossini	abdomen	abdomen	North America	Polymorphic
SRR12053436	0.199976515175256	-0.429207226328293	-0.0869610997645947	-0.312357779843941	0.00279061584344058	-0.00755383084851006	Euglossa viridissima	Polymorphic	Female	abdomen	Mexico	RNA	PRJNA636137	2017	March	Paired	PCR	Illumina HiSeq 4000	Illumina	Illumina HiSeq	Euglossa	Apidae	Apinae	Euglossini	abdomen	abdomen	North America	Polymorphic
SRR12233573	0.237667009460288	0.214297608385143	0.129981550154351	0.0114465659109746	0.0436191418890491	-0.00901498057657019	Bombus pyrosoma	Eusocial	Unknown	whole body	China	RNA	PRJNA646593	2019	July	Paired	RT-PCR	Illumina HiSeq 2500	Illumina	Illumina HiSeq	Bombus	Apidae	Apinae	Bombini	whole body	whole body	Asia	Primitive Eusocial
SRR12233820	0.238422735564454	0.191661879965098	0.108384155330054	-0.0132815565121441	-0.0243166196309507	0.00471846303637852	Bombus pyrosoma	Eusocial	Unknown	whole body	China	RNA	PRJNA646602	2019	July	Paired	RT-PCR	Illumina HiSeq 2500	Illumina	Illumina HiSeq	Bombus	Apidae	Apinae	Bombini	whole body	whole body	Asia	Primitive Eusocial
SRR12235348	0.235187378322361	0.183964581297358	0.0950447463733943	-0.0187410429190233	-0.0332432507337406	0.000861692851925392	Bombus pyrosoma	Eusocial	Unknown	whole body	China	RNA	PRJNA646687	2019	July	Paired	RT-PCR	Illumina HiSeq 2500	Illumina	Illumina HiSeq	Bombus	Apidae	Apinae	Bombini	whole body	whole body	Asia	Primitive Eusocial
SRR12244814	0.203360080091994	0.211346973628423	0.110114589632175	0.00643791833173994	0.0475500394296826	-0.0178225959716703	Bombus pyrosoma	Eusocial	Unknown	whole body	China	RNA	PRJNA646806	2019	July	Paired	RT-PCR	Illumina HiSeq 2500	Illumina	Illumina HiSeq	Bombus	Apidae	Apinae	Bombini	whole body	whole body	Asia	Primitive Eusocial
SRR12245258	0.236548413190672	0.22241809723204	0.123595899308194	-0.00040297718608541	0.050812540074371	-0.0115483392716983	Bombus pyrosoma	Eusocial	Unknown	whole body	China	RNA	PRJNA646816	2019	July	Paired	RT-PCR	Illumina HiSeq 2500	Illumina	Illumina HiSeq	Bombus	Apidae	Apinae	Bombini	whole body	whole body	Asia	Primitive Eusocial
SRR12245523	0.236397306293228	0.213948096521491	0.115256420324365	0.0105807876073713	0.0353469232815601	-0.0233877455111353	Bombus pyrosoma	Eusocial	Unknown	whole body	China	RNA	PRJNA646831	2019	July	Paired	RT-PCR	Illumina HiSeq 2500	Illumina	Illumina HiSeq	Bombus	Apidae	Apinae	Bombini	whole body	whole body	Asia	Primitive Eusocial
SRR12527928	0.161760497198539	0.0995238174688473	0.093240937170363	-0.118976653323163	-0.124951542854671	-0.118840876747057	Bombus confusus	Eusocial	Unknown	whole body	China	RNA	PRJNA659133	2016	August	Paired	POLYA	Illumina HiSeq X Ten	Illumina	Illumina HiSeq	Bombus	Apidae	Apinae	Bombini	whole body	whole body	Asia	Primitive Eusocial
SRR12527929	0.120045980362861	-0.0403028967423754	-0.135124481559099	-0.0763445046310249	-0.273245650546331	0.129230005013161	Bombus haemorrhoidalis	Eusocial	Unknown	whole body	China	RNA	PRJNA659133	2016	August	Paired	POLYA	Illumina HiSeq X Ten	Illumina	Illumina HiSeq	Bombus	Apidae	Apinae	Bombini	whole body	whole body	Asia	Primitive Eusocial
SRR12527930	-0.250622101971053	0.0485534324734315	-0.0323101483390031	0.0884780415695364	0.0903775963054683	-0.235239655772885	Bombus soroeensis	Eusocial	Unknown	whole body	China	RNA	PRJNA659133	2016	August	Paired	POLYA	Illumina HiSeq X Ten	Illumina	Illumina HiSeq	Bombus	Apidae	Apinae	Bombini	whole body	whole body	Asia	Primitive Eusocial
SRR12527933	0.257442446145002	0.163731370821236	0.0946262909076036	-0.0338874022226873	0.024443393100475	0.00139356693127114	Bombus turneri	Eusocial	Unknown	whole body	China	RNA	PRJNA659133	2016	August	Paired	POLYA	Illumina HiSeq X Ten	Illumina	Illumina HiSeq	Bombus	Apidae	Apinae	Bombini	whole body	whole body	Asia	Primitive Eusocial
SRR12527934	0.25199786637027	0.166610893661038	0.107938272944787	-0.0401687987844474	0.02709935594858	-0.0118418596642905	Bombus pyrosoma	Eusocial	Unknown	whole body	China	RNA	PRJNA659133	2016	August	Paired	POLYA	Illumina HiSeq X Ten	Illumina	Illumina HiSeq	Bombus	Apidae	Apinae	Bombini	whole body	whole body	Asia	Primitive Eusocial
SRR12527936	0.255542998286534	0.169709043712259	0.10979324390225	-0.0278150066302356	0.0178779004522601	0.00213889749274604	Bombus picipes	Eusocial	Unknown	whole body	China	RNA	PRJNA659133	2016	August	Paired	POLYA	Illumina HiSeq X Ten	Illumina	Illumina HiSeq	Bombus	Apidae	Apinae	Bombini	whole body	whole body	Asia	Primitive Eusocial
SRR12527961	0.260721932278559	0.168550139507385	0.10331504459619	-0.0332052831714623	0.0243755740332935	-0.00528810032674696	Bombus waltoni	Eusocial	Unknown	whole body	China	RNA	PRJNA659133	2016	August	Paired	POLYA	Illumina HiSeq X Ten	Illumina	Illumina HiSeq	Bombus	Apidae	Apinae	Bombini	whole body	whole body	Asia	Primitive Eusocial
SRR12527964	0.0537902927793842	-0.05418249535419	-0.112803112930602	-0.0823956033193674	-0.348588269392653	0.0460137562728904	Bombus opulentus	Eusocial	Unknown	whole body	China	RNA	PRJNA659133	2016	August	Paired	POLYA	Illumina HiSeq X Ten	Illumina	Illumina HiSeq	Bombus	Apidae	Apinae	Bombini	whole body	whole body	Asia	Primitive Eusocial
SRR13189057	-0.237687909264791	-0.00558350037655618	0.0724236202332094	0.171543420359386	-0.0636257930428111	0.0529410461322688	Apis mellifera	Eusocial	Female	gut	China	RNA	PRJNA681941	2020	NA	Paired	PCR	Illumina NovaSeq 6000	Illumina	Illumina NovaSeq	Apis	Apidae	Apinae	Apini	gut	gut	Asia	Complex Eusocial
SRR13189058	-0.254241911297385	-0.0213174620340314	0.0661082641294257	0.0787951134643747	-0.0103377804536729	0.074234392603527	Apis mellifera	Eusocial	Female	gut	China	RNA	PRJNA681941	2020	NA	Paired	PCR	Illumina NovaSeq 6000	Illumina	Illumina NovaSeq	Apis	Apidae	Apinae	Apini	gut	gut	Asia	Complex Eusocial
SRR13189059	-0.265943638101599	-0.0229384814637535	0.0614588645302383	-0.0204822829447161	0.0120197828544138	-0.0249988871498203	Apis mellifera	Eusocial	Female	gut	China	RNA	PRJNA681941	2020	NA	Paired	PCR	Illumina NovaSeq 6000	Illumina	Illumina NovaSeq	Apis	Apidae	Apinae	Apini	gut	gut	Asia	Complex Eusocial
SRR13189063	-0.274153447489246	0.0035474901975869	0.0230469623805225	0.0271330316163664	0.0129596393456541	-0.0962405355602585	Apis mellifera	Eusocial	Female	gut	China	RNA	PRJNA681941	2020	NA	Paired	PCR	Illumina NovaSeq 6000	Illumina	Illumina NovaSeq	Apis	Apidae	Apinae	Apini	gut	gut	Asia	Complex Eusocial
SRR13189066	-0.197016679491248	0.0383202990700185	0.0730394871470733	0.254446900017071	-0.0089272712583689	0.220955671506536	Apis mellifera	Eusocial	Female	gut	China	RNA	PRJNA681941	2020	NA	Paired	PCR	Illumina NovaSeq 6000	Illumina	Illumina NovaSeq	Apis	Apidae	Apinae	Apini	gut	gut	Asia	Complex Eusocial
SRR13189067	-0.220577655525536	0.00365407784242526	0.0511782606198186	0.21008076443891	-0.0430764791652022	0.12109494320492	Apis mellifera	Eusocial	Female	gut	China	RNA	PRJNA681941	2020	NA	Paired	PCR	Illumina NovaSeq 6000	Illumina	Illumina NovaSeq	Apis	Apidae	Apinae	Apini	gut	gut	Asia	Complex Eusocial
SRR13404631	0.101649171271258	0.234668991610955	-0.196262546847061	-0.0135274690718738	-0.0898911619561739	0.249350454476565	Andrena 	Solitary	Unknown	pooled whole bodies 	Israel	RNA	PRJNA687318	2018	March	Paired	RT-PCR	Illumina HiSeq 4000	Illumina	Illumina HiSeq	Andrena	Andrenidae	Andreninae	Andrenini	whole body, pooled	whole body	Asia	Solitary
SRR13404632	-0.259975272078239	0.031419783123572	-0.0115011451179189	0.0721216902075599	0.00232875615658324	-0.100514469440615	Apis mellifera	Eusocial	Unknown	pooled whole bodies 	Israel	RNA	PRJNA687318	2018	March	Paired	RT-PCR	Illumina HiSeq 4000	Illumina	Illumina HiSeq	Apis	Apidae	Apinae	Apini	whole body, pooled	whole body	Asia	Complex Eusocial
SRR13404633	-0.207214803636147	0.188208352970468	-0.152978153342768	0.104949356887635	-0.0328125928934376	0.125067346267228	Andrena 	Solitary	Unknown	pooled whole bodies 	Israel	RNA	PRJNA687318	2018	March	Paired	RT-PCR	Illumina HiSeq 4000	Illumina	Illumina HiSeq	Andrena	Andrenidae	Andreninae	Andrenini	whole body, pooled	whole body	Asia	Solitary
SRR13404634	-0.263472642177223	0.038335306346619	-0.0301973700334696	0.089433740118497	0.0295712771508045	0.00495021559798057	Apis mellifera	Eusocial	Unknown	pooled whole bodies 	Israel	RNA	PRJNA687318	2018	March	Paired	RT-PCR	Illumina HiSeq 4000	Illumina	Illumina HiSeq	Apis	Apidae	Apinae	Apini	whole body, pooled	whole body	Asia	Complex Eusocial
SRR13404635	0.0396269925346685	0.195365820468989	-0.252546835853691	0.266256408009274	-0.151741107815734	0.150281599790227	Andrena 	Solitary	Unknown	pooled whole bodies 	Israel	RNA	PRJNA687318	2018	March	Paired	RT-PCR	Illumina HiSeq 4000	Illumina	Illumina HiSeq	Andrena	Andrenidae	Andreninae	Andrenini	whole body, pooled	whole body	Asia	Solitary
SRR13404636	-0.267514076938821	0.0318916830818514	-0.00994145180318838	0.0924030650347852	0.0639301104900339	-0.0108767583164483	Apis mellifera	Eusocial	Unknown	pooled whole bodies 	Israel	RNA	PRJNA687318	2018	March	Paired	RT-PCR	Illumina HiSeq 4000	Illumina	Illumina HiSeq	Apis	Apidae	Apinae	Apini	whole body, pooled	whole body	Asia	Complex Eusocial
SRR13404640	0.00993918022195734	0.177495522793224	-0.24713803712636	0.195546403769138	-0.143941266342448	0.212890992329251	Andrena 	Solitary	Unknown	pooled whole bodies 	Israel	RNA	PRJNA687318	2018	March	Paired	RT-PCR	Illumina HiSeq 4000	Illumina	Illumina HiSeq	Andrena	Andrenidae	Andreninae	Andrenini	whole body, pooled	whole body	Asia	Solitary
SRR13404641	-0.259963467604329	0.0322418243402266	-0.00984418371516876	0.11268734240298	0.0683741761959764	-0.122706639348117	Apis mellifera	Eusocial	Unknown	pooled whole bodies 	Israel	RNA	PRJNA687318	2018	March	Paired	RT-PCR	Illumina HiSeq 4000	Illumina	Illumina HiSeq	Apis	Apidae	Apinae	Apini	whole body, pooled	whole body	Asia	Complex Eusocial
SRR13442815	-0.210225635394195	-0.0130131882101474	0.0646965842347809	-0.0460806429950757	0.109806228832311	0.171692636195708	Apis mellifera	Eusocial	Unknown	whole body	Australia	RNA	PRJNA687066	2017	September	Paired	POLYA	BGISEQ-500	BGISEQ	BGISEQ	Apis	Apidae	Apinae	Apini	whole body	whole body	Oceania	Complex Eusocial
SRR13442818	0.10907664662604	-0.0472176388272536	-0.0644842700609816	0.0445179198229441	-0.081042500936935	0.374792182059271	Tetragonula carbonaria	Eusocial	Unknown	whole body	Australia	RNA	PRJNA687066	2017	September	Paired	POLYA	BGISEQ-500	BGISEQ	BGISEQ	Tetragonula	Apidae	Apinae	Meliponini	whole body	whole body	Oceania	Complex Eusocial
SRR13442819	-0.24310855397684	0.0442199876775175	-0.0717902992093883	-0.0898191636967518	0.06230029706668	0.188742444407116	Apis mellifera	Eusocial	Unknown	whole body	Australia	RNA	PRJNA687066	2017	September	Paired	POLYA	BGISEQ-500	BGISEQ	BGISEQ	Apis	Apidae	Apinae	Apini	whole body	whole body	Oceania	Complex Eusocial
SRR13442828	-0.222579492421516	0.00317506095277475	0.0181827214647733	-0.0540273803290287	0.0596300260027052	0.179558230218274	Apis mellifera	Eusocial	Unknown	whole body	Australia	RNA	PRJNA687066	2017	October	Paired	POLYA	BGISEQ-500	BGISEQ	BGISEQ	Apis	Apidae	Apinae	Apini	whole body	whole body	Oceania	Complex Eusocial
SRR13442829	-0.146285514997636	-0.051070715190443	0.092893563410619	-0.0459081276116657	0.154465290956014	0.278840386894616	Apis mellifera	Eusocial	Unknown	whole body	Australia	RNA	PRJNA687066	2017	October	Paired	POLYA	BGISEQ-500	BGISEQ	BGISEQ	Apis	Apidae	Apinae	Apini	whole body	whole body	Oceania	Complex Eusocial
SRR13442831	-0.255713955695406	-0.0290912180794867	0.119158855056031	-0.0439460744401839	0.000351539372645744	0.0419778190565443	Apis mellifera	Eusocial	Unknown	whole body	Australia	RNA	PRJNA687066	2017	September	Paired	POLYA	BGISEQ-500	BGISEQ	BGISEQ	Apis	Apidae	Apinae	Apini	whole body	whole body	Oceania	Complex Eusocial
SRR13769013	-0.0690533607880688	-0.0216395182229359	-0.0952974502342186	-0.163959318044199	-0.252787030790098	0.0979272138287293	Bombus	Eusocial	Unknown	pooled whole bodies (293)	Scotland	RNA	PRJNA704259	2021	NA	Paired	RT-PCR	MGI DNBSEQ-G400	MGI	MGI	Bombus	Apidae	Apinae	Bombini	whole body, pooled	whole body	Europe	Primitive Eusocial
SRR13769014	-0.258734916492981	0.0293733556508344	0.0685832479895693	0.0493392312060926	-0.0827628138334096	-0.023004833119531	Bombus pascuorum	Eusocial	Unknown	pooled whole bodies (182)	Scotland	RNA	PRJNA704259	2021	NA	Paired	RT-PCR	MGI DNBSEQ-G400	MGI	MGI	Bombus	Apidae	Apinae	Bombini	whole body, pooled	whole body	Europe	Primitive Eusocial
SRR13769015	-0.201799284448442	-0.0465057178953845	0.0628367902913603	-0.0628306609085555	-0.12145889587391	0.0875009195395791	Bombus pascuorum	Eusocial	Unknown	pooled whole bodies (182)	Scotland	RNA	PRJNA704259	2021	NA	Paired	RT-PCR	MGI DNBSEQ-G400	MGI	MGI	Bombus	Apidae	Apinae	Bombini	whole body, pooled	whole body	Europe	Primitive Eusocial
SRR13769016	-0.20369968698849	-0.01494258835074	-0.0394579593482889	-0.00504349662577982	-0.199656538743237	-0.0436356475513711	Bombus lucorum	Eusocial	Unknown	pooled whole bodies (212)	Scotland	RNA	PRJNA704259	2021	NA	Paired	RT-PCR	MGI DNBSEQ-G400	MGI	MGI	Bombus	Apidae	Apinae	Bombini	whole body, pooled	whole body	Europe	Primitive Eusocial
SRR13769017	-0.182280036296347	-0.0197191544777495	-0.0444694886728084	-0.030624665100519	-0.230203539227668	-0.00234282580169019	Bombus lucorum	Eusocial	Unknown	pooled whole bodies (212)	Scotland	RNA	PRJNA704259	2021	NA	Paired	RT-PCR	MGI DNBSEQ-G400	MGI	MGI	Bombus	Apidae	Apinae	Bombini	whole body, pooled	whole body	Europe	Primitive Eusocial
SRR13769018	-0.209745238737642	0.0236573994379005	-0.0569932661488783	0.0186758387910203	-0.137855429352471	0.116852091749657	Bombus terrestris	Eusocial	Unknown	pooled whole bodies (239)	Scotland	RNA	PRJNA704259	2021	NA	Paired	RT-PCR	MGI DNBSEQ-G400	MGI	MGI	Bombus	Apidae	Apinae	Bombini	whole body, pooled	whole body	Europe	Primitive Eusocial
SRR13769019	-0.137838301939678	-0.055847575604731	-0.0384959659488547	-0.0872078909289137	-0.225809827386353	0.0833303677903567	Bombus terrestris	Eusocial	Unknown	pooled whole bodies (239)	Scotland	RNA	PRJNA704259	2021	NA	Paired	RT-PCR	MGI DNBSEQ-G400	MGI	MGI	Bombus	Apidae	Apinae	Bombini	whole body, pooled	whole body	Europe	Primitive Eusocial
SRR1380984	-0.0130289940328547	0.143157036526541	-0.281785253436085	-0.171416767040733	-0.0766858004532071	-0.236514665326225	Apis cerana	Eusocial	Female	gut	South Korea	RNA	PRJNA235974	2013	NA	Paired	POLYA	Illumina HiSeq 2000	Illumina	Illumina HiSeq	Apis	Apidae	Apinae	Apini	gut	gut	Asia	Complex Eusocial
SRR14567209	0.105761575530482	-0.124483465873197	-0.307671374126407	0.0814692306029384	0.1812177007738	0.0221371782078021	Bombus terricola	Eusocial	Unknown	abdomen	Canada	RNA	PRJNA730495	2021	NA	Paired	CDNA	Illumina HiSeq 4000	Illumina	Illumina HiSeq	Bombus	Apidae	Apinae	Bombini	abdomen	abdomen	North America	Primitive Eusocial
SRR14567210	0.11869772490977	-0.134969701643979	-0.296626830288638	0.0853645893413742	0.190136668161066	0.00897699974149862	Bombus terricola	Eusocial	Unknown	abdomen	Canada	RNA	PRJNA730495	2021	NA	Paired	CDNA	Illumina HiSeq 4000	Illumina	Illumina HiSeq	Bombus	Apidae	Apinae	Bombini	abdomen	abdomen	North America	Primitive Eusocial
SRR14567211	0.116781963850293	-0.137435455350222	-0.300422439919928	0.0792275379042895	0.172629895489222	0.0220737061503695	Bombus terricola	Eusocial	Unknown	abdomen	Canada	RNA	PRJNA730495	2021	NA	Paired	CDNA	Illumina HiSeq 4000	Illumina	Illumina HiSeq	Bombus	Apidae	Apinae	Bombini	abdomen	abdomen	North America	Primitive Eusocial
SRR14567212	0.112081755967686	-0.140250640502004	-0.294721846584617	0.0660070603173297	0.186517490130058	0.00761928942171851	Bombus terricola	Eusocial	Unknown	abdomen	Canada	RNA	PRJNA730495	2021	NA	Paired	CDNA	Illumina HiSeq 4000	Illumina	Illumina HiSeq	Bombus	Apidae	Apinae	Bombini	abdomen	abdomen	North America	Primitive Eusocial
SRR14567213	0.110154369586101	-0.134811505427145	-0.300932112432979	0.0848687320908942	0.168468221272887	-0.00322739592895305	Bombus terricola	Eusocial	Unknown	abdomen	Canada	RNA	PRJNA730495	2021	NA	Paired	CDNA	Illumina HiSeq 4000	Illumina	Illumina HiSeq	Bombus	Apidae	Apinae	Bombini	abdomen	abdomen	North America	Primitive Eusocial
SRR14567214	0.108203857745351	-0.135788358542	-0.303884454646339	0.0760410783712253	0.161521958334458	0.0122622298514388	Bombus terricola	Eusocial	Unknown	abdomen	Canada	RNA	PRJNA730495	2021	NA	Paired	CDNA	Illumina HiSeq 4000	Illumina	Illumina HiSeq	Bombus	Apidae	Apinae	Bombini	abdomen	abdomen	North America	Primitive Eusocial
SRR14567217	0.119066985986688	-0.144954734385182	-0.293579045148071	0.0887227481879176	0.179313507329886	0.00616464458682608	Bombus terricola	Eusocial	Unknown	abdomen	Canada	RNA	PRJNA730495	2021	NA	Paired	CDNA	Illumina HiSeq 4000	Illumina	Illumina HiSeq	Bombus	Apidae	Apinae	Bombini	abdomen	abdomen	North America	Primitive Eusocial
SRR14567218	0.125646316416328	-0.140594508342675	-0.297829462572832	0.0793282251818772	0.171541834386476	0.0139401241475973	Bombus terricola	Eusocial	Unknown	abdomen	Canada	RNA	PRJNA730495	2021	NA	Paired	CDNA	Illumina HiSeq 4000	Illumina	Illumina HiSeq	Bombus	Apidae	Apinae	Bombini	abdomen	abdomen	North America	Primitive Eusocial
SRR14567219	0.12320739659486	-0.141009092695929	-0.291760803853608	0.0689913751040055	0.186309357369121	0.0177175311829416	Bombus terricola	Eusocial	Unknown	abdomen	Canada	RNA	PRJNA730495	2021	NA	Paired	CDNA	Illumina HiSeq 4000	Illumina	Illumina HiSeq	Bombus	Apidae	Apinae	Bombini	abdomen	abdomen	North America	Primitive Eusocial
SRR14567220	0.116608337207617	-0.126546855451568	-0.299822596818287	0.0789842744807769	0.201916246862143	0.0106569974141574	Bombus terricola	Eusocial	Unknown	abdomen	Canada	RNA	PRJNA730495	2021	NA	Paired	CDNA	Illumina HiSeq 4000	Illumina	Illumina HiSeq	Bombus	Apidae	Apinae	Bombini	abdomen	abdomen	North America	Primitive Eusocial
SRR14567221	0.124417989966365	-0.143152137615384	-0.287671333669049	0.0717765440380221	0.195266583081436	0.00973836204008017	Bombus terricola	Eusocial	Unknown	abdomen	Canada	RNA	PRJNA730495	2021	NA	Paired	CDNA	Illumina HiSeq 4000	Illumina	Illumina HiSeq	Bombus	Apidae	Apinae	Bombini	abdomen	abdomen	North America	Primitive Eusocial
SRR14567222	0.0944181848303003	-0.136072481732802	-0.283089163535062	0.062108420893147	0.178985411563078	0.0177790588484625	Bombus terricola	Eusocial	Unknown	abdomen	Canada	RNA	PRJNA730495	2021	NA	Paired	CDNA	Illumina HiSeq 4000	Illumina	Illumina HiSeq	Bombus	Apidae	Apinae	Bombini	abdomen	abdomen	North America	Primitive Eusocial
SRR1503088	-0.11135609165702	-0.131170956614363	0.130589381311625	-0.211466415497597	0.137713445797643	0.127988111528318	Bombus rupestris	Eusocial	Female	whole body	France	RNA	PRJNA252285	2011	July	Paired	CDNA	Illumina HiSeq 2000	Illumina	Illumina HiSeq	Bombus	Apidae	Apinae	Bombini	whole body	whole body	Europe	Primitive Eusocial
SRR1503113	0.0485349315694917	-0.0760013726552524	0.0218992457652128	-0.0856260114216588	-0.407230140479877	0.113963076378317	Euglossa dilemma	Polymorphic	Unknown	whole body	Florida	RNA	PRJNA252310	2012	January	Paired	CDNA	Illumina HiSeq 2000	Illumina	Illumina HiSeq	Euglossa	Apidae	Apinae	Euglossini	whole body	whole body	North America	Polymorphic
SRR15496106	-0.271552526577149	-0.00600216882619633	0.0608142778758485	0.0376925552319609	0.00784261037220028	-0.0303036323232958	Apis mellifera	Eusocial	Female	abdomen	China	RNA	PRJNA754836	2021	May	Paired	PCR	Illumina NovaSeq 6000	Illumina	Illumina NovaSeq	Apis	Apidae	Apinae	Apini	abdomen	abdomen	Asia	Complex Eusocial
SRR15496107	-0.277226540700506	0.000954954070826982	0.0598078259041023	0.0582933297004376	-0.0121352309883839	-0.0523459231020556	Apis mellifera	Eusocial	Female	abdomen	China	RNA	PRJNA754836	2021	May	Paired	PCR	Illumina NovaSeq 6000	Illumina	Illumina NovaSeq	Apis	Apidae	Apinae	Apini	abdomen	abdomen	Asia	Complex Eusocial
SRR15496108	-0.217043231870492	-0.0257242611579383	0.0570766732781088	0.0352806253166462	0.0532580189950621	0.202632173437974	Apis mellifera	Eusocial	Female	abdomen	China	RNA	PRJNA754836	2021	May	Paired	PCR	Illumina NovaSeq 6000	Illumina	Illumina NovaSeq	Apis	Apidae	Apinae	Apini	abdomen	abdomen	Asia	Complex Eusocial
SRR15496109	-0.221507904279602	-0.0168897528747232	0.042643052680685	0.0779275817570825	0.0433127850413123	0.229482153522822	Apis mellifera	Eusocial	Female	abdomen	China	RNA	PRJNA754836	2021	May	Paired	PCR	Illumina NovaSeq 6000	Illumina	Illumina NovaSeq	Apis	Apidae	Apinae	Apini	abdomen	abdomen	Asia	Complex Eusocial
SRR15496114	-0.274575972317794	-0.0288696372662127	0.1213895057119	0.0224939453653362	-0.00774552061909983	-0.00215316364556931	Apis mellifera	Eusocial	Female	abdomen	China	RNA	PRJNA754836	2021	May	Paired	PCR	Illumina NovaSeq 6000	Illumina	Illumina NovaSeq	Apis	Apidae	Apinae	Apini	abdomen	abdomen	Asia	Complex Eusocial
SRR15496115	-0.269646771173272	-0.0335622911925427	0.108205772634492	0.031532311888836	0.00601354397390247	0.0280556208763597	Apis mellifera	Eusocial	Female	abdomen	China	RNA	PRJNA754836	2021	May	Paired	PCR	Illumina NovaSeq 6000	Illumina	Illumina NovaSeq	Apis	Apidae	Apinae	Apini	abdomen	abdomen	Asia	Complex Eusocial
SRR17475010	0.183406292967646	-0.120381943462427	-0.350557654148959	0.0966309849113401	0.181869489946478	-0.00857453527235593	Apis mellifera	Eusocial	Female	abdomen	China	RNA	PRJNA793424	2020	September	Paired	RANDOM	Illumina NovaSeq 6000	Illumina	Illumina NovaSeq	Apis	Apidae	Apinae	Apini	abdomen	abdomen	Asia	Complex Eusocial
SRR17475011	0.210534833706821	-0.103986529592941	-0.359831372193987	0.10486071099936	0.171088178816658	-0.019874501265214	Apis mellifera	Eusocial	Female	abdomen	China	RNA	PRJNA793424	2020	September	Paired	RANDOM	Illumina NovaSeq 6000	Illumina	Illumina NovaSeq	Apis	Apidae	Apinae	Apini	abdomen	abdomen	Asia	Complex Eusocial
SRR17475012	0.370181702528538	0.0134661965190944	-0.416996954200313	0.151461800406906	0.0255876821909306	-0.0889414301949298	Apis mellifera	Eusocial	Female	abdomen	China	RNA	PRJNA793424	2020	September	Paired	RANDOM	Illumina NovaSeq 6000	Illumina	Illumina NovaSeq	Apis	Apidae	Apinae	Apini	abdomen	abdomen	Asia	Complex Eusocial
SRR17475013	0.163085693588365	-0.121292599137487	-0.35571763931829	0.100892062483274	0.184161793323009	-0.0107275136491495	Apis mellifera	Eusocial	Female	abdomen	China	RNA	PRJNA793424	2020	September	Paired	RANDOM	Illumina NovaSeq 6000	Illumina	Illumina NovaSeq	Apis	Apidae	Apinae	Apini	abdomen	abdomen	Asia	Complex Eusocial
SRR17475014	0.250497323625686	0.194104108531174	0.0721443833097775	0.009058445082259	0.0698225147815488	-0.0123539834936778	Apis mellifera	Eusocial	Female	abdomen	China	RNA	PRJNA793424	2020	September	Paired	RANDOM	Illumina NovaSeq 6000	Illumina	Illumina NovaSeq	Apis	Apidae	Apinae	Apini	abdomen	abdomen	Asia	Complex Eusocial
SRR1790685	-0.08300592535274	-0.147868149277002	0.188358872203587	-0.219746285103791	0.147748405737443	0.172615326785607	Apis mellifera	Eusocial	Female	pool of abdomens and fat bodies	California	RNA	PRJNA274674	2015	NA	Paired	CDNA	Illumina HiSeq 2000	Illumina	Illumina HiSeq	Apis	Apidae	Apinae	Apini	abdomen and fatbody, pooled	abdomen and fat body	North America	Complex Eusocial
SRR1790686	-0.0139565997013756	-0.0762554129733189	-0.049476360977029	-0.0613240702513658	-0.343307852072469	0.162317027211023	Apis mellifera	Eusocial	Female	pool of abdomens and fat bodies	California	RNA	PRJNA274674	2015	NA	Paired	CDNA	Illumina HiSeq 2000	Illumina	Illumina HiSeq	Apis	Apidae	Apinae	Apini	abdomen and fatbody, pooled	abdomen and fat body	North America	Complex Eusocial
SRR1790687	0.0279829735430808	-0.0492605913061239	0.0567623544267139	-0.12995486099902	-0.411806935383863	0.161477201029721	Apis mellifera	Eusocial	Female	pool of abdomens and fat bodies	California	RNA	PRJNA274674	2015	NA	Paired	CDNA	Illumina HiSeq 2000	Illumina	Illumina HiSeq	Apis	Apidae	Apinae	Apini	abdomen and fatbody, pooled	abdomen and fat body	North America	Complex Eusocial
SRR18500042	-0.127502868559678	0.133979088111366	0.0463220209766772	-0.136675741920911	-0.0438640254653837	-0.0321126404480666	Apis mellifera	Eusocial	Female	pooled whole bodies	New Zealand	RNA	PRJNA820512	2021	NA	Paired	NA	Illumina NovaSeq 6000	Illumina	Illumina NovaSeq	Apis	Apidae	Apinae	Apini	whole body, pooled	whole body	Oceania	Complex Eusocial
SRR18500043	-0.172215192661769	-0.0628821391409469	0.0235327749825949	-0.186800094442155	0.0229849970813469	0.0993651505557802	Apis mellifera	Eusocial	Female	pooled whole bodies	New Zealand	RNA	PRJNA820512	2021	NA	Paired	NA	Illumina NovaSeq 6000	Illumina	Illumina NovaSeq	Apis	Apidae	Apinae	Apini	whole body, pooled	whole body	Oceania	Complex Eusocial
SRR18500044	-0.251757294975714	-0.0297519472345337	0.0804370517839038	-0.0716863407003844	0.043155613235988	0.00226487020584477	Apis mellifera	Eusocial	Female	pooled whole bodies	New Zealand	RNA	PRJNA820512	2021	NA	Paired	NA	Illumina NovaSeq 6000	Illumina	Illumina NovaSeq	Apis	Apidae	Apinae	Apini	whole body, pooled	whole body	Oceania	Complex Eusocial
SRR18500045	-0.210602746448348	-0.0476554841520706	0.0517467796960692	-0.166495899163139	0.0473827165697781	0.0763775843435468	Apis mellifera	Eusocial	Female	pooled whole bodies	New Zealand	RNA	PRJNA820512	2021	NA	Paired	NA	Illumina NovaSeq 6000	Illumina	Illumina NovaSeq	Apis	Apidae	Apinae	Apini	whole body, pooled	whole body	Oceania	Complex Eusocial
SRR18500050	-0.224216314260817	-0.0638189241960533	0.0132183678307017	-0.120860542649295	0.0139721628554255	9.27816243369654e-05	Apis mellifera	Eusocial	Female	pooled whole bodies	New Zealand	RNA	PRJNA820512	2021	NA	Paired	NA	Illumina NovaSeq 6000	Illumina	Illumina NovaSeq	Apis	Apidae	Apinae	Apini	whole body, pooled	whole body	Oceania	Complex Eusocial
SRR18500061	-0.254454973043289	0.0803865464131284	-0.082032865946898	-0.202647943384413	0.0508549896435106	-0.00903634089722865	Apis mellifera	Eusocial	Female	pooled whole bodies	New Zealand	RNA	PRJNA820512	2021	NA	Paired	NA	Illumina NovaSeq 6000	Illumina	Illumina NovaSeq	Apis	Apidae	Apinae	Apini	whole body, pooled	whole body	Oceania	Complex Eusocial
SRR18500072	-0.202518562281251	-0.0584407058175878	-0.0485638964403341	-0.173113505626706	0.0346697774055502	-0.0529335362325321	Apis mellifera	Eusocial	Female	pooled whole bodies	New Zealand	RNA	PRJNA820512	2021	NA	Paired	NA	Illumina NovaSeq 6000	Illumina	Illumina NovaSeq	Apis	Apidae	Apinae	Apini	whole body, pooled	whole body	Oceania	Complex Eusocial
SRR18500076	-0.238611931970433	-0.00143111597956566	-0.00234839776930493	-0.185007542817209	0.0628584136573731	0.0436699855863657	Apis mellifera	Eusocial	Female	pooled whole bodies	New Zealand	RNA	PRJNA820512	2021	NA	Paired	NA	Illumina NovaSeq 6000	Illumina	Illumina NovaSeq	Apis	Apidae	Apinae	Apini	whole body, pooled	whole body	Oceania	Complex Eusocial
SRR18500077	-0.275370234414466	0.0371846150369568	-0.0238380033967487	-0.0340555913718631	0.021821127854634	-0.0596950732767661	Apis mellifera	Eusocial	Female	pooled whole bodies	New Zealand	RNA	PRJNA820512	2021	NA	Paired	NA	Illumina NovaSeq 6000	Illumina	Illumina NovaSeq	Apis	Apidae	Apinae	Apini	whole body, pooled	whole body	Oceania	Complex Eusocial
SRR18500078	-0.280672962875756	0.0417138654569373	-0.0413482138642957	-0.0766907645520484	0.00617185187855571	-0.0334874030130651	Apis mellifera	Eusocial	Female	pooled whole bodies	New Zealand	RNA	PRJNA820512	2021	NA	Paired	NA	Illumina NovaSeq 6000	Illumina	Illumina NovaSeq	Apis	Apidae	Apinae	Apini	whole body, pooled	whole body	Oceania	Complex Eusocial
SRR18500079	-0.277119756014768	-0.00240253711595088	-0.0576345987918962	0.00181156100908853	0.0184487378611722	0.0154250900549642	Apis mellifera	Eusocial	Female	pooled whole bodies	New Zealand	RNA	PRJNA820512	2021	NA	Paired	NA	Illumina NovaSeq 6000	Illumina	Illumina NovaSeq	Apis	Apidae	Apinae	Apini	whole body, pooled	whole body	Oceania	Complex Eusocial
SRR18500080	-0.238208794250047	-0.0469117698360296	0.0354172627289976	-0.0885287628666817	0.0392232257155055	0.0511043776050091	Apis mellifera	Eusocial	Female	pooled whole bodies	New Zealand	RNA	PRJNA820512	2021	NA	Paired	NA	Illumina NovaSeq 6000	Illumina	Illumina NovaSeq	Apis	Apidae	Apinae	Apini	whole body, pooled	whole body	Oceania	Complex Eusocial
SRR18500081	-0.254480419744304	-0.011543801052331	0.023390420048686	-0.114739209657148	0.0521481031412922	-0.0141533129394514	Apis mellifera	Eusocial	Female	pooled whole bodies	New Zealand	RNA	PRJNA820512	2021	NA	Paired	NA	Illumina NovaSeq 6000	Illumina	Illumina NovaSeq	Apis	Apidae	Apinae	Apini	whole body, pooled	whole body	Oceania	Complex Eusocial
SRR18500082	-0.266245482047696	-0.00164428174672673	-0.00539222526842283	-0.0757039333464415	0.0541318219440217	0.0013570170014747	Apis mellifera	Eusocial	Female	pooled whole bodies	New Zealand	RNA	PRJNA820512	2021	NA	Paired	NA	Illumina NovaSeq 6000	Illumina	Illumina NovaSeq	Apis	Apidae	Apinae	Apini	whole body, pooled	whole body	Oceania	Complex Eusocial
SRR18500083	-0.261734549076221	0.0535955553468334	-0.0385508201928183	-0.172799043989057	0.0208520846605557	0.00913959429060717	Apis mellifera	Eusocial	Female	pooled whole bodies	New Zealand	RNA	PRJNA820512	2021	NA	Paired	NA	Illumina NovaSeq 6000	Illumina	Illumina NovaSeq	Apis	Apidae	Apinae	Apini	whole body, pooled	whole body	Oceania	Complex Eusocial
SRR18500084	-0.242766248669247	-0.0335446757218846	0.0167951255016418	-0.102356833202506	0.0429666846733741	0.0240717227091858	Apis mellifera	Eusocial	Female	pooled whole bodies	New Zealand	RNA	PRJNA820512	2021	NA	Paired	NA	Illumina NovaSeq 6000	Illumina	Illumina NovaSeq	Apis	Apidae	Apinae	Apini	whole body, pooled	whole body	Oceania	Complex Eusocial
SRR18500085	-0.24638295618736	-0.0305820093322302	-0.0230534835973115	-0.106215560169097	-0.0137237318210306	0.0135803988142003	Apis mellifera	Eusocial	Female	pooled whole bodies	New Zealand	RNA	PRJNA820512	2021	NA	Paired	NA	Illumina NovaSeq 6000	Illumina	Illumina NovaSeq	Apis	Apidae	Apinae	Apini	whole body, pooled	whole body	Oceania	Complex Eusocial
SRR18500086	-0.253801916721949	-0.0110168588959414	-0.00255927247218038	-0.076188853093889	0.0376324471727273	-0.0640846405422826	Apis mellifera	Eusocial	Female	pooled whole bodies	New Zealand	RNA	PRJNA820512	2021	NA	Paired	NA	Illumina NovaSeq 6000	Illumina	Illumina NovaSeq	Apis	Apidae	Apinae	Apini	whole body, pooled	whole body	Oceania	Complex Eusocial
SRR18500087	-0.243016841773165	0.0421668125441621	-0.0457329741418395	-0.217237010848101	0.0511677633053911	0.0156004751278908	Apis mellifera	Eusocial	Female	pooled whole bodies	New Zealand	RNA	PRJNA820512	2021	NA	Paired	NA	Illumina NovaSeq 6000	Illumina	Illumina NovaSeq	Apis	Apidae	Apinae	Apini	whole body, pooled	whole body	Oceania	Complex Eusocial
SRR18500088	-0.218954362644405	-0.0849563831251816	0.010783582364801	-0.125033930101698	-0.0142721176644847	-0.056048851181909	Apis mellifera	Eusocial	Female	pooled whole bodies	New Zealand	RNA	PRJNA820512	2021	NA	Paired	NA	Illumina NovaSeq 6000	Illumina	Illumina NovaSeq	Apis	Apidae	Apinae	Apini	whole body, pooled	whole body	Oceania	Complex Eusocial
SRR18500089	-0.0830059124526108	-0.147868151997967	0.188358806087624	-0.219746266047577	0.147748492301727	0.172615332393395	Apis mellifera	Eusocial	Female	pooled whole bodies	New Zealand	RNA	PRJNA820512	2021	NA	Paired	NA	Illumina NovaSeq 6000	Illumina	Illumina NovaSeq	Apis	Apidae	Apinae	Apini	whole body, pooled	whole body	Oceania	Complex Eusocial
SRR18500090	-0.233469396906004	-0.0260017626064291	0.033471462539747	-0.125309965612757	0.0444073872777895	0.049467314694637	Apis mellifera	Eusocial	Female	pooled whole bodies	New Zealand	RNA	PRJNA820512	2021	NA	Paired	NA	Illumina NovaSeq 6000	Illumina	Illumina NovaSeq	Apis	Apidae	Apinae	Apini	whole body, pooled	whole body	Oceania	Complex Eusocial
SRR18500091	-0.240731597762614	0.0129776232391804	-0.0645006920316736	-0.127854679203025	-0.084409994446332	-0.0229745814639246	Apis mellifera	Eusocial	Female	pooled whole bodies	New Zealand	RNA	PRJNA820512	2021	NA	Paired	NA	Illumina NovaSeq 6000	Illumina	Illumina NovaSeq	Apis	Apidae	Apinae	Apini	whole body, pooled	whole body	Oceania	Complex Eusocial
SRR2895245	0.235293369049414	0.223527035324482	0.127133001970233	0.00335356553690181	0.0456650820529772	-0.00931544910611998	Osmia bicornis	Solitary	Female	whole body	Germany	RNA	PRJNA285788	2016	May	Paired	POLYA	Illumina HiSeq 2000	Illumina	Illumina HiSeq	Osmia	Megachilidae	Megachilinae	Osmiini	whole body	whole body	Europe	Solitary
SRR2895246	0.244175740576673	0.175539529555997	0.0579271582476061	-0.0366663133023417	-0.0280018197034502	-0.0706027280028231	Osmia bicornis	Solitary	Female	whole body	Germany	RNA	PRJNA285788	2016	May	Paired	POLYA	Illumina HiSeq 2000	Illumina	Illumina HiSeq	Osmia	Megachilidae	Megachilinae	Osmiini	whole body	whole body	Europe	Solitary
SRR2895247	0.237261383312564	0.189789801312822	0.100333894353402	-0.00765773649609559	-0.0222017656340633	-0.0590491647298305	Osmia bicornis	Solitary	Female	whole body	Germany	RNA	PRJNA285788	2016	May	Paired	POLYA	Illumina HiSeq 2000	Illumina	Illumina HiSeq	Osmia	Megachilidae	Megachilinae	Osmiini	whole body	whole body	Europe	Solitary
SRR2895248	0.260593849606692	0.13844384284883	0.102459025904015	0.0226252960530567	-0.0379110582378935	-0.0635951297543245	Osmia bicornis	Solitary	Female	whole body	Germany	RNA	PRJNA285788	2016	May	Paired	POLYA	Illumina HiSeq 2000	Illumina	Illumina HiSeq	Osmia	Megachilidae	Megachilinae	Osmiini	whole body	whole body	Europe	Solitary
SRR2895249	0.227921270101499	0.238029716441241	0.0953840442326884	0.0129719728553397	0.0310871087238776	0.00560300090422943	Osmia bicornis	Solitary	Male	whole body	Germany	RNA	PRJNA285788	2016	May	Paired	POLYA	Illumina HiSeq 2000	Illumina	Illumina HiSeq	Osmia	Megachilidae	Megachilinae	Osmiini	whole body	whole body	Europe	Solitary
SRR2895250	0.230784597071828	0.231446216862081	0.110886449713911	0.0127807819931635	0.035830175511714	-0.000685218406593581	Osmia bicornis	Solitary	Male	whole body	Germany	RNA	PRJNA285788	2016	May	Paired	POLYA	Illumina HiSeq 2000	Illumina	Illumina HiSeq	Osmia	Megachilidae	Megachilinae	Osmiini	whole body	whole body	Europe	Solitary
SRR2895251	0.231266722591291	0.228230357615693	0.0962939038982194	-0.00851268711115274	-0.0095815775715036	-0.0214908216190185	Osmia bicornis	Solitary	Male	whole body	Germany	RNA	PRJNA285788	2016	May	Paired	POLYA	Illumina HiSeq 2000	Illumina	Illumina HiSeq	Osmia	Megachilidae	Megachilinae	Osmiini	whole body	whole body	Europe	Solitary
SRR2915407	0.108402871946915	0.124342838966541	-0.306976254795823	-0.292173376511184	-0.0594895334365521	-0.177178011498374	Ceratina australensis	Polymorphic	Unknown	whole body	Australia	RNA	PRJNA302035	2014	December	Paired	CDNA	Illumina HiSeq 2500	Illumina	Illumina HiSeq	Ceratina	Apidae	Xylocopinae	Ceratini	whole body	whole body	Oceania	Polymorphic
SRR2954866	0.0799793460800375	0.185652248397661	-0.32780147877814	-0.242158833575354	-0.0696135411843152	-0.191749098737876	Ceratina australensis	Polymorphic	Unknown	whole body	Australia	RNA	PRJNA302035	2014	December	Paired	CDNA	Illumina HiSeq 2500	Illumina	Illumina HiSeq	Ceratina	Apidae	Xylocopinae	Ceratini	whole body	whole body	Oceania	Polymorphic
SRR3383869	-0.263402558718965	0.0176292298409924	0.06591550121588	0.149805331750252	-0.0591393915090417	-0.0749414862643286	Bombus pascuorum	Eusocial	Female	head and abdomen (pooled 5 queens)	Belgium	RNA	PRJNA318490	2015	NA	Single	CDNA	Ion Torrent PGM	Ion Torrent	Ion Torrent	Bombus	Apidae	Apinae	Bombini	abdomen and head, pooled	abdomen and head	Europe	Primitive Eusocial
SRR3383871	0.00177424002960544	0.331424851028313	-0.287264259638186	0.208029095670564	-0.134642356391521	0.15195370534169	Andrena vaga	Solitary	Female	head and abdomen (pooled 5 females)	Belgium	RNA	PRJNA318490	2015	NA	Single	CDNA	Ion Torrent PGM	Ion Torrent	Ion Torrent	Andrena	Andrenidae	Andreninae	Andrenini	abdomen and head, pooled	abdomen and head	Europe	Solitary
SRR3948528	0.155521342358042	-0.324223525152557	0.153821702073952	0.184431668079589	-0.031098229672308	-0.0512203150370678	Megalopta genalis	Polymorphic	Female	whole body	Panama	RNA	PRJNA331103	2014	July	Paired	POLYA	Illumina HiSeq 2500	Illumina	Illumina HiSeq	Megalopta	Halictidae	Halictinae	Augochlorini	whole body	whole body	North America	Polymorphic
SRR3948531	0.170465264533262	-0.32164930681739	0.149571549265824	0.190003260892085	-0.00351652485492063	0.0307343386808464	Megalopta genalis	Polymorphic	Female	whole body	Panama	RNA	PRJNA331103	2014	July	Paired	POLYA	Illumina HiSeq 2500	Illumina	Illumina HiSeq	Megalopta	Halictidae	Halictinae	Augochlorini	whole body	whole body	North America	Polymorphic
SRR3948533	0.121147831054294	-0.323193450623713	0.16104457090259	0.155338946084252	-0.109386814242999	0.026228114402044	Megalopta genalis	Polymorphic	Female	whole body	Panama	RNA	PRJNA331103	2014	July	Paired	POLYA	Illumina HiSeq 2500	Illumina	Illumina HiSeq	Megalopta	Halictidae	Halictinae	Augochlorini	whole body	whole body	North America	Polymorphic
SRR3948536	0.0614886642898868	-0.0149987295737298	-0.0578579154192766	0.392341115667019	-0.174997303179217	-0.102418786695705	Megalopta genalis	Polymorphic	Female	whole body	Panama	RNA	PRJNA331103	2013	July	Paired	POLYA	Illumina HiSeq 2500	Illumina	Illumina HiSeq	Megalopta	Halictidae	Halictinae	Augochlorini	whole body	whole body	North America	Polymorphic
SRR3948537	0.094826355546144	-0.273719881127817	0.15489799256323	0.277433907578823	-0.0344939420432183	0.0376889236612007	Megalopta genalis	Polymorphic	Female	whole body	Panama	RNA	PRJNA331103	2014	July	Paired	POLYA	Illumina HiSeq 2500	Illumina	Illumina HiSeq	Megalopta	Halictidae	Halictinae	Augochlorini	whole body	whole body	North America	Polymorphic
SRR3948540	0.128838067226323	-0.318908314498043	0.165449293465674	0.202313474969852	0.000845581297451344	-0.0395120691712914	Megalopta genalis	Polymorphic	Female	whole body	Panama	RNA	PRJNA331103	2014	May	Paired	POLYA	Illumina HiSeq 2500	Illumina	Illumina HiSeq	Megalopta	Halictidae	Halictinae	Augochlorini	whole body	whole body	North America	Polymorphic
SRR3948542	0.0988304987397281	-0.297260923176469	0.160953866862109	0.246563128097014	-0.0363912031230726	0.043803902500469	Megalopta genalis	Polymorphic	Female	whole body	Panama	RNA	PRJNA331103	2014	May	Paired	POLYA	Illumina HiSeq 2500	Illumina	Illumina HiSeq	Megalopta	Halictidae	Halictinae	Augochlorini	whole body	whole body	North America	Polymorphic
SRR3948544	0.126963239918348	-0.278252258884681	0.0966692891488356	0.235873628352144	-0.0970894565386345	0.0668776209115528	Megalopta genalis	Polymorphic	Female	whole body	Panama	RNA	PRJNA331103	2014	April	Paired	POLYA	Illumina HiSeq 2500	Illumina	Illumina HiSeq	Megalopta	Halictidae	Halictinae	Augochlorini	whole body	whole body	North America	Polymorphic
SRR3948550	0.13200792580084	-0.328570704476835	0.171394204924266	0.185557085323027	0.0163999733513316	-0.0283705306762528	Megalopta genalis	Polymorphic	Female	whole body	Panama	RNA	PRJNA331103	2014	April	Paired	POLYA	Illumina HiSeq 2500	Illumina	Illumina HiSeq	Megalopta	Halictidae	Halictinae	Augochlorini	whole body	whole body	North America	Polymorphic
SRR3948554	0.154058070662095	-0.330569217458796	0.162846037727353	0.182555875450203	-0.00431093695763264	-0.0465773436773912	Megalopta genalis	Polymorphic	Female	whole body	Panama	RNA	PRJNA331103	2014	May	Paired	POLYA	Illumina HiSeq 2500	Illumina	Illumina HiSeq	Megalopta	Halictidae	Halictinae	Augochlorini	whole body	whole body	North America	Polymorphic
SRR3948556	0.14729468090261	-0.286987116115486	0.0702231423373113	0.193789329503185	-0.130601030160464	-0.105003253197691	Megalopta genalis	Polymorphic	Female	whole body	Panama	RNA	PRJNA331103	2014	April	Paired	POLYA	Illumina HiSeq 2500	Illumina	Illumina HiSeq	Megalopta	Halictidae	Halictinae	Augochlorini	whole body	whole body	North America	Polymorphic
SRR3948560	0.110457255537271	-0.337999799676082	0.178127810105339	0.201701461313236	0.0288005512001587	-0.000509517240559452	Megalopta genalis	Polymorphic	Female	whole body	Panama	RNA	PRJNA331103	2014	May	Paired	POLYA	Illumina HiSeq 2500	Illumina	Illumina HiSeq	Megalopta	Halictidae	Halictinae	Augochlorini	whole body	whole body	North America	Polymorphic
SRR3948563	0.132515016944542	-0.327222548853221	0.165560912733079	0.18462030396168	-0.00426821120469646	-0.0349335987270525	Megalopta genalis	Polymorphic	Female	whole body	Panama	RNA	PRJNA331103	2014	March	Paired	POLYA	Illumina HiSeq 2500	Illumina	Illumina HiSeq	Megalopta	Halictidae	Halictinae	Augochlorini	whole body	whole body	North America	Polymorphic
SRR3948564	0.121590366387879	-0.355644064902739	0.17201236867374	0.164811481660052	0.0150930606325283	-0.0280561047458197	Megalopta genalis	Polymorphic	Female	whole body	Panama	RNA	PRJNA331103	2014	May	Paired	POLYA	Illumina HiSeq 2500	Illumina	Illumina HiSeq	Megalopta	Halictidae	Halictinae	Augochlorini	whole body	whole body	North America	Polymorphic
SRR3948566	0.134506150034213	-0.350379314671402	0.176688228701029	0.173703178036315	0.0294559742790372	-0.0250597735461295	Megalopta genalis	Polymorphic	Female	whole body	Panama	RNA	PRJNA331103	2014	July	Paired	POLYA	Illumina HiSeq 2500	Illumina	Illumina HiSeq	Megalopta	Halictidae	Halictinae	Augochlorini	whole body	whole body	North America	Polymorphic
SRR3948568	0.12204186135993	-0.306830419401895	0.136455471569824	0.212373033799418	-0.0600205919115986	-0.0203855340854039	Megalopta genalis	Polymorphic	Female	whole body	Panama	RNA	PRJNA331103	2014	May	Paired	POLYA	Illumina HiSeq 2500	Illumina	Illumina HiSeq	Megalopta	Halictidae	Halictinae	Augochlorini	whole body	whole body	North America	Polymorphic
SRR3948570	0.108717054016792	-0.314390869636193	0.179314844193564	0.22779885036554	-0.00506440390255417	0.0152747450223346	Megalopta genalis	Polymorphic	Female	whole body	Panama	RNA	PRJNA331103	2014	May	Paired	POLYA	Illumina HiSeq 2500	Illumina	Illumina HiSeq	Megalopta	Halictidae	Halictinae	Augochlorini	whole body	whole body	North America	Polymorphic
SRR3948572	0.130197659274985	-0.31537868634947	0.128087075177171	0.19121206267598	-0.0733604077213934	0.0182392015901783	Megalopta genalis	Polymorphic	Female	whole body	Panama	RNA	PRJNA331103	2014	May	Paired	POLYA	Illumina HiSeq 2500	Illumina	Illumina HiSeq	Megalopta	Halictidae	Halictinae	Augochlorini	whole body	whole body	North America	Polymorphic
SRR3948575	0.119091367565575	-0.327686759361035	0.149699579515702	0.188330548070497	-0.0246646065106087	0.0274315132545355	Megalopta genalis	Polymorphic	Female	whole body	Panama	RNA	PRJNA331103	2014	June	Paired	POLYA	Illumina HiSeq 2500	Illumina	Illumina HiSeq	Megalopta	Halictidae	Halictinae	Augochlorini	whole body	whole body	North America	Polymorphic
SRR3948577	0.150620477671778	-0.306854419479532	0.110887306032742	0.187625550616065	-0.0821424973203819	-0.0687603631512111	Megalopta genalis	Polymorphic	Female	whole body	Panama	RNA	PRJNA331103	2014	July	Paired	POLYA	Illumina HiSeq 2500	Illumina	Illumina HiSeq	Megalopta	Halictidae	Halictinae	Augochlorini	whole body	whole body	North America	Polymorphic
SRR5109820	-0.181880465385796	0.124710085856788	-0.0450131286980165	0.092942523581557	-0.0481876615055683	-0.0285236059341263	Apis mellifera	Eusocial	Female	whole body	South Africa	RNA	PRJNA357165	2013	March	Paired	RANDOM	Illumina HiSeq 2000	Illumina	Illumina HiSeq	Apis	Apidae	Apinae	Apini	whole body	whole body	Africa	Complex Eusocial
SRR5109826	-0.268743641947295	0.0349716573610989	-0.040855562550649	0.0855169438087703	0.00843382712092616	-0.0356849885247566	Apis mellifera	Eusocial	Female	whole body	South Africa	RNA	PRJNA357165	2013	March	Paired	RANDOM	Illumina HiSeq 2000	Illumina	Illumina HiSeq	Apis	Apidae	Apinae	Apini	whole body	whole body	Africa	Complex Eusocial
SRR5109829	-0.258645015018157	0.00756246154973547	0.00759688499165823	0.0275882161392886	0.0542572422673549	-0.128668345501446	Apis mellifera	Eusocial	Female	whole body	Netherlands	RNA	PRJNA357165	2014	July	Paired	RANDOM	Illumina HiSeq 2000	Illumina	Illumina HiSeq	Apis	Apidae	Apinae	Apini	whole body	whole body	Europe	Complex Eusocial
SRR5109831	-0.126071935612694	0.125571266303748	0.0775051522324886	0.0516282229700597	0.0334246065598605	-0.0569127427686976	Apis mellifera	Eusocial	Female	whole body	South Africa	RNA	PRJNA357165	2013	March	Paired	RANDOM	Illumina HiSeq 2000	Illumina	Illumina HiSeq	Apis	Apidae	Apinae	Apini	whole body	whole body	Africa	Complex Eusocial
SRR5109832	-0.26411737542818	0.00319331490794538	-0.0243737703342568	0.0670277172897241	-0.0367544411464709	-0.0358307542196623	Apis mellifera	Eusocial	Female	whole body	South Africa	RNA	PRJNA357165	2013	March	Paired	RANDOM	Illumina HiSeq 2000	Illumina	Illumina HiSeq	Apis	Apidae	Apinae	Apini	whole body	whole body	Africa	Complex Eusocial
SRR5109833	-0.186060131281501	0.107646268623007	0.0479615733591363	0.0633249212272725	0.0402366531514202	-0.0239826316452176	Apis mellifera	Eusocial	Female	whole body	South Africa	RNA	PRJNA357165	2013	March	Paired	RANDOM	Illumina HiSeq 2000	Illumina	Illumina HiSeq	Apis	Apidae	Apinae	Apini	whole body	whole body	Africa	Complex Eusocial
SRR5117442	0.224752882051025	0.217310623227942	0.108180466280365	0.00558596908039052	0.0547707906438446	-0.0128932654036439	Apis mellifera	Eusocial	Female	whole body	Australia	RNA	PRJNA357523	2013	January	Paired	NA	Illumina HiSeq 2500	Illumina	Illumina HiSeq	Apis	Apidae	Apinae	Apini	whole body	whole body	Oceania	Complex Eusocial
SRR5117444	0.0939481961008465	0.177990676185225	-0.329167803075411	-0.256052687349158	-0.0751541385391157	-0.217388881896928	Apis mellifera	Eusocial	Female	whole body	Australia	RNA	PRJNA357523	2013	October	Paired	NA	Illumina HiSeq 2500	Illumina	Illumina HiSeq	Apis	Apidae	Apinae	Apini	whole body	whole body	Oceania	Complex Eusocial
SRR5117446	0.236334821526776	0.204560687640433	0.111901638783723	0.0148529599495129	0.0536095922196561	-0.0144422895549746	Apis mellifera	Eusocial	Female	whole body	Australia	RNA	PRJNA357523	2014	June	Paired	NA	Illumina HiSeq 2500	Illumina	Illumina HiSeq	Apis	Apidae	Apinae	Apini	whole body	whole body	Oceania	Complex Eusocial
SRR5117447	-0.273425841096116	0.0638332468427854	-0.0188177521335281	0.0571941488240211	0.0617225717019391	-0.178529411274467	Apis mellifera	Eusocial	Female	whole body	Australia	RNA	PRJNA357523	2014	August	Paired	NA	Illumina HiSeq 2500	Illumina	Illumina HiSeq	Apis	Apidae	Apinae	Apini	whole body	whole body	Oceania	Complex Eusocial
SRR5117448	0.235293369049414	0.223527035324483	0.127133001970233	0.00335356553690175	0.0456650820529774	-0.00931544910612022	Apis mellifera	Eusocial	Female	whole body	Australia	RNA	PRJNA357523	2014	November	Paired	NA	Illumina HiSeq 2500	Illumina	Illumina HiSeq	Apis	Apidae	Apinae	Apini	whole body	whole body	Oceania	Complex Eusocial
SRR5117450	-0.240041619140072	0.000519223210962041	-0.000261107658260989	0.0955372299880764	0.0298454846288374	-0.185705801628458	Apis mellifera	Eusocial	Female	whole body	Australia	RNA	PRJNA357523	2014	August	Paired	NA	Illumina HiSeq 2500	Illumina	Illumina HiSeq	Apis	Apidae	Apinae	Apini	whole body	whole body	Oceania	Complex Eusocial
SRR5387735	-0.0664259305707168	0.0594957971427136	0.121211506824397	-0.130267727297034	0.0794830704650852	0.0456745357114585	Apis mellifera	Eusocial	Unknown	whole body	China	RNA	PRJNA380316	2015	NA	Paired	POLYA	Illumina NextSeq 500	Illumina	Illumina NextSeq	Apis	Apidae	Apinae	Apini	whole body	whole body	Asia	Complex Eusocial
SRR5387737	-0.0506518382417222	0.0601488563802907	0.123439177356721	-0.138299879313587	0.0760291585651835	0.0560872117521197	Apis mellifera	Eusocial	Unknown	whole body	China	RNA	PRJNA380316	2015	NA	Paired	POLYA	Illumina NextSeq 500	Illumina	Illumina NextSeq	Apis	Apidae	Apinae	Apini	whole body	whole body	Asia	Complex Eusocial
SRR5387738	-0.0125730539232119	0.0931837714833437	0.122770457625083	-0.116199382292185	0.0716293023258616	0.0456126549569317	Apis mellifera	Eusocial	Unknown	whole body	China	RNA	PRJNA380316	2015	NA	Paired	POLYA	Illumina NextSeq 500	Illumina	Illumina NextSeq	Apis	Apidae	Apinae	Apini	whole body	whole body	Asia	Complex Eusocial
SRR6148364	0.232696353367177	0.22697247632509	0.119615749671864	0.00186329664711333	0.0443580063720672	-0.0108972872123494	Osmia cornuta	Solitary	Female	pool of heads and abdomen	Belgium	RNA	PRJNA411946	2015	April	Paired	RANDOM	Illumina HiSeq 2500	Illumina	Illumina HiSeq	Osmia	Megachilidae	Megachilinae	Osmiini	abdomen and head, pooled	abdomen and head	Europe	Solitary
SRR6148365	0.230972966407172	0.233806830062038	0.096856282558285	0.00802892339547065	0.0387347866807863	-0.000563145688017537	Andrena cineraria	Solitary	Female	pool of heads and abdomen	Belgium	RNA	PRJNA411946	2015	May	Paired	RANDOM	Illumina HiSeq 2500	Illumina	Illumina HiSeq	Andrena	Andrenidae	Andreninae	Andrenini	abdomen and head, pooled	abdomen and head	Europe	Solitary
SRR6148366	0.219830977885878	0.193053741090854	0.114197124844773	0.00494672047495994	0.0443887742467751	-0.00348138330599226	Bombus pascuorum	Eusocial	Female	pool of heads and abdomen	Belgium	RNA	PRJNA411946	2015	May	Paired	RANDOM	Illumina HiSeq 2500	Illumina	Illumina HiSeq	Bombus	Apidae	Apinae	Bombini	abdomen and head, pooled	abdomen and head	Europe	Primitive Eusocial
SRR6148367	0.230784987189515	0.228871493700304	0.104825391141495	-0.00417457294481409	0.0426954047842849	-0.00552032604217258	Andrena haemorrhoa	Solitary	Female	pool of heads and abdomen	Belgium	RNA	PRJNA411946	2015	May	Paired	RANDOM	Illumina HiSeq 2500	Illumina	Illumina HiSeq	Andrena	Andrenidae	Andreninae	Andrenini	abdomen and head, pooled	abdomen and head	Europe	Solitary
SRR6148368	0.234632801316131	0.209613723627109	0.108301241255185	0.00454305900672231	0.0507447193728798	-0.00519022732984591	Bombus terrestris	Eusocial	Female	pool of heads and abdomen	Belgium	RNA	PRJNA411946	2015	April	Paired	RANDOM	Illumina HiSeq 2500	Illumina	Illumina HiSeq	Bombus	Apidae	Apinae	Bombini	abdomen and head, pooled	abdomen and head	Europe	Primitive Eusocial
SRR6148369	0.146971778431324	0.19428418291218	0.109847028351502	-0.00282602539804245	0.0392234135960855	-0.0287515294673033	Bombus pascuorum	Eusocial	Female	pool of heads and abdomen	Belgium	RNA	PRJNA411946	2015	April	Paired	RANDOM	Illumina HiSeq 2500	Illumina	Illumina HiSeq	Bombus	Apidae	Apinae	Bombini	abdomen and head, pooled	abdomen and head	Europe	Primitive Eusocial
SRR6148370	0.228712585836351	0.202598079428461	0.115428715367927	0.0128940901072976	0.050723924611307	-0.0117928029370339	Bombus terrestris	Eusocial	Female	pool of heads and abdomen	Belgium	RNA	PRJNA411946	2015	April	Paired	RANDOM	Illumina HiSeq 2500	Illumina	Illumina HiSeq	Bombus	Apidae	Apinae	Bombini	abdomen and head, pooled	abdomen and head	Europe	Primitive Eusocial
SRR6148371	0.239270007829051	0.204547778574364	0.110770005783651	0.0123956548649763	0.0495025532482368	-0.00103623064292994	Osmia cornuta	Solitary	Female	pool of heads and abdomen	Belgium	RNA	PRJNA411946	2015	April	Paired	RANDOM	Illumina HiSeq 2500	Illumina	Illumina HiSeq	Osmia	Megachilidae	Megachilinae	Osmiini	abdomen and head, pooled	abdomen and head	Europe	Solitary
SRR6148372	0.222114919247668	0.202991110774583	0.115172885657162	0.0160966529423721	0.0433377024021752	-0.00904822665645204	Bombus pascuorum	Eusocial	Female	pool of heads and abdomen	Belgium	RNA	PRJNA411946	2015	April	Paired	RANDOM	Illumina HiSeq 2500	Illumina	Illumina HiSeq	Bombus	Apidae	Apinae	Bombini	abdomen and head, pooled	abdomen and head	Europe	Primitive Eusocial
SRR6148373	0.234168299436471	0.224472489693305	0.0974322580901699	0.0165282838930436	0.0354596029644957	0.00407655450074307	Andrena fulva	Solitary	Female	pool of heads and abdomen	Belgium	RNA	PRJNA411946	2015	April	Paired	RANDOM	Illumina HiSeq 2500	Illumina	Illumina HiSeq	Andrena	Andrenidae	Andreninae	Andrenini	abdomen and head, pooled	abdomen and head	Europe	Solitary
SRR6148374	0.233276484598754	0.213394088541661	0.107290507625598	0.00595148342840928	0.0559335761497332	-0.0157362746349364	Bombus terrestris	Eusocial	Female	pool of heads and abdomen	Belgium	RNA	PRJNA411946	2015	April	Paired	RANDOM	Illumina HiSeq 2500	Illumina	Illumina HiSeq	Bombus	Apidae	Apinae	Bombini	abdomen and head, pooled	abdomen and head	Europe	Primitive Eusocial
SRR6148375	0.241545125965261	0.203593214910866	0.113181125507305	0.0176937290462181	0.0457658014134709	-0.0037242967194498	Osmia cornuta	Solitary	Female	pool of heads and abdomen	Belgium	RNA	PRJNA411946	2015	April	Paired	RANDOM	Illumina HiSeq 2500	Illumina	Illumina HiSeq	Osmia	Megachilidae	Megachilinae	Osmiini	abdomen and head, pooled	abdomen and head	Europe	Solitary
SRR6148376	0.219547148231491	0.194993719675955	0.1147928923566	0.00397636205732734	0.0450683529504068	-0.0101426531723124	Bombus pascuorum	Eusocial	Female	pool of heads and abdomen	Belgium	RNA	PRJNA411946	2015	April	Paired	RANDOM	Illumina HiSeq 2500	Illumina	Illumina HiSeq	Bombus	Apidae	Apinae	Bombini	abdomen and head, pooled	abdomen and head	Europe	Primitive Eusocial
SRR6148377	0.22953072913919	0.233528639239309	0.106039901103871	0.00618687329046273	0.0369033926556569	-0.00432175568857532	Andrena haemorrhoa	Solitary	Female	pool of heads and abdomen	Belgium	RNA	PRJNA411946	2015	May	Paired	RANDOM	Illumina HiSeq 2500	Illumina	Illumina HiSeq	Andrena	Andrenidae	Andreninae	Andrenini	abdomen and head, pooled	abdomen and head	Europe	Solitary
SRR6148378	0.233529910263632	0.211164614274068	0.100761947480296	0.0106480619330121	0.0555319201698409	-0.0128475448241848	Bombus pascuorum	Eusocial	Female	pool of heads and abdomen	Belgium	RNA	PRJNA411946	2015	April	Paired	RANDOM	Illumina HiSeq 2500	Illumina	Illumina HiSeq	Bombus	Apidae	Apinae	Bombini	abdomen and head, pooled	abdomen and head	Europe	Primitive Eusocial
SRR6148379	0.240002842177571	0.204759388047568	0.120555388374777	0.0138076432638609	0.0500948956790436	-0.0123798660371696	Osmia bicornis	Solitary	Female	pool of heads and abdomen	Belgium	RNA	PRJNA411946	2015	May	Paired	RANDOM	Illumina HiSeq 2500	Illumina	Illumina HiSeq	Osmia	Megachilidae	Megachilinae	Osmiini	abdomen and head, pooled	abdomen and head	Europe	Solitary
SRR8335251	-0.00948071883422614	0.311486991770521	-0.304135160471524	0.17336294146741	-0.132854762159038	0.135981240945045	Andrena camellia	Solitary	Female	whole body	China	RNA	PRJNA510543	2017	NA	Paired	RANDOM	Illumina HiSeq 2000	Illumina	Illumina HiSeq	Andrena	Andrenidae	Andreninae	Andrenini	whole body	whole body	Asia	Solitary
SRR8335252	0.0017741876283883	0.331424964056719	-0.287264130436941	0.208029011195494	-0.134642607508533	0.151953730464581	Andrena camellia	Solitary	Female	whole body	China	RNA	PRJNA510543	2017	NA	Paired	RANDOM	Illumina HiSeq 2000	Illumina	Illumina HiSeq	Andrena	Andrenidae	Andreninae	Andrenini	whole body	whole body	Asia	Solitary
SRR8335253	-0.00544557912246969	0.30737142136331	-0.300258146835105	0.185244364568029	-0.135190411056213	0.136284093121664	Andrena camellia	Solitary	Female	whole body	China	RNA	PRJNA510543	2017	NA	Paired	RANDOM	Illumina HiSeq 2000	Illumina	Illumina HiSeq	Andrena	Andrenidae	Andreninae	Andrenini	whole body	whole body	Asia	Solitary
SRR8335254	-0.00625313530395009	0.304499198086726	-0.309339878454464	0.177255338781403	-0.124629422073143	0.13553590988705	Andrena camellia	Solitary	Female	whole body	China	RNA	PRJNA510543	2017	NA	Paired	RANDOM	Illumina HiSeq 2000	Illumina	Illumina HiSeq	Andrena	Andrenidae	Andreninae	Andrenini	whole body	whole body	Asia	Solitary
SRR8754036	-0.282175060307255	0.0257054251172052	-0.00213046092150504	-0.0264058122667127	0.0529665751832226	-0.0509265911314526	Apis mellifera	Eusocial	Female	whole body	North Dakota	RNA	PRJNA495845	2012	October	Paired	RANDOM	Illumina NextSeq 500	Illumina	Illumina NextSeq	Apis	Apidae	Apinae	Apini	whole body	whole body	North America	Complex Eusocial
SRR8754037	-0.27418705759762	0.0308651289454816	0.0172413258564463	-0.0602449267713825	0.0229861970730043	0.0503403359235777	Apis mellifera	Eusocial	Female	whole body	North Dakota	RNA	PRJNA495845	2012	October	Paired	RANDOM	Illumina NextSeq 500	Illumina	Illumina NextSeq	Apis	Apidae	Apinae	Apini	whole body	whole body	North America	Complex Eusocial
SRR8754038	-0.271637036628562	0.0108654670272547	0.0236287551751224	-0.0322687237165827	0.0687121597951688	-0.0280204646852175	Apis mellifera	Eusocial	Female	whole body	North Dakota	RNA	PRJNA495845	2012	October	Paired	RANDOM	Illumina NextSeq 500	Illumina	Illumina NextSeq	Apis	Apidae	Apinae	Apini	whole body	whole body	North America	Complex Eusocial
SRR8754039	-0.221763092954548	-0.0980924586932711	0.0614057990514672	0.00661982886286072	0.0806497323389032	-0.186773856453244	Apis mellifera	Eusocial	Female	whole body	North Dakota	RNA	PRJNA495845	2012	October	Paired	RANDOM	Illumina NextSeq 500	Illumina	Illumina NextSeq	Apis	Apidae	Apinae	Apini	whole body	whole body	North America	Complex Eusocial
SRR8754040	-0.253947335505309	-0.026091200317569	0.0481811946133739	-0.0426209964948816	0.0919924155876402	-0.071560424595579	Apis mellifera	Eusocial	Female	whole body	North Dakota	RNA	PRJNA495845	2012	October	Paired	RANDOM	Illumina NextSeq 500	Illumina	Illumina NextSeq	Apis	Apidae	Apinae	Apini	whole body	whole body	North America	Complex Eusocial
SRR8754041	-0.275221430700708	-0.00243018047646322	0.0832055707597631	-0.000748629199712589	-0.00249595999072056	-0.0278168330503647	Apis mellifera	Eusocial	Female	whole body	North Dakota	RNA	PRJNA495845	2012	October	Paired	RANDOM	Illumina NextSeq 500	Illumina	Illumina NextSeq	Apis	Apidae	Apinae	Apini	whole body	whole body	North America	Complex Eusocial
SRR8754042	-0.259929978706398	0.00104803046212128	0.0430426005734607	-0.0843645299827447	0.0777378160003904	-0.0347407349744811	Apis mellifera	Eusocial	Female	whole body	North Dakota	RNA	PRJNA495845	2012	October	Paired	RANDOM	Illumina NextSeq 500	Illumina	Illumina NextSeq	Apis	Apidae	Apinae	Apini	whole body	whole body	North America	Complex Eusocial
SRR8754043	-0.284271522572157	0.0649936509181272	-0.0378995322813485	-0.0657513230477086	0.0479963317498139	-0.0970825694122239	Apis mellifera	Eusocial	Female	whole body	North Dakota	RNA	PRJNA495845	2012	October	Paired	RANDOM	Illumina NextSeq 500	Illumina	Illumina NextSeq	Apis	Apidae	Apinae	Apini	whole body	whole body	North America	Complex Eusocial
SRR8754044	-0.258384870537836	0.0340863348191692	-0.00195222771744183	0.0625171111076603	0.0853624348671087	-0.183675396267082	Apis mellifera	Eusocial	Female	whole body	North Dakota	RNA	PRJNA495845	2012	October	Paired	RANDOM	Illumina NextSeq 500	Illumina	Illumina NextSeq	Apis	Apidae	Apinae	Apini	whole body	whole body	North America	Complex Eusocial
SRR8867392	-0.280962738737997	0.0605254251187677	-0.00979175129215667	0.116525091680139	0.117846155260398	-0.0215102759692142	Apis mellifera	Eusocial	Female	pooled whole bodies	Hawaii	RNA	PRJNA531527 	2012	November	Paired	CDNA	Illumina HiSeq 2500	Illumina	Illumina HiSeq	Apis	Apidae	Apinae	Apini	whole body, pooled	whole body	North America	Complex Eusocial
SRR8867393	-0.276776169095267	0.025742262270899	0.00898927753481275	0.0462393670857132	0.0443151280396348	-0.0850244379916664	Apis mellifera	Eusocial	Female	pooled whole bodies	Hawaii	RNA	PRJNA531527 	2012	December	Paired	CDNA	Illumina HiSeq 2500	Illumina	Illumina HiSeq	Apis	Apidae	Apinae	Apini	whole body, pooled	whole body	North America	Complex Eusocial
SRR8867394	-0.267659196815413	0.0299434716415406	0.0068742246070063	0.0445023808374759	0.101883757355889	-0.133661797579637	Apis mellifera	Eusocial	Female	pooled whole bodies	Hawaii	RNA	PRJNA531527 	2012	November	Paired	CDNA	Illumina HiSeq 2500	Illumina	Illumina HiSeq	Apis	Apidae	Apinae	Apini	whole body, pooled	whole body	North America	Complex Eusocial
SRR8867395	-0.266768532878373	-0.0070118301594094	0.0274503900417666	0.0111502506317733	0.0812371327414091	-0.0696935550794265	Apis mellifera	Eusocial	Female	pooled whole bodies	Hawaii	RNA	PRJNA531527 	2012	November	Paired	CDNA	Illumina HiSeq 2500	Illumina	Illumina HiSeq	Apis	Apidae	Apinae	Apini	whole body, pooled	whole body	North America	Complex Eusocial
