Sample	NMDS1	NMDS2	NMDS3	NMDS4	NMDS5	NMDS6	NMDS7	Species	Sociality	Sex	Tissue	Location	NucleotideType	Project.Accession	YearCollected	Month	LibraryLayout	LibrarySelection	SequenceInstrument	Platform_Gen	Platform_Spec	Genus	Family	SubFamily	Tribe	Tissue2	Tissue3	Continent
AM_N_068	-0.100549321627847	0.174085354329831	-0.129916774827746	-0.221156210762142	-0.114330387228644	-0.13132932547808	0.393189015049135	Apis mellifera	O. Eusocial	Female	abdomen	United Kingdom	RNA	CompHym22	2019	July	Paired	POLYA	Illumina HiSeq PE150	Illumina	Illumina HiSeq	Apis	Apidae	Apinae	Apini	abdomen	abdomen	Europe
SRR10034516	0.394592818547082	0.0100155303164141	0.0566413134935702	0.0118699514424151	-0.101393044493883	-0.0228367605825893	-0.0533038501171507	Apis cerana	O. Eusocial	Female	midgut	China	RNA	PRJNA562784	2020	NA	Paired	PCR	Illumina HiSeq 4000	Illumina	Illumina HiSeq	Apis	Apidae	Apinae	Apini	gut	gut	Asia
SRR10034517	0.388521248375393	0.0255927597583339	0.0685795392980253	0.0483886646131459	-0.0626154425336484	-0.0109081783430221	-0.0575323739531314	Apis cerana	O. Eusocial	Female	midgut	China	RNA	PRJNA562784	2020	NA	Paired	PCR	Illumina HiSeq 4000	Illumina	Illumina HiSeq	Apis	Apidae	Apinae	Apini	gut	gut	Asia
SRR10034518	0.419676365167	0.0104511111968894	0.0270662621393184	-0.00557440160943782	-0.0769884457655114	-0.00407397641403774	-0.0529184063451261	Apis cerana	O. Eusocial	Female	midgut	China	RNA	PRJNA562784	2020	NA	Paired	PCR	Illumina HiSeq 4000	Illumina	Illumina HiSeq	Apis	Apidae	Apinae	Apini	gut	gut	Asia
SRR10034523	0.344362679244182	-0.0852725824059711	0.0060908670290972	0.00795283014314838	-0.0464104516926813	-0.00913638986869688	-0.0641100160943361	Apis cerana	O. Eusocial	Female	midgut	China	RNA	PRJNA562784	2020	NA	Paired	PCR	Illumina HiSeq 4000	Illumina	Illumina HiSeq	Apis	Apidae	Apinae	Apini	gut	gut	Asia
SRR11426432	0.123590712432592	0.194917603700604	0.00189263164912041	0.0219100109695838	-0.00118738186729055	-0.327478140172447	0.0527883163733584	Tetragonisca angustula	O. Eusocial	Female	whole body (pool of 6)	Brazil	RNA	PRJNA615177	2021	NA	Paired	CDNA	Illumina HiSeq 2000	Illumina	Illumina HiSeq	Tetragonisca	Apidae	Apinae	Meliponini	whole body, pooled	whole body	South America
SRR11440495	0.220521225444636	-0.130269091271241	-0.0185521619475697	0.230861779073117	-0.0667158667707331	0.143897148602028	0.048419891375076	Tetragonisca angustula	O. Eusocial	Female	whole body (pool of 6)	Brazil	RNA	PRJNA615177	2021	NA	Paired	CDNA	Illumina HiSeq 2000	Illumina	Illumina HiSeq	Tetragonisca	Apidae	Apinae	Meliponini	whole body, pooled	whole body	South America
SRR11440496	0.239247715965096	0.239439171187086	-0.169584772747291	0.0931317897825985	0.166471992426182	-0.192925449556113	0.063205346875467	Tetragonisca angustula	O. Eusocial	Female	whole body (pool of 6)	Brazil	RNA	PRJNA615177	2021	NA	Paired	CDNA	Illumina HiSeq 2000	Illumina	Illumina HiSeq	Tetragonisca	Apidae	Apinae	Meliponini	whole body, pooled	whole body	South America
SRR11445089	0.173395041163662	0.139079783622347	0.136082361497613	-0.151579720072463	0.129965932585449	0.0154530564664455	0.16428643202205	Bombus terrestris	O. Eusocial	Female	whole body (pool of 3)	United Kingdom	RNA	PRJNA615177	2021	NA	Paired	CDNA	Illumina HiSeq 2000	Illumina	Illumina HiSeq	Bombus	Apidae	Apinae	Bombini	whole body, pooled	whole body	Europe
SRR11445090	0.200428681944369	0.121097835694467	0.13240061882579	-0.182935988285295	0.125113128858971	-0.0403785566247816	0.104423285453071	Bombus terrestris	O. Eusocial	Female	whole body (pool of 3)	United Kingdom	RNA	PRJNA615177	2021	NA	Paired	CDNA	Illumina HiSeq 2000	Illumina	Illumina HiSeq	Bombus	Apidae	Apinae	Bombini	whole body, pooled	whole body	Europe
SRR11445091	0.118617068096793	0.127793968057955	0.180864282149529	-0.0928615687079561	0.225495497750348	-0.0280473948615902	0.0931482258713328	Bombus terrestris	O. Eusocial	Female	whole body (pool of 3)	United Kingdom	RNA	PRJNA615177	2021	NA	Paired	CDNA	Illumina HiSeq 2000	Illumina	Illumina HiSeq	Bombus	Apidae	Apinae	Bombini	whole body, pooled	whole body	Europe
SRR11448239	0.0810080344959426	0.134154066743223	0.152287777876544	-0.163114069966533	0.214631869884525	0.0692538352196425	0.162197446665101	Bombus terrestris	O. Eusocial	Female	whole body (pool of 3)	United Kingdom	RNA	PRJNA615177	2021	NA	Paired	CDNA	Illumina HiSeq 2000	Illumina	Illumina HiSeq	Bombus	Apidae	Apinae	Bombini	whole body, pooled	whole body	Europe
SRR11448240	0.0571115458239076	0.138381990231498	0.141153443183575	-0.188370459566868	0.20218322674668	0.112701483287714	0.158205062093709	Bombus terrestris	O. Eusocial	Female	whole body (pool of 3)	United Kingdom	RNA	PRJNA615177	2021	NA	Paired	CDNA	Illumina HiSeq 2000	Illumina	Illumina HiSeq	Bombus	Apidae	Apinae	Bombini	whole body, pooled	whole body	Europe
SRR11448241	0.0484173571841297	0.151578501807046	0.151508567539583	-0.204776698742841	0.176532013438013	-0.0523333806191324	0.189914136985905	Bombus terrestris	O. Eusocial	Female	whole body (pool of 3)	United Kingdom	RNA	PRJNA615177	2021	NA	Paired	CDNA	Illumina HiSeq 2000	Illumina	Illumina HiSeq	Bombus	Apidae	Apinae	Bombini	whole body, pooled	whole body	Europe
SRR12053418	-0.451461606827247	-0.0195977093929146	0.0552915165445094	-0.0100369277381236	0.234755712077512	-0.190986262588053	-0.203854191743343	Euglossa viridissima	Social	Female	abdomen	Mexico	RNA	PRJNA636137	2016	March	Paired	PCR	Illumina HiSeq 4000	Illumina	Illumina HiSeq	Euglossa	Apidae	Apinae	Euglossini	abdomen	abdomen	North America
SRR12053420	0.0282047368996414	0.169944130604233	0.264862166337204	-0.344110513526233	0.195735490254414	-0.206361256076321	0.191539816664281	Euglossa viridissima	Social	Female	abdomen	Mexico	RNA	PRJNA636137	2016	March	Paired	PCR	Illumina HiSeq 4000	Illumina	Illumina HiSeq	Euglossa	Apidae	Apinae	Euglossini	abdomen	abdomen	North America
SRR12053430	0.337737371059849	0.190180676551249	-0.196128326160443	-0.0400556503501992	0.0512857299294681	0.0876164584067343	0.119538623161052	Euglossa viridissima	Social	Female	abdomen	Mexico	RNA	PRJNA636137	2016	June	Paired	PCR	Illumina HiSeq 4000	Illumina	Illumina HiSeq	Euglossa	Apidae	Apinae	Euglossini	abdomen	abdomen	North America
SRR12233820	0.0798165118546046	-0.030408972730275	0.163437377801771	0.323275282418969	0.206474865983501	-0.0528317881352405	0.187250234929887	Bombus pyrosoma	O. Eusocial	Unknown	whole body	China	RNA	PRJNA646602	2019	July	Paired	RT-PCR	Illumina HiSeq 2500	Illumina	Illumina HiSeq	Bombus	Apidae	Apinae	Bombini	whole body	whole body	Asia
SRR12235348	0.0261604237283747	0.0943657553832891	0.132477841431379	0.151335443451072	0.300644430328228	-0.0283824615907679	-0.128410510785701	Bombus pyrosoma	O. Eusocial	Unknown	whole body	China	RNA	PRJNA646687	2019	July	Paired	RT-PCR	Illumina HiSeq 2500	Illumina	Illumina HiSeq	Bombus	Apidae	Apinae	Bombini	whole body	whole body	Asia
SRR12244814	-0.0781019387468551	0.285159299256156	-0.0311825191824177	0.00879918425973797	-0.0372001362321894	0.0261661530406465	-0.152654108330233	Bombus pyrosoma	O. Eusocial	Unknown	whole body	China	RNA	PRJNA646806	2019	July	Paired	RT-PCR	Illumina HiSeq 2500	Illumina	Illumina HiSeq	Bombus	Apidae	Apinae	Bombini	whole body	whole body	Asia
SRR12245258	-0.145721243455263	0.245714699802654	-0.0151420885580747	0.117049739005424	0.0239615654710593	0.093819568529502	-0.110076387107945	Bombus pyrosoma	O. Eusocial	Unknown	whole body	China	RNA	PRJNA646816	2019	July	Paired	RT-PCR	Illumina HiSeq 2500	Illumina	Illumina HiSeq	Bombus	Apidae	Apinae	Bombini	whole body	whole body	Asia
SRR12245523	-0.177506364272923	0.200542641072159	0.0180618772694649	0.0880442353117635	0.182802349441606	0.172254959212422	0.0966683834481222	Bombus pyrosoma	O. Eusocial	Unknown	whole body	China	RNA	PRJNA646831	2019	July	Paired	RT-PCR	Illumina HiSeq 2500	Illumina	Illumina HiSeq	Bombus	Apidae	Apinae	Bombini	whole body	whole body	Asia
SRR12527928	-0.0185529128088124	0.1215583586126	0.1761404106865	0.109464385771324	0.208102687882838	-0.14716427432491	-0.0822826866890269	Bombus confusus	O. Eusocial	Unknown	whole body	China	RNA	PRJNA659133	2016	August	Paired	POLYA	Illumina HiSeq X Ten	Illumina	Illumina HiSeq	Bombus	Apidae	Apinae	Bombini	whole body	whole body	Asia
SRR12527929	-0.141766260960136	0.156134649692496	-0.0805389710577393	-0.280558247143204	-0.0510667043439489	0.0203789126368443	-0.2004683530733	Bombus haemorrhoidalis	O. Eusocial	Unknown	whole body	China	RNA	PRJNA659133	2016	August	Paired	POLYA	Illumina HiSeq X Ten	Illumina	Illumina HiSeq	Bombus	Apidae	Apinae	Bombini	whole body	whole body	Asia
SRR12527932	-0.433460328883924	0.121815032190276	-0.190584544614765	-0.328360768237358	-0.0832875009028392	0.117562459074603	-0.0359464467589232	Bombus superbus	O. Eusocial	Unknown	whole body	China	RNA	PRJNA659133	2016	August	Paired	POLYA	Illumina HiSeq X Ten	Illumina	Illumina HiSeq	Bombus	Apidae	Apinae	Bombini	whole body	whole body	Asia
SRR12527933	-0.267331854109105	0.1347052715048	-0.0172301906801268	0.140324837991196	0.14095627563089	0.231613775309923	0.0525855239450789	Bombus turneri	O. Eusocial	Unknown	whole body	China	RNA	PRJNA659133	2016	August	Paired	POLYA	Illumina HiSeq X Ten	Illumina	Illumina HiSeq	Bombus	Apidae	Apinae	Bombini	whole body	whole body	Asia
SRR12527934	-0.000437272021326788	0.179077868045462	-0.0447856646618892	-0.26045151864324	0.0108782145230404	0.00682408071829309	-0.242923269788251	Bombus pyrosoma	O. Eusocial	Unknown	whole body	China	RNA	PRJNA659133	2016	August	Paired	POLYA	Illumina HiSeq X Ten	Illumina	Illumina HiSeq	Bombus	Apidae	Apinae	Bombini	whole body	whole body	Asia
SRR12527935	-0.0261935056166417	0.229715208190821	-0.0414559799824534	0.239087568930506	-0.113681589076615	0.0202850533425875	-0.0473312608669828	Bombus ignitus	O. Eusocial	Unknown	whole body	China	RNA	PRJNA659133	2016	August	Paired	POLYA	Illumina HiSeq X Ten	Illumina	Illumina HiSeq	Bombus	Apidae	Apinae	Bombini	whole body	whole body	Asia
SRR12527936	-0.0498634737992513	-0.157455800552257	-0.218318658345582	0.00515968818100229	0.104371887240161	-0.128695233842427	0.0586714586708662	Bombus picipes	O. Eusocial	Unknown	whole body	China	RNA	PRJNA659133	2016	August	Paired	POLYA	Illumina HiSeq X Ten	Illumina	Illumina HiSeq	Bombus	Apidae	Apinae	Bombini	whole body	whole body	Asia
SRR12527961	-0.0617590935449421	0.226544767679707	-0.0407563227986763	-0.0841360233304484	-0.060784049602694	-0.199859661018229	-0.196343008103967	Bombus waltoni	O. Eusocial	Unknown	whole body	China	RNA	PRJNA659133	2016	August	Paired	POLYA	Illumina HiSeq X Ten	Illumina	Illumina HiSeq	Bombus	Apidae	Apinae	Bombini	whole body	whole body	Asia
SRR12527962	-0.433430202399587	0.122498763940781	-0.191632215051072	-0.327634968745448	-0.0825585039818861	0.118129532730486	-0.0358818721879918	Bombus difficillimus	O. Eusocial	Unknown	whole body	China	RNA	PRJNA659133	2016	August	Paired	POLYA	Illumina HiSeq X Ten	Illumina	Illumina HiSeq	Bombus	Apidae	Apinae	Bombini	whole body	whole body	Asia
SRR12527963	-0.0415543437870665	0.171019701359842	-0.0763835288191	-0.234558438673607	-0.0796958319579049	0.0208429414070535	-0.208832681524451	Bombus breviceps	O. Eusocial	Unknown	whole body	China	RNA	PRJNA659133	2016	August	Paired	POLYA	Illumina HiSeq X Ten	Illumina	Illumina HiSeq	Bombus	Apidae	Apinae	Bombini	whole body	whole body	Asia
SRR12527964	-0.0113565622177309	0.157253383724875	0.0195825278076854	-0.0148367131851877	-0.0949736816315915	-0.377716056431632	-0.0410499567326927	Bombus opulentus	O. Eusocial	Unknown	whole body	China	RNA	PRJNA659133	2016	August	Paired	POLYA	Illumina HiSeq X Ten	Illumina	Illumina HiSeq	Bombus	Apidae	Apinae	Bombini	whole body	whole body	Asia
SRR12527965	-0.380925560203398	0.151488873194646	-0.000114688674556803	-0.153387192767083	0.129829005437424	0.0151140354238066	-0.0110151579420845	Bombus consobrinus	O. Eusocial	Unknown	whole body	China	RNA	PRJNA659133	2016	August	Paired	POLYA	Illumina HiSeq X Ten	Illumina	Illumina HiSeq	Bombus	Apidae	Apinae	Bombini	whole body	whole body	Asia
SRR12527966	-0.1377470671362	0.23670761571377	0.0210499946346241	0.0360621855456731	-0.0633282195939152	-0.320819481917636	0.00489600804662834	Bombus sibiricus	O. Eusocial	Unknown	whole body	China	RNA	PRJNA659133	2016	August	Paired	POLYA	Illumina HiSeq X Ten	Illumina	Illumina HiSeq	Bombus	Apidae	Apinae	Bombini	whole body	whole body	Asia
SRR13404631	-0.0538847738359657	-0.0993901869688926	0.305280448065711	0.150205223146427	0.138315876777209	-0.163813147085583	0.00821717484648209	Andrena 	Solitary	Unknown	pooled whole bodies 	Israel	RNA	PRJNA687318	2018	March	Paired	RT-PCR	Illumina HiSeq 4000	Illumina	Illumina HiSeq	Andrena	Andrenidae	Andreninae	Andrenini	whole body, pooled	whole body	Asia
SRR13404632	-0.141574233999336	-0.193173386799821	0.233239154086201	-0.0255281473623262	-0.133665654715459	0.0013793121127301	0.0169882840866869	Apis mellifera	O. Eusocial	Unknown	pooled whole bodies 	Israel	RNA	PRJNA687318	2018	March	Paired	RT-PCR	Illumina HiSeq 4000	Illumina	Illumina HiSeq	Apis	Apidae	Apinae	Apini	whole body, pooled	whole body	Asia
SRR13404634	-0.123621534156226	-0.228136700144	0.237922052135609	-0.0444494293815841	-0.117512663096197	0.0367531250119098	0.0251476539500622	Apis mellifera	O. Eusocial	Unknown	pooled whole bodies 	Israel	RNA	PRJNA687318	2018	March	Paired	RT-PCR	Illumina HiSeq 4000	Illumina	Illumina HiSeq	Apis	Apidae	Apinae	Apini	whole body, pooled	whole body	Asia
SRR13404636	-0.0721348468996376	-0.271779225255042	0.160679994616723	0.0381386520967218	-0.0197526203329207	0.0804731816579597	-0.101609236914335	Apis mellifera	O. Eusocial	Unknown	pooled whole bodies 	Israel	RNA	PRJNA687318	2018	March	Paired	RT-PCR	Illumina HiSeq 4000	Illumina	Illumina HiSeq	Apis	Apidae	Apinae	Apini	whole body, pooled	whole body	Asia
SRR13404640	-0.142232113927454	-0.10603525305592	0.299197014173724	0.0533765720182651	-0.060991243995496	-0.0572820329923414	-0.0294600182662527	Andrena 	Solitary	Unknown	pooled whole bodies 	Israel	RNA	PRJNA687318	2018	March	Paired	RT-PCR	Illumina HiSeq 4000	Illumina	Illumina HiSeq	Andrena	Andrenidae	Andreninae	Andrenini	whole body, pooled	whole body	Asia
SRR13404641	-0.01313471962827	-0.291038076489736	0.0395544302569594	0.214875595566308	-0.0523943730252978	0.0933671542473387	-0.112271137255371	Apis mellifera	O. Eusocial	Unknown	pooled whole bodies 	Israel	RNA	PRJNA687318	2018	March	Paired	RT-PCR	Illumina HiSeq 4000	Illumina	Illumina HiSeq	Apis	Apidae	Apinae	Apini	whole body, pooled	whole body	Asia
SRR13442813	0.350897777708289	0.115755962132473	-0.00482564432284389	0.174229758079595	0.0742491483162484	-0.0369226788246956	-0.0175390316980434	Lasioglossum	Social	Unknown	whole body	Australia	RNA	PRJNA687066	2017	September	Paired	POLYA	BGISEQ-500	BGISEQ	BGISEQ	Lasioglossum	Halictidae	Halictinae	Halictini	whole body	whole body	Oceania
SRR13442815	-0.174334250391617	-0.139135464322781	0.269211225380622	-0.0388943459185638	-0.160451366040041	-0.00607904364687965	0.00645563010377408	Apis mellifera	O. Eusocial	Unknown	whole body	Australia	RNA	PRJNA687066	2017	September	Paired	POLYA	BGISEQ-500	BGISEQ	BGISEQ	Apis	Apidae	Apinae	Apini	whole body	whole body	Oceania
SRR13442818	0.140439790621483	0.214597652465647	0.0119680884898489	0.222408416563364	-0.0532215425838487	0.03752739635327	0.00466215997870475	Tetragonula carbonaria	O. Eusocial	Unknown	whole body	Australia	RNA	PRJNA687066	2017	September	Paired	POLYA	BGISEQ-500	BGISEQ	BGISEQ	Tetragonula	Apidae	Apinae	Meliponini	whole body	whole body	Oceania
SRR13442824	0.121109897599661	0.133279725450135	0.128397362904664	0.0478877429207349	-0.142606402088176	0.0538055268283663	0.167926320853077	Exoneura	Social	Unknown	whole body	Australia	RNA	PRJNA687066	2017	September	Paired	POLYA	BGISEQ-500	BGISEQ	BGISEQ	Exoneura	Apidae	Xylocopinae	Allodapini	whole body	whole body	Oceania
SRR13442825	-0.0366024720508981	-0.0815374357335775	0.282840360257048	0.165382697716965	0.184430578425094	-0.199125728110195	0.0161105384565411	Lasioglossum	Social	Unknown	whole body	Australia	RNA	PRJNA687066	2017	September	Paired	POLYA	BGISEQ-500	BGISEQ	BGISEQ	Lasioglossum	Halictidae	Halictinae	Halictini	whole body	whole body	Oceania
SRR13442827	-0.169777328907909	-0.211429585132726	0.294476420305232	-0.054262428845496	-0.145743255960643	-0.00334792154039315	0.0147477843972857	Apis mellifera	O. Eusocial	Unknown	whole body	Australia	RNA	PRJNA687066	2017	September	Paired	POLYA	BGISEQ-500	BGISEQ	BGISEQ	Apis	Apidae	Apinae	Apini	whole body	whole body	Oceania
SRR13442828	-0.0510624963446067	-0.164612023384358	-0.219568072833052	0.0613820420765191	0.0258173481389331	-0.0531110971035481	0.0641886495371284	Apis mellifera	O. Eusocial	Unknown	whole body	Australia	RNA	PRJNA687066	2017	October	Paired	POLYA	BGISEQ-500	BGISEQ	BGISEQ	Apis	Apidae	Apinae	Apini	whole body	whole body	Oceania
SRR13442829	-0.127629055064926	0.323946524766012	-0.0507343068456116	0.178359082417114	-0.0543610990902481	0.0550783668313261	0.0587067153407305	Apis mellifera	O. Eusocial	Unknown	whole body	Australia	RNA	PRJNA687066	2017	October	Paired	POLYA	BGISEQ-500	BGISEQ	BGISEQ	Apis	Apidae	Apinae	Apini	whole body	whole body	Oceania
SRR13442830	-0.101918949522057	0.30885057766313	0.0427697937619597	0.146995021212619	-0.000874688130390757	0.00786520653055745	0.0983357809182851	Tetragonula carbonaria	O. Eusocial	Unknown	whole body	Australia	RNA	PRJNA687066	2017	September	Paired	POLYA	BGISEQ-500	BGISEQ	BGISEQ	Tetragonula	Apidae	Apinae	Meliponini	whole body	whole body	Oceania
SRR13442831	-0.166606394190906	0.261515691255859	-0.0214278593243063	0.131941902194544	0.0665502829294675	0.157758168292691	0.0608806669677954	Apis mellifera	O. Eusocial	Unknown	whole body	Australia	RNA	PRJNA687066	2017	September	Paired	POLYA	BGISEQ-500	BGISEQ	BGISEQ	Apis	Apidae	Apinae	Apini	whole body	whole body	Oceania
SRR13769013	-0.0395585265684385	-0.182015767608087	-0.226100614973057	0.0154771795921244	0.0533744062596815	-0.0412467530918184	0.0550940680008752	Bombus	O. Eusocial	Unknown	pooled whole bodies (293)	Scotland	RNA	PRJNA704259	2021	NA	Paired	RT-PCR	MGI DNBSEQ-G400	MGI	MGI	Bombus	Apidae	Apinae	Bombini	whole body, pooled	whole body	Europe
SRR13769014	-0.0234188530422615	-0.15603963625103	-0.184433681769305	-0.0137237291654738	0.0516886311298352	0.0582268688414876	0.0769251749190949	Bombus pascuorum	O. Eusocial	Unknown	pooled whole bodies (182)	Scotland	RNA	PRJNA704259	2021	NA	Paired	RT-PCR	MGI DNBSEQ-G400	MGI	MGI	Bombus	Apidae	Apinae	Bombini	whole body, pooled	whole body	Europe
SRR13769015	-0.0684781596464579	-0.174387767038042	-0.214818004739728	-0.00610909554224563	0.0690616886099382	-0.0248168516594623	0.0693412412646212	Bombus pascuorum	O. Eusocial	Unknown	pooled whole bodies (182)	Scotland	RNA	PRJNA704259	2021	NA	Paired	RT-PCR	MGI DNBSEQ-G400	MGI	MGI	Bombus	Apidae	Apinae	Bombini	whole body, pooled	whole body	Europe
SRR13769016	-0.0330681846642988	-0.128983673648899	-0.218972958133534	-0.0449678998501601	0.0412435797969793	-0.025148016359056	-0.0654722883981277	Bombus lucorum	O. Eusocial	Unknown	pooled whole bodies (212)	Scotland	RNA	PRJNA704259	2021	NA	Paired	RT-PCR	MGI DNBSEQ-G400	MGI	MGI	Bombus	Apidae	Apinae	Bombini	whole body, pooled	whole body	Europe
SRR13769017	-0.0380709913560049	-0.158675296809407	-0.22726738512457	-0.0289465313448016	0.0582312452175055	-0.06170705160347	0.00774312815847273	Bombus lucorum	O. Eusocial	Unknown	pooled whole bodies (212)	Scotland	RNA	PRJNA704259	2021	NA	Paired	RT-PCR	MGI DNBSEQ-G400	MGI	MGI	Bombus	Apidae	Apinae	Bombini	whole body, pooled	whole body	Europe
SRR13769018	-0.0715131757923083	-0.181210815926604	-0.115480423825399	-0.0577151856073576	0.00805156780330719	-0.0322563730344248	-0.0449739946750288	Bombus terrestris	O. Eusocial	Unknown	pooled whole bodies (239)	Scotland	RNA	PRJNA704259	2021	NA	Paired	RT-PCR	MGI DNBSEQ-G400	MGI	MGI	Bombus	Apidae	Apinae	Bombini	whole body, pooled	whole body	Europe
SRR13769019	-0.081954231955531	-0.177820698495179	-0.135905796959756	-0.0624245465433477	0.0146661434418606	-0.0619306820163404	0.00266886021093586	Bombus terrestris	O. Eusocial	Unknown	pooled whole bodies (239)	Scotland	RNA	PRJNA704259	2021	NA	Paired	RT-PCR	MGI DNBSEQ-G400	MGI	MGI	Bombus	Apidae	Apinae	Bombini	whole body, pooled	whole body	Europe
SRR14567209	-0.149547466202458	0.0801439369495312	0.148598591628829	-0.00710966181118473	-0.0201657497076872	0.145348630065587	-0.0871588352252478	Bombus terricola	O. Eusocial	Unknown	abdomen	Canada	RNA	PRJNA730495	2021	NA	Paired	CDNA	Illumina HiSeq 4000	Illumina	Illumina HiSeq	Bombus	Apidae	Apinae	Bombini	abdomen	abdomen	North America
SRR14567210	0.028002913547983	0.278746753597203	-0.0953093865076751	-0.179058834055578	-0.00568192406544025	0.0439136038343157	-0.123036626491323	Bombus terricola	O. Eusocial	Unknown	abdomen	Canada	RNA	PRJNA730495	2021	NA	Paired	CDNA	Illumina HiSeq 4000	Illumina	Illumina HiSeq	Bombus	Apidae	Apinae	Bombini	abdomen	abdomen	North America
SRR14567211	-0.0529970017218482	-0.0794884267038745	-0.197171152718187	-0.0908645407573476	0.0245058583010354	-0.0280561881581182	-0.139571355059403	Bombus terricola	O. Eusocial	Unknown	abdomen	Canada	RNA	PRJNA730495	2021	NA	Paired	CDNA	Illumina HiSeq 4000	Illumina	Illumina HiSeq	Bombus	Apidae	Apinae	Bombini	abdomen	abdomen	North America
SRR14567212	0.0501140474651976	0.109001708918891	0.241603250089125	-0.0271689039495533	-0.0171210584583868	0.0047546943112214	0.115016274965823	Bombus terricola	O. Eusocial	Unknown	abdomen	Canada	RNA	PRJNA730495	2021	NA	Paired	CDNA	Illumina HiSeq 4000	Illumina	Illumina HiSeq	Bombus	Apidae	Apinae	Bombini	abdomen	abdomen	North America
SRR14567213	-0.116886713795373	-0.140384510857321	-0.184996147753778	-0.000435962437064772	0.120905199482851	0.0715717096647451	0.0548006738188211	Bombus terricola	O. Eusocial	Unknown	abdomen	Canada	RNA	PRJNA730495	2021	NA	Paired	CDNA	Illumina HiSeq 4000	Illumina	Illumina HiSeq	Bombus	Apidae	Apinae	Bombini	abdomen	abdomen	North America
SRR14567214	-0.00272455676065672	0.159658782128438	-0.0733654630972649	0.0465564431152677	0.0317839327447319	0.161977806978881	-0.0453659308470274	Bombus terricola	O. Eusocial	Unknown	abdomen	Canada	RNA	PRJNA730495	2021	NA	Paired	CDNA	Illumina HiSeq 4000	Illumina	Illumina HiSeq	Bombus	Apidae	Apinae	Bombini	abdomen	abdomen	North America
SRR14567217	-0.045783293055998	-0.18424738865007	-0.215034260299804	0.00920506920199621	0.0690598317767441	-0.0660844939154328	0.0846905255218803	Bombus terricola	O. Eusocial	Unknown	abdomen	Canada	RNA	PRJNA730495	2021	NA	Paired	CDNA	Illumina HiSeq 4000	Illumina	Illumina HiSeq	Bombus	Apidae	Apinae	Bombini	abdomen	abdomen	North America
SRR14567218	-0.030421104402111	0.191235260527183	0.0185864535248662	0.0438824827731069	0.104876853640533	0.180147120019527	0.0359773927993386	Bombus terricola	O. Eusocial	Unknown	abdomen	Canada	RNA	PRJNA730495	2021	NA	Paired	CDNA	Illumina HiSeq 4000	Illumina	Illumina HiSeq	Bombus	Apidae	Apinae	Bombini	abdomen	abdomen	North America
SRR14567219	-0.0851234114057902	0.029300517086648	0.227133778886753	0.0572154604198978	-0.0515020148616321	0.0659620443108489	0.0801576385691406	Bombus terricola	O. Eusocial	Unknown	abdomen	Canada	RNA	PRJNA730495	2021	NA	Paired	CDNA	Illumina HiSeq 4000	Illumina	Illumina HiSeq	Bombus	Apidae	Apinae	Bombini	abdomen	abdomen	North America
SRR14567220	-0.0598516148108741	-0.170579957903738	-0.200598436164631	-0.00364786384572871	0.0970794518349532	-0.131016585641098	0.104969429008825	Bombus terricola	O. Eusocial	Unknown	abdomen	Canada	RNA	PRJNA730495	2021	NA	Paired	CDNA	Illumina HiSeq 4000	Illumina	Illumina HiSeq	Bombus	Apidae	Apinae	Bombini	abdomen	abdomen	North America
SRR14567221	0.0155269668801162	-0.0520976145267891	0.106746853132463	0.164203589897065	0.172813216638978	0.0134825979511427	-0.271861791818224	Bombus terricola	O. Eusocial	Unknown	abdomen	Canada	RNA	PRJNA730495	2021	NA	Paired	CDNA	Illumina HiSeq 4000	Illumina	Illumina HiSeq	Bombus	Apidae	Apinae	Bombini	abdomen	abdomen	North America
SRR14567222	-0.093728366512128	-0.218563038777815	0.137536758420578	0.0727346874753746	-0.14959469773779	0.0345308131415386	-0.0552304647996988	Bombus terricola	O. Eusocial	Unknown	abdomen	Canada	RNA	PRJNA730495	2021	NA	Paired	CDNA	Illumina HiSeq 4000	Illumina	Illumina HiSeq	Bombus	Apidae	Apinae	Bombini	abdomen	abdomen	North America
SRR1503066	-0.11271730326631	0.259448223280473	0.0234434860478731	0.223481689069033	-0.0541227806739708	0.0333480079005463	0.0428031000189128	Epeolus variegatus	Solitary	Unknown	whole body	Italy	RNA	PRJNA252262	2011	September	Paired	CDNA	Illumina HiSeq 2000	Illumina	Illumina HiSeq	Epeolus	Apidae	Nomadinae	Epeolini	whole body	whole body	Europe
SRR1503113	0.0307573771959591	0.0114597089417469	0.0997564187635404	-0.19575297502709	0.269850931998285	0.28818839351978	0.0728067688711336	Euglossa dilemma	Social	Unknown	whole body	Florida	RNA	PRJNA252310	2012	January	Paired	CDNA	Illumina HiSeq 2000	Illumina	Illumina HiSeq	Euglossa	Apidae	Apinae	Euglossini	whole body	whole body	North America
SRR1503129	-0.177705414940929	0.222411561837501	-0.0656688218731802	0.309198455158705	-0.110135476036575	0.00205530026272611	-0.0133136825014421	Anthophora plumipes	Solitary	Male	whole body	Germany	RNA	PRJNA252326	2011	April	Paired	CDNA	Illumina HiSeq 2000	Illumina	Illumina HiSeq	Anthophora	Apidae	Apinae	Anthophorini	whole body	whole body	Europe
SRR1503133	-0.177705415660023	0.222411562368058	-0.0656688231428543	0.309198454802756	-0.110135475847434	0.00205529929424148	-0.0133136785393951	Nomada lathburiana	Solitary	Female	whole body	Germany	RNA	PRJNA252330	2011	April	Paired	CDNA	Illumina HiSeq 2000	Illumina	Illumina HiSeq	Nomada	Apidae	Nomadinae	Nomadini	whole body	whole body	Europe
SRR15496114	-0.450351871276529	-0.0193892117712726	0.056313696533158	-0.0122806836162852	0.236238258517955	-0.191119504712896	-0.204096939221006	Apis mellifera	O. Eusocial	Female	abdomen	China	RNA	PRJNA754836	2021	May	Paired	PCR	Illumina NovaSeq 6000	Illumina	Illumina NovaSeq	Apis	Apidae	Apinae	Apini	abdomen	abdomen	Asia
SRR15496115	-0.451021931133379	-0.0195100391567006	0.0558727954417105	-0.0114284854102508	0.236591492414906	-0.189835949952995	-0.203379845664802	Apis mellifera	O. Eusocial	Female	abdomen	China	RNA	PRJNA754836	2021	May	Paired	PCR	Illumina NovaSeq 6000	Illumina	Illumina NovaSeq	Apis	Apidae	Apinae	Apini	abdomen	abdomen	Asia
SRR17475010	0.419676364962737	0.0104511111250034	0.0270662622079227	-0.0055744016812901	-0.0769884465899569	-0.00407397527615222	-0.0529184061173088	Apis mellifera	O. Eusocial	Female	abdomen	China	RNA	PRJNA793424	2020	September	Paired	RANDOM	Illumina NovaSeq 6000	Illumina	Illumina NovaSeq	Apis	Apidae	Apinae	Apini	abdomen	abdomen	Asia
SRR18500042	0.0473615538757534	-0.166673943456266	-0.205447472181757	-0.00597489450334514	0.0533597347274406	-0.0595683462664447	0.0782132369938852	Apis mellifera	O. Eusocial	Female	pooled whole bodies	New Zealand	RNA	PRJNA820512	2021	NA	Paired	NA	Illumina NovaSeq 6000	Illumina	Illumina NovaSeq	Apis	Apidae	Apinae	Apini	whole body, pooled	whole body	Oceania
SRR18500043	0.382782696086669	0.0074817098723052	0.078979271381778	-0.0984194163618777	0.00563410452733379	0.035205995023883	-0.00777319502421218	Apis mellifera	O. Eusocial	Female	pooled whole bodies	New Zealand	RNA	PRJNA820512	2021	NA	Paired	NA	Illumina NovaSeq 6000	Illumina	Illumina NovaSeq	Apis	Apidae	Apinae	Apini	whole body, pooled	whole body	Oceania
SRR18500044	0.369231738473806	0.0264434120964328	0.0246761265589418	-0.0347860627258223	-0.0712234434873855	0.00156970185894545	-0.109598281759373	Apis mellifera	O. Eusocial	Female	pooled whole bodies	New Zealand	RNA	PRJNA820512	2021	NA	Paired	NA	Illumina NovaSeq 6000	Illumina	Illumina NovaSeq	Apis	Apidae	Apinae	Apini	whole body, pooled	whole body	Oceania
SRR18500045	0.419676365057192	0.0104511111621144	0.0270662621710782	-0.00557440165114565	-0.0769884462136173	-0.00407397581481118	-0.0529184062175629	Apis mellifera	O. Eusocial	Female	pooled whole bodies	New Zealand	RNA	PRJNA820512	2021	NA	Paired	NA	Illumina NovaSeq 6000	Illumina	Illumina NovaSeq	Apis	Apidae	Apinae	Apini	whole body, pooled	whole body	Oceania
SRR18500050	0.312003900986584	0.0770482834750303	-0.00785715178645977	-0.0698697401051729	-0.082111863418306	0.00367330316287108	-0.152022240636436	Apis mellifera	O. Eusocial	Female	pooled whole bodies	New Zealand	RNA	PRJNA820512	2021	NA	Paired	NA	Illumina NovaSeq 6000	Illumina	Illumina NovaSeq	Apis	Apidae	Apinae	Apini	whole body, pooled	whole body	Oceania
SRR18500061	0.419676365305641	0.0104511112522384	0.0270662620840779	-0.00557440156589172	-0.076988445214233	-0.00407397720752334	-0.0529184064911225	Apis mellifera	O. Eusocial	Female	pooled whole bodies	New Zealand	RNA	PRJNA820512	2021	NA	Paired	NA	Illumina NovaSeq 6000	Illumina	Illumina NovaSeq	Apis	Apidae	Apinae	Apini	whole body, pooled	whole body	Oceania
SRR18500072	0.285714094509188	0.0244063627273306	0.0803882066302632	-0.160920118993211	0.178087883167571	0.160250588470907	0.0785113595204847	Apis mellifera	O. Eusocial	Female	pooled whole bodies	New Zealand	RNA	PRJNA820512	2021	NA	Paired	NA	Illumina NovaSeq 6000	Illumina	Illumina NovaSeq	Apis	Apidae	Apinae	Apini	whole body, pooled	whole body	Oceania
SRR18500076	0.0244174426157562	-0.177377404987739	-0.196758886273832	-0.044614043621798	0.0829592423031641	-0.0496474361570113	0.0819045518558767	Apis mellifera	O. Eusocial	Female	pooled whole bodies	New Zealand	RNA	PRJNA820512	2021	NA	Paired	NA	Illumina NovaSeq 6000	Illumina	Illumina NovaSeq	Apis	Apidae	Apinae	Apini	whole body, pooled	whole body	Oceania
SRR18500077	0.205937513173927	0.141126042597375	-0.04761766987923	-0.141467456835396	-0.0629110403752818	0.00307338943278591	-0.200124455297641	Apis mellifera	O. Eusocial	Female	pooled whole bodies	New Zealand	RNA	PRJNA820512	2021	NA	Paired	NA	Illumina NovaSeq 6000	Illumina	Illumina NovaSeq	Apis	Apidae	Apinae	Apini	whole body, pooled	whole body	Oceania
SRR18500078	0.333714609044232	0.0122733681466697	0.0364876425155975	-0.112901893633747	-0.0758299715122085	0.00940605582898608	-0.138243936956451	Apis mellifera	O. Eusocial	Female	pooled whole bodies	New Zealand	RNA	PRJNA820512	2021	NA	Paired	NA	Illumina NovaSeq 6000	Illumina	Illumina NovaSeq	Apis	Apidae	Apinae	Apini	whole body, pooled	whole body	Oceania
SRR18500079	0.406177560519567	-0.0219620945587973	0.0567420310894754	-0.0448204255440919	-0.0657005104665069	-0.0395320101936329	-0.0565556044412834	Apis mellifera	O. Eusocial	Female	pooled whole bodies	New Zealand	RNA	PRJNA820512	2021	NA	Paired	NA	Illumina NovaSeq 6000	Illumina	Illumina NovaSeq	Apis	Apidae	Apinae	Apini	whole body, pooled	whole body	Oceania
SRR18500080	0.0732027101031263	-0.177473791429702	-0.159624464908093	0.00183004862335648	0.103860659754324	-0.0542237855318836	-0.0027949438396759	Apis mellifera	O. Eusocial	Female	pooled whole bodies	New Zealand	RNA	PRJNA820512	2021	NA	Paired	NA	Illumina NovaSeq 6000	Illumina	Illumina NovaSeq	Apis	Apidae	Apinae	Apini	whole body, pooled	whole body	Oceania
SRR18500081	0.126213734353769	-0.156419552502785	-0.170665073046808	-0.0276528122541877	0.0634414831793121	-0.0600166270558191	0.0317182645788817	Apis mellifera	O. Eusocial	Female	pooled whole bodies	New Zealand	RNA	PRJNA820512	2021	NA	Paired	NA	Illumina NovaSeq 6000	Illumina	Illumina NovaSeq	Apis	Apidae	Apinae	Apini	whole body, pooled	whole body	Oceania
SRR18500082	0.122468448545054	-0.109267890190071	-0.106873614018996	-0.11634149428135	-0.0313892725026331	-0.0178531740058404	-0.0716080281039409	Apis mellifera	O. Eusocial	Female	pooled whole bodies	New Zealand	RNA	PRJNA820512	2021	NA	Paired	NA	Illumina NovaSeq 6000	Illumina	Illumina NovaSeq	Apis	Apidae	Apinae	Apini	whole body, pooled	whole body	Oceania
SRR18500084	0.000549029122573818	-0.214250252977634	-0.217461085667672	0.00703732533185195	0.0381235182862888	-0.0157692710211545	0.0578748728558455	Apis mellifera	O. Eusocial	Female	pooled whole bodies	New Zealand	RNA	PRJNA820512	2021	NA	Paired	NA	Illumina NovaSeq 6000	Illumina	Illumina NovaSeq	Apis	Apidae	Apinae	Apini	whole body, pooled	whole body	Oceania
SRR18500085	0.0913791353012841	-0.147047706210068	-0.190186458176966	-0.0446383842017434	0.069940564538903	-0.095662489162185	0.0960640514820959	Apis mellifera	O. Eusocial	Female	pooled whole bodies	New Zealand	RNA	PRJNA820512	2021	NA	Paired	NA	Illumina NovaSeq 6000	Illumina	Illumina NovaSeq	Apis	Apidae	Apinae	Apini	whole body, pooled	whole body	Oceania
SRR18500086	-0.0858859897975067	-0.137374230086958	0.270546207466775	-0.0716150061665168	-0.137830079764503	0.00475845153798017	-0.0188585880126133	Apis mellifera	O. Eusocial	Female	pooled whole bodies	New Zealand	RNA	PRJNA820512	2021	NA	Paired	NA	Illumina NovaSeq 6000	Illumina	Illumina NovaSeq	Apis	Apidae	Apinae	Apini	whole body, pooled	whole body	Oceania
SRR18500087	0.0973125748145231	-0.0929802773993443	0.0394033573609978	0.0901397505631853	0.146867470030917	0.0882793342249858	-0.325630113381879	Apis mellifera	O. Eusocial	Female	pooled whole bodies	New Zealand	RNA	PRJNA820512	2021	NA	Paired	NA	Illumina NovaSeq 6000	Illumina	Illumina NovaSeq	Apis	Apidae	Apinae	Apini	whole body, pooled	whole body	Oceania
SRR18500088	0.337254394248202	-0.0844073004171562	0.0118300374991453	-0.0807328982488094	-0.0611680864651951	0.0183886892662361	-0.00936693975644741	Apis mellifera	O. Eusocial	Female	pooled whole bodies	New Zealand	RNA	PRJNA820512	2021	NA	Paired	NA	Illumina NovaSeq 6000	Illumina	Illumina NovaSeq	Apis	Apidae	Apinae	Apini	whole body, pooled	whole body	Oceania
SRR18500090	-0.0928891697179371	-0.203389051602759	0.141253370201656	-0.054202936773968	-0.116192969085499	-0.0250830062092313	0.042015734829456	Apis mellifera	O. Eusocial	Female	pooled whole bodies	New Zealand	RNA	PRJNA820512	2021	NA	Paired	NA	Illumina NovaSeq 6000	Illumina	Illumina NovaSeq	Apis	Apidae	Apinae	Apini	whole body, pooled	whole body	Oceania
SRR18500091	0.00226508955465099	-0.202360708380489	-0.201592354123284	-0.0341894085833224	0.0982256804374932	-0.12745970471141	0.0954263370877618	Apis mellifera	O. Eusocial	Female	pooled whole bodies	New Zealand	RNA	PRJNA820512	2021	NA	Paired	NA	Illumina NovaSeq 6000	Illumina	Illumina NovaSeq	Apis	Apidae	Apinae	Apini	whole body, pooled	whole body	Oceania
SRR2001612	-0.221233789092182	0.0117956701740704	-0.0284692156420223	0.0908065067823453	0.238302084981115	0.363083275761276	-0.00810134216051301	Habropoda laboriosa	Solitary	Male	whole body	Florida	RNA	PRJNA279436	2011	NA	Paired	Other	Illumina HiSeq 2000	Illumina	Illumina HiSeq	Habropoda	Apidae	Apinae	Anthophorini	whole body	whole body	North America
SRR2001766	0.0233034656969446	0.211094327343848	0.0600777988181664	0.155038301525829	-0.0338448623456763	-0.00103609877028202	0.257799142608325	Dufourea novaeangliae	Solitary	Male	whole body	Canada	RNA	PRJNA279825	2011	NA	Paired	Other	Illumina HiSeq 2000	Illumina	Illumina HiSeq	Dufourea	Halictidae	Rophitinae	Rophitini	whole body	whole body	North America
SRR2396653	-0.00204450405905214	0.183688427725229	-0.101396732495996	-0.199230739777348	-0.00210985741640557	-0.00718421276289866	-0.289211309800473	Bombus terrestris	O. Eusocial	Queen	abdomen with fat bodies	Israel	RNA	PRJNA295976	2015	NA	Single	CDNA	Illumina Genome Analyzer	Illumina	Illumina Genome Analyzer	Bombus	Apidae	Apinae	Bombini	abdomen and fatbody	abdomen and fat body	Asia
SRR2895251	0.173069304410429	0.00956480912070291	0.20244063228516	0.146731531769713	0.176129874252952	-0.180306816147728	-0.0152944592722278	Osmia bicornis	Solitary	Male	whole body	Germany	RNA	PRJNA285788	2016	May	Paired	POLYA	Illumina HiSeq 2000	Illumina	Illumina HiSeq	Osmia	Megachilidae	Megachilinae	Osmiini	whole body	whole body	Europe
SRR2915407	-0.129903882167566	0.221792914338089	-0.0750889011922019	0.285201847236548	-0.149377048455561	0.0203913148168818	-0.0223884035146614	Ceratina australensis	Social	Unknown	whole body	Australia	RNA	PRJNA302035	2014	December	Paired	CDNA	Illumina HiSeq 2500	Illumina	Illumina HiSeq	Ceratina	Apidae	Xylocopinae	Ceratini	whole body	whole body	Oceania
SRR2954866	-0.150358575244498	0.220527433317334	-0.0822581913532289	0.279805125337288	-0.150990266125746	0.0319695451532779	0.00923753272366684	Ceratina australensis	Social	Unknown	whole body	Australia	RNA	PRJNA302035	2014	December	Paired	CDNA	Illumina HiSeq 2500	Illumina	Illumina HiSeq	Ceratina	Apidae	Xylocopinae	Ceratini	whole body	whole body	Oceania
SRR3383868	-0.0131892910267142	-0.193052947134647	-0.221917100724055	0.050254239875873	-0.0829207537273416	0.11767017776186	-0.0129882362255803	Bombus terrestris	O. Eusocial	Female	head and abdomen (pooled 5 queens)	Belgium	RNA	PRJNA318490	2015	NA	Single	CDNA	Ion Torrent PGM	Ion Torrent	Ion Torrent	Bombus	Apidae	Apinae	Bombini	abdomen and head, pooled	abdomen and head	Europe
SRR3948531	-0.0560856989059243	0.119790213815063	-0.186851050390885	-0.114357579526275	-0.40629633469761	-0.0604860011830478	0.157710713410993	Megalopta genalis	Social	Female	whole body	Panama	RNA	PRJNA331103	2014	July	Paired	POLYA	Illumina HiSeq 2500	Illumina	Illumina HiSeq	Megalopta	Halictidae	Halictinae	Augochlorini	whole body	whole body	North America
SRR3948548	0.298517808969043	0.0902044226746553	-0.0255186377555699	-0.0716727789763675	-0.213535018453525	-0.0522734953196226	0.0852182003750672	Megalopta genalis	Social	Female	whole body	Panama	RNA	PRJNA331103	2014	July	Paired	POLYA	Illumina HiSeq 2500	Illumina	Illumina HiSeq	Megalopta	Halictidae	Halictinae	Augochlorini	whole body	whole body	North America
SRR3948572	-0.261110704762268	0.198432550777354	-0.10367780244436	-0.0531688060164888	-0.282235095990835	0.0110306137083324	0.0482907464236144	Megalopta genalis	Social	Female	whole body	Panama	RNA	PRJNA331103	2014	May	Paired	POLYA	Illumina HiSeq 2500	Illumina	Illumina HiSeq	Megalopta	Halictidae	Halictinae	Augochlorini	whole body	whole body	North America
SRR3948577	-0.0841179864254443	0.074466471888953	-0.214127197102803	-0.0868604190728151	-0.462264316400013	-0.0734432726089167	0.0592234974293516	Megalopta genalis	Social	Female	whole body	Panama	RNA	PRJNA331103	2014	July	Paired	POLYA	Illumina HiSeq 2500	Illumina	Illumina HiSeq	Megalopta	Halictidae	Halictinae	Augochlorini	whole body	whole body	North America
SRR5109820	0.0194377944137387	-0.284945785409536	-0.179483854866545	0.162616074079563	-0.0374650677023758	0.0680642520535296	0.0166797674755063	Apis mellifera	O. Eusocial	Female	whole body	South Africa	RNA	PRJNA357165	2013	March	Paired	RANDOM	Illumina HiSeq 2000	Illumina	Illumina HiSeq	Apis	Apidae	Apinae	Apini	whole body	whole body	Africa
SRR5109826	-0.201823287376739	-0.192563437689913	0.28092542103659	-0.062629007282873	-0.129421681244718	-0.00918279554243094	-0.013040603037073	Apis mellifera	O. Eusocial	Female	whole body	South Africa	RNA	PRJNA357165	2013	March	Paired	RANDOM	Illumina HiSeq 2000	Illumina	Illumina HiSeq	Apis	Apidae	Apinae	Apini	whole body	whole body	Africa
SRR5109829	-0.169777300432008	-0.211429578086356	0.294476423656038	-0.0542624496412259	-0.145743273692877	-0.00334792712069325	0.0147477380145666	Apis mellifera	O. Eusocial	Female	whole body	Netherlands	RNA	PRJNA357165	2014	July	Paired	RANDOM	Illumina HiSeq 2000	Illumina	Illumina HiSeq	Apis	Apidae	Apinae	Apini	whole body	whole body	Europe
SRR5109831	0.0694502519623498	-0.291902237040244	-0.0932819366113369	0.270498308979355	-0.120505059300683	0.166583921275431	0.0269412799594327	Apis mellifera	O. Eusocial	Female	whole body	South Africa	RNA	PRJNA357165	2013	March	Paired	RANDOM	Illumina HiSeq 2000	Illumina	Illumina HiSeq	Apis	Apidae	Apinae	Apini	whole body	whole body	Africa
SRR5109832	-0.169777330527511	-0.211429579842691	0.294476407176316	-0.054262411553488	-0.145743292292373	-0.00334792998104309	0.0147477665146973	Apis mellifera	O. Eusocial	Female	whole body	South Africa	RNA	PRJNA357165	2013	March	Paired	RANDOM	Illumina HiSeq 2000	Illumina	Illumina HiSeq	Apis	Apidae	Apinae	Apini	whole body	whole body	Africa
SRR5109833	0.0566851027295134	-0.306437124462164	-0.0535564243148946	0.295873643971293	-0.0227267094865764	0.119316883279762	-0.136313297843973	Apis mellifera	O. Eusocial	Female	whole body	South Africa	RNA	PRJNA357165	2013	March	Paired	RANDOM	Illumina HiSeq 2000	Illumina	Illumina HiSeq	Apis	Apidae	Apinae	Apini	whole body	whole body	Africa
SRR5117446	0.15458178022632	-0.0261332514609115	0.139730247114035	-0.317869359497821	0.238756847585768	0.275344154628774	0.107888628070159	Apis mellifera	O. Eusocial	Female	whole body	Australia	RNA	PRJNA357523	2014	June	Paired	NA	Illumina HiSeq 2500	Illumina	Illumina HiSeq	Apis	Apidae	Apinae	Apini	whole body	whole body	Oceania
SRR5117450	-0.169777306214575	-0.211429578488549	0.294476420628514	-0.0542624424835963	-0.145743276872028	-0.00334792755856279	0.014747743716608	Apis mellifera	O. Eusocial	Female	whole body	Australia	RNA	PRJNA357523	2014	August	Paired	NA	Illumina HiSeq 2500	Illumina	Illumina HiSeq	Apis	Apidae	Apinae	Apini	whole body	whole body	Oceania
SRR5253659	-0.19318540307825	0.161654257362842	-0.0228578653156102	-0.11264862940088	-0.0803074155900798	-0.152309766113056	0.323853122062365	Halictus sexcinctus	Social	Unknown	whole body	Switzerland	RNA	PRJNA374528	2017	NA	Single	RANDOM	Illumina HiSeq 2000	Illumina	Illumina HiSeq	Halictus	Halictidae	Halictinae	Halictini	whole body	whole body	Europe
SRR5387735	0.419676364938295	0.010451111118489	0.0270662622133709	-0.00557440169155062	-0.0769884466912489	-0.00407397514674627	-0.0529184060873008	Apis mellifera	O. Eusocial	Unknown	whole body	China	RNA	PRJNA380316	2015	NA	Paired	POLYA	Illumina NextSeq 500	Illumina	Illumina NextSeq	Apis	Apidae	Apinae	Apini	whole body	whole body	Asia
SRR5387737	0.419676365087472	0.010451111162497	0.0270662621745044	-0.00557440163231288	-0.0769884460783897	-0.00407397595037096	-0.0529184062648566	Apis mellifera	O. Eusocial	Unknown	whole body	China	RNA	PRJNA380316	2015	NA	Paired	POLYA	Illumina NextSeq 500	Illumina	Illumina NextSeq	Apis	Apidae	Apinae	Apini	whole body	whole body	Asia
SRR5387738	0.41967636500833	0.0104511111343489	0.0270662622014767	-0.0055744016599163	-0.0769884463974461	-0.00407397550854257	-0.0529184061769785	Apis mellifera	O. Eusocial	Unknown	whole body	China	RNA	PRJNA380316	2015	NA	Paired	POLYA	Illumina NextSeq 500	Illumina	Illumina NextSeq	Apis	Apidae	Apinae	Apini	whole body	whole body	Asia
SRR6148364	-0.0268285880263252	-0.192824934944128	-0.213313190420911	0.0260991513522534	0.0574253270889307	-0.08606172883647	0.0454422543257396	Osmia cornuta	Solitary	Female	pool of heads and abdomen	Belgium	RNA	PRJNA411946	2015	April	Paired	RANDOM	Illumina HiSeq 2500	Illumina	Illumina HiSeq	Osmia	Megachilidae	Megachilinae	Osmiini	abdomen and head, pooled	abdomen and head	Europe
SRR6148366	-0.181805491170533	-0.151564924795271	0.27257417822307	-0.013825958081911	-0.142125533610328	0.0213262017022878	0.013687285331525	Bombus pascuorum	O. Eusocial	Female	pool of heads and abdomen	Belgium	RNA	PRJNA411946	2015	May	Paired	RANDOM	Illumina HiSeq 2500	Illumina	Illumina HiSeq	Bombus	Apidae	Apinae	Bombini	abdomen and head, pooled	abdomen and head	Europe
SRR6148368	-0.0224390338148354	-0.248009247150291	-0.216405422214786	0.0141807513530148	0.055773254285533	-0.0530396362433585	0.0442343482492274	Bombus terrestris	O. Eusocial	Female	pool of heads and abdomen	Belgium	RNA	PRJNA411946	2015	April	Paired	RANDOM	Illumina HiSeq 2500	Illumina	Illumina HiSeq	Bombus	Apidae	Apinae	Bombini	abdomen and head, pooled	abdomen and head	Europe
SRR6148369	-0.0253185227468932	-0.194866770192256	-0.232413152327402	0.0196444533760443	0.000568328314414667	-0.0321101895358204	0.061776891718123	Bombus pascuorum	O. Eusocial	Female	pool of heads and abdomen	Belgium	RNA	PRJNA411946	2015	April	Paired	RANDOM	Illumina HiSeq 2500	Illumina	Illumina HiSeq	Bombus	Apidae	Apinae	Bombini	abdomen and head, pooled	abdomen and head	Europe
SRR6148370	-0.0224243949563111	-0.196416536825713	-0.209391831128574	0.0291172847116477	0.0488565523238631	-0.0758335640169294	0.0677877259188263	Bombus terrestris	O. Eusocial	Female	pool of heads and abdomen	Belgium	RNA	PRJNA411946	2015	April	Paired	RANDOM	Illumina HiSeq 2500	Illumina	Illumina HiSeq	Bombus	Apidae	Apinae	Bombini	abdomen and head, pooled	abdomen and head	Europe
SRR6148371	-0.0566034357646019	-0.13006549307461	-0.181512293719211	0.0266967083851025	0.1225877149101	0.155005192300681	0.026925922698918	Osmia cornuta	Solitary	Female	pool of heads and abdomen	Belgium	RNA	PRJNA411946	2015	April	Paired	RANDOM	Illumina HiSeq 2500	Illumina	Illumina HiSeq	Osmia	Megachilidae	Megachilinae	Osmiini	abdomen and head, pooled	abdomen and head	Europe
SRR6148372	0.0353386088289342	0.0695501000671198	-0.0605029622907022	-0.0996083951129457	-0.208230499800946	0.311755451438878	0.136063025568978	Bombus pascuorum	O. Eusocial	Female	pool of heads and abdomen	Belgium	RNA	PRJNA411946	2015	April	Paired	RANDOM	Illumina HiSeq 2500	Illumina	Illumina HiSeq	Bombus	Apidae	Apinae	Bombini	abdomen and head, pooled	abdomen and head	Europe
SRR6148374	-0.0105226277933587	-0.223036082802831	-0.200836258988535	0.0177596328440589	0.0888086629364802	-0.046753732405102	0.0375318812991044	Bombus terrestris	O. Eusocial	Female	pool of heads and abdomen	Belgium	RNA	PRJNA411946	2015	April	Paired	RANDOM	Illumina HiSeq 2500	Illumina	Illumina HiSeq	Bombus	Apidae	Apinae	Bombini	abdomen and head, pooled	abdomen and head	Europe
SRR6148376	-0.0255250595415774	-0.187272285657953	-0.200365687018959	0.0413288602491903	0.0792125280935969	-0.0453069907633491	0.0110956473738082	Bombus pascuorum	O. Eusocial	Female	pool of heads and abdomen	Belgium	RNA	PRJNA411946	2015	April	Paired	RANDOM	Illumina HiSeq 2500	Illumina	Illumina HiSeq	Bombus	Apidae	Apinae	Bombini	abdomen and head, pooled	abdomen and head	Europe
SRR6148378	-0.190578561662039	-0.177563805361246	0.284112762872661	-0.0461115432952075	-0.105095770083149	0.0480326692568164	0.0205060586658078	Bombus pascuorum	O. Eusocial	Female	pool of heads and abdomen	Belgium	RNA	PRJNA411946	2015	April	Paired	RANDOM	Illumina HiSeq 2500	Illumina	Illumina HiSeq	Bombus	Apidae	Apinae	Bombini	abdomen and head, pooled	abdomen and head	Europe
SRR6148379	0.0618655757387816	0.00813605888329234	-0.0335031045489995	0.0898809083589863	0.179940085730483	0.299637383696153	-0.0182171090165636	Osmia bicornis	Solitary	Female	pool of heads and abdomen	Belgium	RNA	PRJNA411946	2015	May	Paired	RANDOM	Illumina HiSeq 2500	Illumina	Illumina HiSeq	Osmia	Megachilidae	Megachilinae	Osmiini	abdomen and head, pooled	abdomen and head	Europe
SRR8335253	-0.177705415896652	0.222411561518979	-0.0656688213572951	0.309198454761558	-0.11013547668622	0.0020553004521058	-0.0133136820919203	Andrena camellia	Solitary	Female	whole body	China	RNA	PRJNA510543	2017	NA	Paired	RANDOM	Illumina HiSeq 2000	Illumina	Illumina HiSeq	Andrena	Andrenidae	Andreninae	Andrenini	whole body	whole body	Asia
SRR8335256	-0.172042040202798	0.189552694944012	0.0885820022437379	0.290926673437864	0.104976817975791	-0.0869378349344806	0.0501165570010106	Apis mellifera	O. Eusocial	Female	whole body	China	RNA	PRJNA510543	2017	NA	Paired	RANDOM	Illumina HiSeq 2000	Illumina	Illumina HiSeq	Apis	Apidae	Apinae	Apini	whole body	whole body	Asia
SRR8335258	-0.177705415641744	0.222411561606978	-0.0656688215010562	0.309198454867017	-0.110135476510295	0.00205530039765727	-0.0133136821896065	Apis mellifera	O. Eusocial	Female	whole body	China	RNA	PRJNA510543	2017	NA	Paired	RANDOM	Illumina HiSeq 2000	Illumina	Illumina HiSeq	Apis	Apidae	Apinae	Apini	whole body	whole body	Asia
SRR8754036	-0.433992964846674	0.121545888430484	-0.19050472012975	-0.327675332310028	-0.0838747978324051	0.11728943463905	-0.0366948063972981	Apis mellifera	O. Eusocial	Female	whole body	North Dakota	RNA	PRJNA495845	2012	October	Paired	RANDOM	Illumina NextSeq 500	Illumina	Illumina NextSeq	Apis	Apidae	Apinae	Apini	whole body	whole body	North America
SRR8754038	0.00025910302336737	0.156858022319475	-0.0941050263383915	-0.246011675949092	0.0243657822203843	-0.0203683304157639	-0.315365714908308	Apis mellifera	O. Eusocial	Female	whole body	North Dakota	RNA	PRJNA495845	2012	October	Paired	RANDOM	Illumina NextSeq 500	Illumina	Illumina NextSeq	Apis	Apidae	Apinae	Apini	whole body	whole body	North America
SRR8867392	-0.134554464373223	-0.240319017364905	0.131305054641443	-0.0560099501519721	-0.0847498999190367	-0.00720418412139153	0.030367876060992	Apis mellifera	O. Eusocial	Female	pooled whole bodies	Hawaii	RNA	PRJNA531527 	2012	November	Paired	CDNA	Illumina HiSeq 2500	Illumina	Illumina HiSeq	Apis	Apidae	Apinae	Apini	whole body, pooled	whole body	North America
SRR8867393	-0.139895671659229	-0.215718562451741	0.215127832203894	-0.0733669333071668	-0.114964326767621	0.0114082931720617	0.0175351619206569	Apis mellifera	O. Eusocial	Female	pooled whole bodies	Hawaii	RNA	PRJNA531527 	2012	December	Paired	CDNA	Illumina HiSeq 2500	Illumina	Illumina HiSeq	Apis	Apidae	Apinae	Apini	whole body, pooled	whole body	North America
SRR8867395	-0.152849943900953	-0.197111032512685	0.248806272020432	-0.0652246874990431	-0.102701252349054	0.0461976118202923	0.00874503922673892	Apis mellifera	O. Eusocial	Female	pooled whole bodies	Hawaii	RNA	PRJNA531527 	2012	November	Paired	CDNA	Illumina HiSeq 2500	Illumina	Illumina HiSeq	Apis	Apidae	Apinae	Apini	whole body, pooled	whole body	North America
