Sample	NMDS1	NMDS2	NMDS3	NMDS4	NMDS5	NMDS6	Species	Sociality	Sex	Tissue	Location	NucleotideType	Project.Accession	YearCollected	Month	LibraryLayout	LibrarySelection	SequenceInstrument	Platform_Gen	Platform_Spec	Genus	Family	SubFamily	Tribe	Tissue2	Tissue3	Continent
AM_N_072	-0.291199507875201	0.0383350466519904	-0.0556386468211531	0.167336678214845	0.0179137934153981	0.0987855797896889	Apis mellifera	O. Eusocial	Female	abdomen	United Kingdom	RNA	CompHym22	2019	July	Paired	POLYA	Illumina HiSeq PE150	Illumina	Illumina HiSeq	Apis	Apidae	Apinae	Apini	abdomen	abdomen	Europe
BT_N_001	-0.259668571831949	0.043001397144275	-0.0657824930236265	0.0623808342861928	0.0285515906249024	0.0775459046490592	Bombus terrestris	O. Eusocial	Female	abdomen	United Kingdom	RNA	CompHym22	2019	July	Paired	POLYA	Illumina HiSeq PE150	Illumina	Illumina HiSeq	Bombus	Apidae	Apinae	Bombini	abdomen	abdomen	Europe
BT_N_025	-0.22995129251761	0.0728674026609207	-0.0797628328010282	0.0906132691043573	0.107899246200502	0.0772323546693971	Bombus terrestris	O. Eusocial	Female	abdomen	United Kingdom	RNA	CompHym22	2019	July	Paired	POLYA	Illumina HiSeq PE150	Illumina	Illumina HiSeq	Bombus	Apidae	Apinae	Bombini	abdomen	abdomen	Europe
BT_N_029	-0.168628656974406	0.0927051389061776	-0.0531527260501609	0.0810053264510786	0.084873880798476	0.114414105686401	Bombus terrestris	O. Eusocial	Female	abdomen	United Kingdom	RNA	CompHym22	2019	July	Paired	POLYA	Illumina HiSeq PE150	Illumina	Illumina HiSeq	Bombus	Apidae	Apinae	Bombini	abdomen	abdomen	Europe
CA_N_007	0.223796547538763	-0.00386963298410247	-0.147660856327798	-0.0509126146910099	-0.0225334322891862	0.253561725612878	Ceratina australensis	Social	Female	abdomen	Australia	RNA	CompHym22	2019	January	Paired	POLYA	Illumina HiSeq PE150	Illumina	Illumina HiSeq	Ceratina	Apidae	Xylocopinae	Ceratinini	abdomen	abdomen	Oceania
CA_N_030	0.135891866174463	-0.104667438336108	0.332760166876819	0.0845036283900982	-0.240750868880633	0.0295988915115077	Ceratina australensis	Social	Female	abdomen	Australia	RNA	CompHym22	2019	January	Paired	POLYA	Illumina HiSeq PE150	Illumina	Illumina HiSeq	Ceratina	Apidae	Xylocopinae	Ceratinini	abdomen	abdomen	Oceania
ERR10123638	-0.175710788949994	-0.142887563390361	-0.0799281274357243	0.135428028775035	0.0450586929738781	0.0706285203824758	Bombus pascuorum	O. Eusocial	Unknown	abdomen	United Kingdom	RNA	PRJEB43529	2020	August	Paired	POLYA	Illumina NovaSeq 6000	Illumina	Illumina NovaSeq	Bombus	Apidae	Apinae	Bombini	abdomen	abdomen	Europe
SRR10034516	0.0908612594659309	0.0969958280647449	-0.169978242257012	-0.179022289073071	-0.1100723835635	-0.0541137780070475	Apis cerana	O. Eusocial	Female	midgut	China	RNA	PRJNA562784	2020	NA	Paired	PCR	Illumina HiSeq 4000	Illumina	Illumina HiSeq	Apis	Apidae	Apinae	Apini	gut	gut	Asia
SRR10034517	0.0459248242751261	0.0446140631320249	-0.19072662331656	-0.205028545504586	-0.117899831684684	-0.0928042454857997	Apis cerana	O. Eusocial	Female	midgut	China	RNA	PRJNA562784	2020	NA	Paired	PCR	Illumina HiSeq 4000	Illumina	Illumina HiSeq	Apis	Apidae	Apinae	Apini	gut	gut	Asia
SRR10034518	-0.035613563281583	-0.0307952411287504	-0.133279417920613	-0.216928391022483	-0.114774993057695	-0.171432339820419	Apis cerana	O. Eusocial	Female	midgut	China	RNA	PRJNA562784	2020	NA	Paired	PCR	Illumina HiSeq 4000	Illumina	Illumina HiSeq	Apis	Apidae	Apinae	Apini	gut	gut	Asia
SRR10034523	0.0647035823552451	0.0680087509835537	-0.176862844910887	-0.187626663734793	-0.117136277416085	-0.0859867309291572	Apis cerana	O. Eusocial	Female	midgut	China	RNA	PRJNA562784	2020	NA	Paired	PCR	Illumina HiSeq 4000	Illumina	Illumina HiSeq	Apis	Apidae	Apinae	Apini	gut	gut	Asia
SRR11426431	0.171945475685148	0.216486356306912	-0.11692541028993	-0.0151648876474493	-0.0162895176981983	0.00141460934449577	Tetragonisca angustula	O. Eusocial	Female	whole body (pool of 6)	Brazil	RNA	PRJNA615177	2021	NA	Paired	CDNA	Illumina HiSeq 2000	Illumina	Illumina HiSeq	Tetragonisca	Apidae	Apinae	Meliponini	whole body, pooled	whole body	South America
SRR11426432	0.215055732869231	0.223650912253098	-0.128498770727835	-0.00244346851618763	-0.0369940203225523	0.0484487177856985	Tetragonisca angustula	O. Eusocial	Female	whole body (pool of 6)	Brazil	RNA	PRJNA615177	2021	NA	Paired	CDNA	Illumina HiSeq 2000	Illumina	Illumina HiSeq	Tetragonisca	Apidae	Apinae	Meliponini	whole body, pooled	whole body	South America
SRR11426433	0.217842619697584	0.222037388235559	-0.117605011386281	0.0138673638656477	-0.032161661738107	0.00538120866635405	Tetragonisca angustula	O. Eusocial	Female	whole body (pool of 6)	Brazil	RNA	PRJNA615177	2021	NA	Paired	CDNA	Illumina HiSeq 2000	Illumina	Illumina HiSeq	Tetragonisca	Apidae	Apinae	Meliponini	whole body, pooled	whole body	South America
SRR11440495	0.243042426434961	0.221331526803981	-0.0946999500352245	-0.00822605002985724	-0.0399277265231104	0.0230494074230119	Tetragonisca angustula	O. Eusocial	Female	whole body (pool of 6)	Brazil	RNA	PRJNA615177	2021	NA	Paired	CDNA	Illumina HiSeq 2000	Illumina	Illumina HiSeq	Tetragonisca	Apidae	Apinae	Meliponini	whole body, pooled	whole body	South America
SRR11440496	0.245462291288535	0.217405766831324	-0.10483794446276	0.00597729847634713	-0.039785606103959	0.0126508786502459	Tetragonisca angustula	O. Eusocial	Female	whole body (pool of 6)	Brazil	RNA	PRJNA615177	2021	NA	Paired	CDNA	Illumina HiSeq 2000	Illumina	Illumina HiSeq	Tetragonisca	Apidae	Apinae	Meliponini	whole body, pooled	whole body	South America
SRR11445089	0.0654382429812378	-0.0676237554661795	0.112898978552909	-0.0922535310526142	0.233743856706384	0.205272055001584	Bombus terrestris	O. Eusocial	Female	whole body (pool of 3)	United Kingdom	RNA	PRJNA615177	2021	NA	Paired	CDNA	Illumina HiSeq 2000	Illumina	Illumina HiSeq	Bombus	Apidae	Apinae	Bombini	whole body, pooled	whole body	Europe
SRR11445090	0.000856354185263384	-0.107576012166066	0.120464987915728	-0.116603867392056	0.218615597367643	0.181899367856172	Bombus terrestris	O. Eusocial	Female	whole body (pool of 3)	United Kingdom	RNA	PRJNA615177	2021	NA	Paired	CDNA	Illumina HiSeq 2000	Illumina	Illumina HiSeq	Bombus	Apidae	Apinae	Bombini	whole body, pooled	whole body	Europe
SRR11445091	0.0575521897710012	-0.115762799809547	0.105965815165307	-0.0719696011717956	0.254304819573173	0.202337323545499	Bombus terrestris	O. Eusocial	Female	whole body (pool of 3)	United Kingdom	RNA	PRJNA615177	2021	NA	Paired	CDNA	Illumina HiSeq 2000	Illumina	Illumina HiSeq	Bombus	Apidae	Apinae	Bombini	whole body, pooled	whole body	Europe
SRR11448239	0.126218756823978	-0.0806891776690573	0.121233437030363	-0.0627638191397519	0.266547763599172	0.186246463314536	Bombus terrestris	O. Eusocial	Female	whole body (pool of 3)	United Kingdom	RNA	PRJNA615177	2021	NA	Paired	CDNA	Illumina HiSeq 2000	Illumina	Illumina HiSeq	Bombus	Apidae	Apinae	Bombini	whole body, pooled	whole body	Europe
SRR11448240	0.165450395926884	-0.0126063442417907	0.0514493803961081	-0.0716906731633993	0.232696260365787	0.178338197804676	Bombus terrestris	O. Eusocial	Female	whole body (pool of 3)	United Kingdom	RNA	PRJNA615177	2021	NA	Paired	CDNA	Illumina HiSeq 2000	Illumina	Illumina HiSeq	Bombus	Apidae	Apinae	Bombini	whole body, pooled	whole body	Europe
SRR11448241	0.125287529746395	-0.106437873739467	0.0898205069132703	-0.0129261153121013	0.264584018370548	0.233961885163465	Bombus terrestris	O. Eusocial	Female	whole body (pool of 3)	United Kingdom	RNA	PRJNA615177	2021	NA	Paired	CDNA	Illumina HiSeq 2000	Illumina	Illumina HiSeq	Bombus	Apidae	Apinae	Bombini	whole body, pooled	whole body	Europe
SRR12053411	0.405027690656844	-0.234555685518108	0.0986266601625301	-0.199965224815061	0.0888880455787657	-0.195630421110546	Euglossa viridissima	Social	Female	abdomen	Mexico	RNA	PRJNA636137	2017	February	Paired	PCR	Illumina HiSeq 4000	Illumina	Illumina HiSeq	Euglossa	Apidae	Apinae	Euglossini	abdomen	abdomen	North America
SRR12053412	0.210027156813611	-0.456215350059701	0.106504941782146	-0.327175794127178	0.0116222262264778	-0.0330307490152585	Euglossa viridissima	Social	Female	abdomen	Mexico	RNA	PRJNA636137	2016	March	Paired	PCR	Illumina HiSeq 4000	Illumina	Illumina HiSeq	Euglossa	Apidae	Apinae	Euglossini	abdomen	abdomen	North America
SRR12053417	0.181297708779225	-0.359248189370388	0.0941093368585201	-0.328385312530038	0.0164912673544421	-0.106679224428167	Euglossa dilemma	Social	Female	abdomen	Mexico	RNA	PRJNA636137	2016	March	Paired	PCR	Illumina HiSeq 4000	Illumina	Illumina HiSeq	Euglossa	Apidae	Apinae	Euglossini	abdomen	abdomen	North America
SRR12053419	0.35425852651914	-0.345771570898877	0.0602681033789911	-0.316810623759955	-0.00382491778770697	-0.0374360477612025	Euglossa viridissima	Social	Female	abdomen	Mexico	RNA	PRJNA636137	2016	March	Paired	PCR	Illumina HiSeq 4000	Illumina	Illumina HiSeq	Euglossa	Apidae	Apinae	Euglossini	abdomen	abdomen	North America
SRR12053421	0.179100784823731	-0.35902793312147	0.094362290565845	-0.333887846148652	0.0124034986057991	-0.0933671139080656	Euglossa viridissima	Social	Female	abdomen	Mexico	RNA	PRJNA636137	2016	March	Paired	PCR	Illumina HiSeq 4000	Illumina	Illumina HiSeq	Euglossa	Apidae	Apinae	Euglossini	abdomen	abdomen	North America
SRR12053422	0.373618046105867	-0.336682581806571	0.050345915939575	-0.313176430553951	-0.021503427013249	-0.0107869406363191	Euglossa viridissima	Social	Female	abdomen	Mexico	RNA	PRJNA636137	2016	March	Paired	PCR	Illumina HiSeq 4000	Illumina	Illumina HiSeq	Euglossa	Apidae	Apinae	Euglossini	abdomen	abdomen	North America
SRR12053430	0.381944093114239	-0.332171304823371	0.0578936412936135	-0.305230706744628	-0.0108939866160944	-0.0281953188864478	Euglossa viridissima	Social	Female	abdomen	Mexico	RNA	PRJNA636137	2016	June	Paired	PCR	Illumina HiSeq 4000	Illumina	Illumina HiSeq	Euglossa	Apidae	Apinae	Euglossini	abdomen	abdomen	North America
SRR12053431	0.345501307542069	-0.351800979225588	0.0536724334423847	-0.324790323790684	-0.00835334915581236	-0.020645548601129	Euglossa viridissima	Social	Female	abdomen	Mexico	RNA	PRJNA636137	2016	June	Paired	PCR	Illumina HiSeq 4000	Illumina	Illumina HiSeq	Euglossa	Apidae	Apinae	Euglossini	abdomen	abdomen	North America
SRR12053432	0.108560140190518	-0.157216883064232	-0.0208223946481389	-0.145406626078234	0.0561422033091646	0.391130314308441	Euglossa viridissima	Social	Female	abdomen	Mexico	RNA	PRJNA636137	2016	July	Paired	PCR	Illumina HiSeq 4000	Illumina	Illumina HiSeq	Euglossa	Apidae	Apinae	Euglossini	abdomen	abdomen	North America
SRR12053436	0.213074213637817	-0.45196235072425	0.115308584020608	-0.317547216733085	0.0275150088402709	-0.0731783895287	Euglossa viridissima	Social	Female	abdomen	Mexico	RNA	PRJNA636137	2017	March	Paired	PCR	Illumina HiSeq 4000	Illumina	Illumina HiSeq	Euglossa	Apidae	Apinae	Euglossini	abdomen	abdomen	North America
SRR12233573	0.249370294140356	0.235015118764877	-0.133380964990515	0.0140785509018946	-0.0420313592839045	-0.00298851684018334	Bombus pyrosoma	O. Eusocial	Unknown	whole body	China	RNA	PRJNA646593	2019	July	Paired	RT-PCR	Illumina HiSeq 2500	Illumina	Illumina HiSeq	Bombus	Apidae	Apinae	Bombini	whole body	whole body	Asia
SRR12233820	0.249975846285739	0.209101210690201	-0.112136051817907	-0.0164439462736361	0.028955771240045	-0.00027970563015838	Bombus pyrosoma	O. Eusocial	Unknown	whole body	China	RNA	PRJNA646602	2019	July	Paired	RT-PCR	Illumina HiSeq 2500	Illumina	Illumina HiSeq	Bombus	Apidae	Apinae	Bombini	whole body	whole body	Asia
SRR12235348	0.247301605358792	0.200363538970137	-0.0977135524187672	-0.0220407126648488	0.0373906836973688	0.00477106394781827	Bombus pyrosoma	O. Eusocial	Unknown	whole body	China	RNA	PRJNA646687	2019	July	Paired	RT-PCR	Illumina HiSeq 2500	Illumina	Illumina HiSeq	Bombus	Apidae	Apinae	Bombini	whole body	whole body	Asia
SRR12244814	0.213791643174537	0.233340147030468	-0.111207446092415	0.0103483663269426	-0.0466731369894674	0.00437708486877942	Bombus pyrosoma	O. Eusocial	Unknown	whole body	China	RNA	PRJNA646806	2019	July	Paired	RT-PCR	Illumina HiSeq 2500	Illumina	Illumina HiSeq	Bombus	Apidae	Apinae	Bombini	whole body	whole body	Asia
SRR12245258	0.247640335109205	0.245011344411278	-0.124977416041847	0.00210502689666935	-0.0510127150612312	0.000688763789331853	Bombus pyrosoma	O. Eusocial	Unknown	whole body	China	RNA	PRJNA646816	2019	July	Paired	RT-PCR	Illumina HiSeq 2500	Illumina	Illumina HiSeq	Bombus	Apidae	Apinae	Bombini	whole body	whole body	Asia
SRR12245523	0.248407054020232	0.234938981566082	-0.115859305805542	0.0147254822703481	-0.0341364808482846	0.0131526864032552	Bombus pyrosoma	O. Eusocial	Unknown	whole body	China	RNA	PRJNA646831	2019	July	Paired	RT-PCR	Illumina HiSeq 2500	Illumina	Illumina HiSeq	Bombus	Apidae	Apinae	Bombini	whole body	whole body	Asia
SRR12527928	0.170868709399167	0.111508070259562	-0.090419384675519	-0.124810330187387	0.105640753085343	0.150480781762199	Bombus confusus	O. Eusocial	Unknown	whole body	China	RNA	PRJNA659133	2016	August	Paired	POLYA	Illumina HiSeq X Ten	Illumina	Illumina HiSeq	Bombus	Apidae	Apinae	Bombini	whole body	whole body	Asia
SRR12527929	0.12985386300031	-0.049353507259487	0.143606516062111	-0.0928974247855348	0.307646021568551	-0.0630164522359365	Bombus haemorrhoidalis	O. Eusocial	Unknown	whole body	China	RNA	PRJNA659133	2016	August	Paired	POLYA	Illumina HiSeq X Ten	Illumina	Illumina HiSeq	Bombus	Apidae	Apinae	Bombini	whole body	whole body	Asia
SRR12527930	-0.275658909517264	0.0736695212972899	0.0277574760705389	0.145739414832054	-0.0938131279117014	0.213328125982007	Bombus soroeensis	O. Eusocial	Unknown	whole body	China	RNA	PRJNA659133	2016	August	Paired	POLYA	Illumina HiSeq X Ten	Illumina	Illumina HiSeq	Bombus	Apidae	Apinae	Bombini	whole body	whole body	Asia
SRR12527933	0.271387077134274	0.179278453379964	-0.0967914211157494	-0.0325282149479382	-0.0209693307490348	-0.0146278275484371	Bombus turneri	O. Eusocial	Unknown	whole body	China	RNA	PRJNA659133	2016	August	Paired	POLYA	Illumina HiSeq X Ten	Illumina	Illumina HiSeq	Bombus	Apidae	Apinae	Bombini	whole body	whole body	Asia
SRR12527934	0.265126676467669	0.185917497912882	-0.106883377226691	-0.0401177803082032	-0.0207397457315072	-0.00606857433488442	Bombus pyrosoma	O. Eusocial	Unknown	whole body	China	RNA	PRJNA659133	2016	August	Paired	POLYA	Illumina HiSeq X Ten	Illumina	Illumina HiSeq	Bombus	Apidae	Apinae	Bombini	whole body	whole body	Asia
SRR12527936	0.269045351046378	0.185801884241152	-0.114516886423482	-0.0295504338171195	-0.0185556211786535	0.000421339048686194	Bombus picipes	O. Eusocial	Unknown	whole body	China	RNA	PRJNA659133	2016	August	Paired	POLYA	Illumina HiSeq X Ten	Illumina	Illumina HiSeq	Bombus	Apidae	Apinae	Bombini	whole body	whole body	Asia
SRR12527961	0.274921628641049	0.185346426154408	-0.104052874452245	-0.0330400294306458	-0.0257769222541312	-0.00182326859808391	Bombus waltoni	O. Eusocial	Unknown	whole body	China	RNA	PRJNA659133	2016	August	Paired	POLYA	Illumina HiSeq X Ten	Illumina	Illumina HiSeq	Bombus	Apidae	Apinae	Bombini	whole body	whole body	Asia
SRR12527964	0.0572279655324815	-0.0621374232115678	0.115803214125908	-0.0971779257925434	0.371207840624106	0.0235282262376325	Bombus opulentus	O. Eusocial	Unknown	whole body	China	RNA	PRJNA659133	2016	August	Paired	POLYA	Illumina HiSeq X Ten	Illumina	Illumina HiSeq	Bombus	Apidae	Apinae	Bombini	whole body	whole body	Asia
SRR13189057	-0.246963125726589	-0.0182964579796424	-0.081025137901221	0.161943573450189	0.085320435436418	-0.0876982445050221	Apis mellifera	O. Eusocial	Female	gut	China	RNA	PRJNA681941	2020	NA	Paired	PCR	Illumina NovaSeq 6000	Illumina	Illumina NovaSeq	Apis	Apidae	Apinae	Apini	gut	gut	Asia
SRR13189058	-0.266101731190148	-0.0318687990477203	-0.0709154923020119	0.065198619830665	0.021434073801716	-0.0952043693190077	Apis mellifera	O. Eusocial	Female	gut	China	RNA	PRJNA681941	2020	NA	Paired	PCR	Illumina NovaSeq 6000	Illumina	Illumina NovaSeq	Apis	Apidae	Apinae	Apini	gut	gut	Asia
SRR13189059	-0.284652888682031	-0.0186475411713863	-0.0630028077494981	-0.0155138784842105	-0.0143073230263626	0.0208742604776876	Apis mellifera	O. Eusocial	Female	gut	China	RNA	PRJNA681941	2020	NA	Paired	PCR	Illumina NovaSeq 6000	Illumina	Illumina NovaSeq	Apis	Apidae	Apinae	Apini	gut	gut	Asia
SRR13189063	-0.294818210214937	0.0145901987366628	-0.0261554034636833	0.0496212184536289	-0.0125423005516576	0.0859819386692355	Apis mellifera	O. Eusocial	Female	gut	China	RNA	PRJNA681941	2020	NA	Paired	PCR	Illumina NovaSeq 6000	Illumina	Illumina NovaSeq	Apis	Apidae	Apinae	Apini	gut	gut	Asia
SRR13189066	-0.196397916232875	0.0101514833296673	-0.0791552781724875	0.22054751784688	0.0441101317755892	-0.283182774641533	Apis mellifera	O. Eusocial	Female	gut	China	RNA	PRJNA681941	2020	NA	Paired	PCR	Illumina NovaSeq 6000	Illumina	Illumina NovaSeq	Apis	Apidae	Apinae	Apini	gut	gut	Asia
SRR13189067	-0.225947135300381	-0.0184976127053196	-0.0568194032439576	0.189502187174226	0.0686500259996411	-0.168223123917732	Apis mellifera	O. Eusocial	Female	gut	China	RNA	PRJNA681941	2020	NA	Paired	PCR	Illumina NovaSeq 6000	Illumina	Illumina NovaSeq	Apis	Apidae	Apinae	Apini	gut	gut	Asia
SRR13404631	0.123515545068529	0.202965564678338	0.211019469429873	-0.0300571023871826	0.119223737367653	-0.275287942966816	Andrena 	Solitary	Unknown	pooled whole bodies 	Israel	RNA	PRJNA687318	2018	March	Paired	RT-PCR	Illumina HiSeq 4000	Illumina	Illumina HiSeq	Andrena	Andrenidae	Andreninae	Andrenini	whole body, pooled	whole body	Asia
SRR13404632	-0.278301737697179	0.0375134137144461	0.0109670723260121	0.095731293232484	0.00495242563348377	0.0839153019594069	Apis mellifera	O. Eusocial	Unknown	pooled whole bodies 	Israel	RNA	PRJNA687318	2018	March	Paired	RT-PCR	Illumina HiSeq 4000	Illumina	Illumina HiSeq	Apis	Apidae	Apinae	Apini	whole body, pooled	whole body	Asia
SRR13404633	-0.20819025210537	0.170828869150808	0.172059600088267	0.0987886422610038	0.0602568483273895	-0.163261436309122	Andrena 	Solitary	Unknown	pooled whole bodies 	Israel	RNA	PRJNA687318	2018	March	Paired	RT-PCR	Illumina HiSeq 4000	Illumina	Illumina HiSeq	Andrena	Andrenidae	Andreninae	Andrenini	whole body, pooled	whole body	Asia
SRR13404634	-0.276958090593856	0.0356168070849638	0.0324736753135807	0.0973170303059499	-0.0183028951367915	-0.0340671276982124	Apis mellifera	O. Eusocial	Unknown	pooled whole bodies 	Israel	RNA	PRJNA687318	2018	March	Paired	RT-PCR	Illumina HiSeq 4000	Illumina	Illumina HiSeq	Apis	Apidae	Apinae	Apini	whole body, pooled	whole body	Asia
SRR13404635	0.0600854109608567	0.162900595987634	0.270574003132111	0.259902587815179	0.198515906750409	-0.18588673967525	Andrena 	Solitary	Unknown	pooled whole bodies 	Israel	RNA	PRJNA687318	2018	March	Paired	RT-PCR	Illumina HiSeq 4000	Illumina	Illumina HiSeq	Andrena	Andrenidae	Andreninae	Andrenini	whole body, pooled	whole body	Asia
SRR13404636	-0.28315495589663	0.0311377657170705	0.0101389074580791	0.105700800657013	-0.0554794717389326	-0.0195691767536528	Apis mellifera	O. Eusocial	Unknown	pooled whole bodies 	Israel	RNA	PRJNA687318	2018	March	Paired	RT-PCR	Illumina HiSeq 4000	Illumina	Illumina HiSeq	Apis	Apidae	Apinae	Apini	whole body, pooled	whole body	Asia
SRR13404640	0.0296674042136858	0.140609745609958	0.270706090504493	0.172809374112053	0.188964504793092	-0.23723906222943	Andrena 	Solitary	Unknown	pooled whole bodies 	Israel	RNA	PRJNA687318	2018	March	Paired	RT-PCR	Illumina HiSeq 4000	Illumina	Illumina HiSeq	Andrena	Andrenidae	Andreninae	Andrenini	whole body, pooled	whole body	Asia
SRR13404641	-0.279849680357348	0.0437691473022444	0.00488930778569703	0.148567458739629	-0.0625639730647064	0.0940634631131239	Apis mellifera	O. Eusocial	Unknown	pooled whole bodies 	Israel	RNA	PRJNA687318	2018	March	Paired	RT-PCR	Illumina HiSeq 4000	Illumina	Illumina HiSeq	Apis	Apidae	Apinae	Apini	whole body, pooled	whole body	Asia
SRR13442815	-0.216805481667826	-0.0262694032562536	-0.0639016847377415	-0.0773594524130198	-0.111148324281622	-0.178118273967988	Apis mellifera	O. Eusocial	Unknown	whole body	Australia	RNA	PRJNA687066	2017	September	Paired	POLYA	BGISEQ-500	BGISEQ	BGISEQ	Apis	Apidae	Apinae	Apini	whole body	whole body	Oceania
SRR13442818	0.120700842658011	-0.0732920483931388	0.057733376891243	-0.0120644265673816	0.106393735776578	-0.378816851472665	Tetragonula carbonaria	O. Eusocial	Unknown	whole body	Australia	RNA	PRJNA687066	2017	September	Paired	POLYA	BGISEQ-500	BGISEQ	BGISEQ	Tetragonula	Apidae	Apinae	Meliponini	whole body	whole body	Oceania
SRR13442819	-0.249337475750603	0.0293456380496039	0.0843484958136585	-0.116011777318291	-0.0561789731602116	-0.198253200646623	Apis mellifera	O. Eusocial	Unknown	whole body	Australia	RNA	PRJNA687066	2017	September	Paired	POLYA	BGISEQ-500	BGISEQ	BGISEQ	Apis	Apidae	Apinae	Apini	whole body	whole body	Oceania
SRR13442828	-0.227772893763852	-0.0128261631761298	-0.013052362108957	-0.0884201902776712	-0.0561245837031113	-0.184986429889345	Apis mellifera	O. Eusocial	Unknown	whole body	Australia	RNA	PRJNA687066	2017	October	Paired	POLYA	BGISEQ-500	BGISEQ	BGISEQ	Apis	Apidae	Apinae	Apini	whole body	whole body	Oceania
SRR13442829	-0.146023777226178	-0.0765643907153274	-0.0957028583389297	-0.10047028308705	-0.160245620409872	-0.280882870599288	Apis mellifera	O. Eusocial	Unknown	whole body	Australia	RNA	PRJNA687066	2017	October	Paired	POLYA	BGISEQ-500	BGISEQ	BGISEQ	Apis	Apidae	Apinae	Apini	whole body	whole body	Oceania
SRR13442831	-0.27160540749704	-0.0289612972474198	-0.124022396140134	-0.0581109247699136	-0.0013193963163853	-0.0390254395418387	Apis mellifera	O. Eusocial	Unknown	whole body	Australia	RNA	PRJNA687066	2017	September	Paired	POLYA	BGISEQ-500	BGISEQ	BGISEQ	Apis	Apidae	Apinae	Apini	whole body	whole body	Oceania
SRR13769013	-0.0702660085870129	-0.0320567165814242	0.10137048149141	-0.19807767470719	0.265934066724978	-0.0423895481152891	Bombus	O. Eusocial	Unknown	pooled whole bodies (293)	Scotland	RNA	PRJNA704259	2021	NA	Paired	RT-PCR	MGI DNBSEQ-G400	MGI	MGI	Bombus	Apidae	Apinae	Bombini	whole body, pooled	whole body	Europe
SRR13769014	-0.273717946071006	0.0311892093274832	-0.0716283408984019	0.0505621523102554	0.0938892683939278	0.00538495833149764	Bombus pascuorum	O. Eusocial	Unknown	pooled whole bodies (182)	Scotland	RNA	PRJNA704259	2021	NA	Paired	RT-PCR	MGI DNBSEQ-G400	MGI	MGI	Bombus	Apidae	Apinae	Bombini	whole body, pooled	whole body	Europe
SRR13769015	-0.210219010020744	-0.0560861564067355	-0.0628392261452365	-0.0950830028604311	0.128106312790858	-0.0677512811162208	Bombus pascuorum	O. Eusocial	Unknown	pooled whole bodies (182)	Scotland	RNA	PRJNA704259	2021	NA	Paired	RT-PCR	MGI DNBSEQ-G400	MGI	MGI	Bombus	Apidae	Apinae	Bombini	whole body, pooled	whole body	Europe
SRR13769016	-0.214484219759522	-0.0188353364714153	0.0400674365340752	-0.00918958227277792	0.208463665731169	0.0626536585784464	Bombus lucorum	O. Eusocial	Unknown	pooled whole bodies (212)	Scotland	RNA	PRJNA704259	2021	NA	Paired	RT-PCR	MGI DNBSEQ-G400	MGI	MGI	Bombus	Apidae	Apinae	Bombini	whole body, pooled	whole body	Europe
SRR13769017	-0.190362915060776	-0.027198842425961	0.0479130961730304	-0.0444660619218665	0.240807589736642	0.0288600966251001	Bombus lucorum	O. Eusocial	Unknown	pooled whole bodies (212)	Scotland	RNA	PRJNA704259	2021	NA	Paired	RT-PCR	MGI DNBSEQ-G400	MGI	MGI	Bombus	Apidae	Apinae	Bombini	whole body, pooled	whole body	Europe
SRR13769018	-0.213612375812531	0.00580491213276758	0.063596993343186	-0.00743106005851863	0.151625653597117	-0.128817176641598	Bombus terrestris	O. Eusocial	Unknown	pooled whole bodies (239)	Scotland	RNA	PRJNA704259	2021	NA	Paired	RT-PCR	MGI DNBSEQ-G400	MGI	MGI	Bombus	Apidae	Apinae	Bombini	whole body, pooled	whole body	Europe
SRR13769019	-0.142510731606802	-0.0683053564733508	0.0414615077099312	-0.118831532427272	0.236348826743455	-0.0490377417374693	Bombus terrestris	O. Eusocial	Unknown	pooled whole bodies (239)	Scotland	RNA	PRJNA704259	2021	NA	Paired	RT-PCR	MGI DNBSEQ-G400	MGI	MGI	Bombus	Apidae	Apinae	Bombini	whole body, pooled	whole body	Europe
SRR1380984	-0.0217947000898909	0.170777865373815	0.310632161774157	-0.145070103477946	0.0528143236072101	0.261021171457736	Apis cerana	O. Eusocial	Female	gut	South Korea	RNA	PRJNA235974	2013	NA	Paired	POLYA	Illumina HiSeq 2000	Illumina	Illumina HiSeq	Apis	Apidae	Apinae	Apini	gut	gut	Asia
SRR14567209	0.114802152373531	-0.142211685993999	0.31453485106015	0.102446475457823	-0.194880881707788	-0.0180553921321102	Bombus terricola	O. Eusocial	Unknown	abdomen	Canada	RNA	PRJNA730495	2021	NA	Paired	CDNA	Illumina HiSeq 4000	Illumina	Illumina HiSeq	Bombus	Apidae	Apinae	Bombini	abdomen	abdomen	North America
SRR14567210	0.127589753675835	-0.152782495418166	0.300635833700189	0.109722961093612	-0.204107621777931	-0.0148054514438664	Bombus terricola	O. Eusocial	Unknown	abdomen	Canada	RNA	PRJNA730495	2021	NA	Paired	CDNA	Illumina HiSeq 4000	Illumina	Illumina HiSeq	Bombus	Apidae	Apinae	Bombini	abdomen	abdomen	North America
SRR14567211	0.12590390551065	-0.156080084470641	0.305644170889837	0.101783490865107	-0.184456020187409	-0.0192059718872687	Bombus terricola	O. Eusocial	Unknown	abdomen	Canada	RNA	PRJNA730495	2021	NA	Paired	CDNA	Illumina HiSeq 4000	Illumina	Illumina HiSeq	Bombus	Apidae	Apinae	Bombini	abdomen	abdomen	North America
SRR14567212	0.119266837405364	-0.157628909712202	0.299227555834059	0.089237089046331	-0.204395892297363	-6.30984429820669e-06	Bombus terricola	O. Eusocial	Unknown	abdomen	Canada	RNA	PRJNA730495	2021	NA	Paired	CDNA	Illumina HiSeq 4000	Illumina	Illumina HiSeq	Bombus	Apidae	Apinae	Bombini	abdomen	abdomen	North America
SRR14567213	0.116825108660119	-0.152126720299694	0.305168233751614	0.109801860327936	-0.183211705823594	0.00455912157502203	Bombus terricola	O. Eusocial	Unknown	abdomen	Canada	RNA	PRJNA730495	2021	NA	Paired	CDNA	Illumina HiSeq 4000	Illumina	Illumina HiSeq	Bombus	Apidae	Apinae	Bombini	abdomen	abdomen	North America
SRR14567214	0.116189229665528	-0.154074155390433	0.308423176667329	0.0969690897029612	-0.175587765255591	-0.00609728408127191	Bombus terricola	O. Eusocial	Unknown	abdomen	Canada	RNA	PRJNA730495	2021	NA	Paired	CDNA	Illumina HiSeq 4000	Illumina	Illumina HiSeq	Bombus	Apidae	Apinae	Bombini	abdomen	abdomen	North America
SRR14567217	0.128185738405537	-0.16376820603234	0.296502726957691	0.112512134084429	-0.193581986723228	-0.00488808024537982	Bombus terricola	O. Eusocial	Unknown	abdomen	Canada	RNA	PRJNA730495	2021	NA	Paired	CDNA	Illumina HiSeq 4000	Illumina	Illumina HiSeq	Bombus	Apidae	Apinae	Bombini	abdomen	abdomen	North America
SRR14567218	0.134803638489072	-0.158388481755467	0.303189796203976	0.100387585942838	-0.185177852068939	-0.00911089905571274	Bombus terricola	O. Eusocial	Unknown	abdomen	Canada	RNA	PRJNA730495	2021	NA	Paired	CDNA	Illumina HiSeq 4000	Illumina	Illumina HiSeq	Bombus	Apidae	Apinae	Bombini	abdomen	abdomen	North America
SRR14567219	0.131787208653667	-0.157520854125193	0.29670700440798	0.0929571443874181	-0.204617024884947	-0.0118458134067608	Bombus terricola	O. Eusocial	Unknown	abdomen	Canada	RNA	PRJNA730495	2021	NA	Paired	CDNA	Illumina HiSeq 4000	Illumina	Illumina HiSeq	Bombus	Apidae	Apinae	Bombini	abdomen	abdomen	North America
SRR14567220	0.125592020140644	-0.142751721621154	0.305266951222116	0.103070700565035	-0.217184983836865	-0.0105840084604048	Bombus terricola	O. Eusocial	Unknown	abdomen	Canada	RNA	PRJNA730495	2021	NA	Paired	CDNA	Illumina HiSeq 4000	Illumina	Illumina HiSeq	Bombus	Apidae	Apinae	Bombini	abdomen	abdomen	North America
SRR14567221	0.133945735371869	-0.161573028523799	0.293207055450637	0.0942533908110909	-0.213138226249055	-0.00274845304743289	Bombus terricola	O. Eusocial	Unknown	abdomen	Canada	RNA	PRJNA730495	2021	NA	Paired	CDNA	Illumina HiSeq 4000	Illumina	Illumina HiSeq	Bombus	Apidae	Apinae	Bombini	abdomen	abdomen	North America
SRR14567222	0.102218570686016	-0.153619469387237	0.289587283329807	0.0839916556417156	-0.197287829264854	-0.00979044341297828	Bombus terricola	O. Eusocial	Unknown	abdomen	Canada	RNA	PRJNA730495	2021	NA	Paired	CDNA	Illumina HiSeq 4000	Illumina	Illumina HiSeq	Bombus	Apidae	Apinae	Bombini	abdomen	abdomen	North America
SRR1503088	-0.121463470348289	-0.131332672866532	-0.134844940064868	-0.243892987452784	-0.172643201172089	-0.0675205514732676	Bombus rupestris	O. Eusocial	Female	whole body	France	RNA	PRJNA252285	2011	July	Paired	CDNA	Illumina HiSeq 2000	Illumina	Illumina HiSeq	Bombus	Apidae	Apinae	Bombini	whole body	whole body	Europe
SRR1503113	0.055098631419739	-0.0857613377164796	-0.02591533718694	-0.134710306835331	0.43353474573524	-0.0479223804279913	Euglossa dilemma	Social	Unknown	whole body	Florida	RNA	PRJNA252310	2012	January	Paired	CDNA	Illumina HiSeq 2000	Illumina	Illumina HiSeq	Euglossa	Apidae	Apinae	Euglossini	whole body	whole body	North America
SRR15496106	-0.289466767022876	-0.00216701862478637	-0.06587945117174	0.0456870802927657	-0.00497162167395897	0.0171854551314786	Apis mellifera	O. Eusocial	Female	abdomen	China	RNA	PRJNA754836	2021	May	Paired	PCR	Illumina NovaSeq 6000	Illumina	Illumina NovaSeq	Apis	Apidae	Apinae	Apini	abdomen	abdomen	Asia
SRR15496107	-0.29577276879935	0.00520593617399902	-0.0652160436069281	0.0696608754147099	0.0173802519195308	0.0349030714119956	Apis mellifera	O. Eusocial	Female	abdomen	China	RNA	PRJNA754836	2021	May	Paired	PCR	Illumina NovaSeq 6000	Illumina	Illumina NovaSeq	Apis	Apidae	Apinae	Apini	abdomen	abdomen	Asia
SRR15496108	-0.221031629527534	-0.0485578326240169	-0.0577904790231018	-0.00486189863874886	-0.0439783348557545	-0.221772606686334	Apis mellifera	O. Eusocial	Female	abdomen	China	RNA	PRJNA754836	2021	May	Paired	PCR	Illumina NovaSeq 6000	Illumina	Illumina NovaSeq	Apis	Apidae	Apinae	Apini	abdomen	abdomen	Asia
SRR15496109	-0.224218428319485	-0.0453568555287026	-0.0429971427345492	0.0348232489787223	-0.027606496488181	-0.257891590565775	Apis mellifera	O. Eusocial	Female	abdomen	China	RNA	PRJNA754836	2021	May	Paired	PCR	Illumina NovaSeq 6000	Illumina	Illumina NovaSeq	Apis	Apidae	Apinae	Apini	abdomen	abdomen	Asia
SRR15496114	-0.292026069087412	-0.0283230656044415	-0.129730013198625	0.0198333670956842	0.00829486222245522	-0.0056294117188464	Apis mellifera	O. Eusocial	Female	abdomen	China	RNA	PRJNA754836	2021	May	Paired	PCR	Illumina NovaSeq 6000	Illumina	Illumina NovaSeq	Apis	Apidae	Apinae	Apini	abdomen	abdomen	Asia
SRR15496115	-0.284733357126963	-0.0385092258777763	-0.116749261290763	0.0233074124215096	-0.00619538424036246	-0.0377559767459941	Apis mellifera	O. Eusocial	Female	abdomen	China	RNA	PRJNA754836	2021	May	Paired	PCR	Illumina NovaSeq 6000	Illumina	Illumina NovaSeq	Apis	Apidae	Apinae	Apini	abdomen	abdomen	Asia
SRR17475010	0.188412332494845	-0.13478465904952	0.354637792574119	0.13638467494747	-0.199475128467403	0.0225995520853161	Apis mellifera	O. Eusocial	Female	abdomen	China	RNA	PRJNA793424	2020	September	Paired	RANDOM	Illumina NovaSeq 6000	Illumina	Illumina NovaSeq	Apis	Apidae	Apinae	Apini	abdomen	abdomen	Asia
SRR17475011	0.213287645469532	-0.115236719416116	0.363535125979758	0.148135537746403	-0.192262101549191	0.0424259839254003	Apis mellifera	O. Eusocial	Female	abdomen	China	RNA	PRJNA793424	2020	September	Paired	RANDOM	Illumina NovaSeq 6000	Illumina	Illumina NovaSeq	Apis	Apidae	Apinae	Apini	abdomen	abdomen	Asia
SRR17475012	0.383991775503062	0.00708998103366955	0.418397010275205	0.200798667011072	-0.045670414178917	0.133358352933109	Apis mellifera	O. Eusocial	Female	abdomen	China	RNA	PRJNA793424	2020	September	Paired	RANDOM	Illumina NovaSeq 6000	Illumina	Illumina NovaSeq	Apis	Apidae	Apinae	Apini	abdomen	abdomen	Asia
SRR17475013	0.192229710556614	-0.142618146333459	0.350787323495559	0.119265929957767	-0.205190614334986	0.0101095556753749	Apis mellifera	O. Eusocial	Female	abdomen	China	RNA	PRJNA793424	2020	September	Paired	RANDOM	Illumina NovaSeq 6000	Illumina	Illumina NovaSeq	Apis	Apidae	Apinae	Apini	abdomen	abdomen	Asia
SRR17475014	0.262365121853415	0.213891612769008	-0.075628044621421	0.0170388961273621	-0.0710481698721385	0.00371652191482829	Apis mellifera	O. Eusocial	Female	abdomen	China	RNA	PRJNA793424	2020	September	Paired	RANDOM	Illumina NovaSeq 6000	Illumina	Illumina NovaSeq	Apis	Apidae	Apinae	Apini	abdomen	abdomen	Asia
SRR1790685	-0.0924798160037543	-0.15004891944122	-0.197335386707651	-0.265850300697064	-0.187459212786622	-0.101924036993194	Apis mellifera	O. Eusocial	Female	pool of abdomens and fat bodies	California	RNA	PRJNA274674	2015	NA	Paired	CDNA	Illumina HiSeq 2000	Illumina	Illumina HiSeq	Apis	Apidae	Apinae	Apini	abdomen and fatbody, pooled	abdomen and fat body	North America
SRR1790686	-0.00771918693551389	-0.092767155499437	0.0529765388855787	-0.115856289022505	0.371272738988001	-0.108460350753479	Apis mellifera	O. Eusocial	Female	pool of abdomens and fat bodies	California	RNA	PRJNA274674	2015	NA	Paired	CDNA	Illumina HiSeq 2000	Illumina	Illumina HiSeq	Apis	Apidae	Apinae	Apini	abdomen and fatbody, pooled	abdomen and fat body	North America
SRR1790687	0.032605579693665	-0.0563804809590171	-0.0548854890401476	-0.184697070461483	0.441556805863102	-0.0971394925537597	Apis mellifera	O. Eusocial	Female	pool of abdomens and fat bodies	California	RNA	PRJNA274674	2015	NA	Paired	CDNA	Illumina HiSeq 2000	Illumina	Illumina HiSeq	Apis	Apidae	Apinae	Apini	abdomen and fatbody, pooled	abdomen and fat body	North America
SRR18500042	-0.139135552705342	0.154544648280473	-0.036303241734133	-0.133704195220203	0.0432270842001108	0.0334114086256448	Apis mellifera	O. Eusocial	Female	pooled whole bodies	New Zealand	RNA	PRJNA820512	2021	NA	Paired	NA	Illumina NovaSeq 6000	Illumina	Illumina NovaSeq	Apis	Apidae	Apinae	Apini	whole body, pooled	whole body	Oceania
SRR18500043	-0.182928717165801	-0.0659009746471302	-0.0193678998461254	-0.214472769708406	-0.0369346613406018	-0.0638238971530992	Apis mellifera	O. Eusocial	Female	pooled whole bodies	New Zealand	RNA	PRJNA820512	2021	NA	Paired	NA	Illumina NovaSeq 6000	Illumina	Illumina NovaSeq	Apis	Apidae	Apinae	Apini	whole body, pooled	whole body	Oceania
SRR18500044	-0.270109482202574	-0.0239769474155516	-0.0815004619534424	-0.0747438847658647	-0.0496664388206172	0.00461395844302367	Apis mellifera	O. Eusocial	Female	pooled whole bodies	New Zealand	RNA	PRJNA820512	2021	NA	Paired	NA	Illumina NovaSeq 6000	Illumina	Illumina NovaSeq	Apis	Apidae	Apinae	Apini	whole body, pooled	whole body	Oceania
SRR18500045	-0.224848530132214	-0.0450176919223578	-0.0469387453626942	-0.187300043936527	-0.0607302476419135	-0.0511136226739933	Apis mellifera	O. Eusocial	Female	pooled whole bodies	New Zealand	RNA	PRJNA820512	2021	NA	Paired	NA	Illumina NovaSeq 6000	Illumina	Illumina NovaSeq	Apis	Apidae	Apinae	Apini	whole body, pooled	whole body	Oceania
SRR18500050	-0.240673692352953	-0.0621335054474939	-0.0054426028643937	-0.123852369177178	-0.0197423144768499	0.0116003408644551	Apis mellifera	O. Eusocial	Female	pooled whole bodies	New Zealand	RNA	PRJNA820512	2021	NA	Paired	NA	Illumina NovaSeq 6000	Illumina	Illumina NovaSeq	Apis	Apidae	Apinae	Apini	whole body, pooled	whole body	Oceania
SRR18500061	-0.275281800739379	0.0975227472182389	0.101418351751191	-0.193817712241572	-0.065214092402603	0.0260262876548062	Apis mellifera	O. Eusocial	Female	pooled whole bodies	New Zealand	RNA	PRJNA820512	2021	NA	Paired	NA	Illumina NovaSeq 6000	Illumina	Illumina NovaSeq	Apis	Apidae	Apinae	Apini	whole body, pooled	whole body	Oceania
SRR18500072	-0.219718966549855	-0.0555822533520716	0.0659226827635638	-0.164686238139736	-0.0477283970784773	0.0715124369169918	Apis mellifera	O. Eusocial	Female	pooled whole bodies	New Zealand	RNA	PRJNA820512	2021	NA	Paired	NA	Illumina NovaSeq 6000	Illumina	Illumina NovaSeq	Apis	Apidae	Apinae	Apini	whole body, pooled	whole body	Oceania
SRR18500076	-0.256058385038239	0.00518440385093903	0.0134697149899892	-0.193646511434532	-0.0769573812338686	-0.0246929285010985	Apis mellifera	O. Eusocial	Female	pooled whole bodies	New Zealand	RNA	PRJNA820512	2021	NA	Paired	NA	Illumina NovaSeq 6000	Illumina	Illumina NovaSeq	Apis	Apidae	Apinae	Apini	whole body, pooled	whole body	Oceania
SRR18500077	-0.295591240105181	0.0478052512893769	0.0290966360292285	-0.0183007602221587	-0.0235806600885668	0.0562247554823459	Apis mellifera	O. Eusocial	Female	pooled whole bodies	New Zealand	RNA	PRJNA820512	2021	NA	Paired	NA	Illumina NovaSeq 6000	Illumina	Illumina NovaSeq	Apis	Apidae	Apinae	Apini	whole body, pooled	whole body	Oceania
SRR18500078	-0.300220465685132	0.0505721448559419	0.0503769480503544	-0.0678215379781395	-0.00953782711157956	0.0358554011731567	Apis mellifera	O. Eusocial	Female	pooled whole bodies	New Zealand	RNA	PRJNA820512	2021	NA	Paired	NA	Illumina NovaSeq 6000	Illumina	Illumina NovaSeq	Apis	Apidae	Apinae	Apini	whole body, pooled	whole body	Oceania
SRR18500079	-0.292679295013008	-0.00587329104858583	0.0639244001477279	0.0045439263232455	-0.0145682377459136	-0.0246428709051638	Apis mellifera	O. Eusocial	Female	pooled whole bodies	New Zealand	RNA	PRJNA820512	2021	NA	Paired	NA	Illumina NovaSeq 6000	Illumina	Illumina NovaSeq	Apis	Apidae	Apinae	Apini	whole body, pooled	whole body	Oceania
SRR18500080	-0.253637726698774	-0.046738172800414	-0.0369273068578314	-0.100689017907987	-0.045976034834336	-0.0390869147650388	Apis mellifera	O. Eusocial	Female	pooled whole bodies	New Zealand	RNA	PRJNA820512	2021	NA	Paired	NA	Illumina NovaSeq 6000	Illumina	Illumina NovaSeq	Apis	Apidae	Apinae	Apini	whole body, pooled	whole body	Oceania
SRR18500081	-0.27520677183723	7.82361968798929e-05	-0.0166274885160667	-0.112312429096435	-0.0622656851231503	0.0256352834582227	Apis mellifera	O. Eusocial	Female	pooled whole bodies	New Zealand	RNA	PRJNA820512	2021	NA	Paired	NA	Illumina NovaSeq 6000	Illumina	Illumina NovaSeq	Apis	Apidae	Apinae	Apini	whole body, pooled	whole body	Oceania
SRR18500082	-0.284765744392537	0.00367420217885843	0.0119233471601581	-0.0722817222387433	-0.0585179821531204	-0.00213115383857883	Apis mellifera	O. Eusocial	Female	pooled whole bodies	New Zealand	RNA	PRJNA820512	2021	NA	Paired	NA	Illumina NovaSeq 6000	Illumina	Illumina NovaSeq	Apis	Apidae	Apinae	Apini	whole body, pooled	whole body	Oceania
SRR18500083	-0.280781879502128	0.064621287533309	0.0532912414243458	-0.173123736660183	-0.0307301426412171	0.00487083767336218	Apis mellifera	O. Eusocial	Female	pooled whole bodies	New Zealand	RNA	PRJNA820512	2021	NA	Paired	NA	Illumina NovaSeq 6000	Illumina	Illumina NovaSeq	Apis	Apidae	Apinae	Apini	whole body, pooled	whole body	Oceania
SRR18500084	-0.259677886517173	-0.0310254499858697	-0.0118862739638847	-0.107080246924343	-0.05163361414833	-0.014524114597319	Apis mellifera	O. Eusocial	Female	pooled whole bodies	New Zealand	RNA	PRJNA820512	2021	NA	Paired	NA	Illumina NovaSeq 6000	Illumina	Illumina NovaSeq	Apis	Apidae	Apinae	Apini	whole body, pooled	whole body	Oceania
SRR18500085	-0.262558700243407	-0.0297883479639672	0.0300459354825224	-0.111604031599231	0.00838213643959985	0.000483402279100641	Apis mellifera	O. Eusocial	Female	pooled whole bodies	New Zealand	RNA	PRJNA820512	2021	NA	Paired	NA	Illumina NovaSeq 6000	Illumina	Illumina NovaSeq	Apis	Apidae	Apinae	Apini	whole body, pooled	whole body	Oceania
SRR18500086	-0.274228778978349	-0.00147787263390937	0.00896467938931104	-0.0623027733406082	-0.0458630281861444	0.0702577521045123	Apis mellifera	O. Eusocial	Female	pooled whole bodies	New Zealand	RNA	PRJNA820512	2021	NA	Paired	NA	Illumina NovaSeq 6000	Illumina	Illumina NovaSeq	Apis	Apidae	Apinae	Apini	whole body, pooled	whole body	Oceania
SRR18500087	-0.263097288890979	0.0565744270924091	0.0626954699623541	-0.218275107758017	-0.0659938532704052	0.00400162160607785	Apis mellifera	O. Eusocial	Female	pooled whole bodies	New Zealand	RNA	PRJNA820512	2021	NA	Paired	NA	Illumina NovaSeq 6000	Illumina	Illumina NovaSeq	Apis	Apidae	Apinae	Apini	whole body, pooled	whole body	Oceania
SRR18500088	-0.236557129491162	-0.0807263894781801	-0.00550024704862831	-0.121687227550187	-0.00185987880517091	0.0830404768442962	Apis mellifera	O. Eusocial	Female	pooled whole bodies	New Zealand	RNA	PRJNA820512	2021	NA	Paired	NA	Illumina NovaSeq 6000	Illumina	Illumina NovaSeq	Apis	Apidae	Apinae	Apini	whole body, pooled	whole body	Oceania
SRR18500089	-0.0924792538313989	-0.150048989796328	-0.197332791712994	-0.265849357178891	-0.187462739410694	-0.101923967521911	Apis mellifera	O. Eusocial	Female	pooled whole bodies	New Zealand	RNA	PRJNA820512	2021	NA	Paired	NA	Illumina NovaSeq 6000	Illumina	Illumina NovaSeq	Apis	Apidae	Apinae	Apini	whole body, pooled	whole body	Oceania
SRR18500090	-0.249066893319989	-0.0236136390667819	-0.0285243231972881	-0.136862421091663	-0.053062042871631	-0.0344440028118208	Apis mellifera	O. Eusocial	Female	pooled whole bodies	New Zealand	RNA	PRJNA820512	2021	NA	Paired	NA	Illumina NovaSeq 6000	Illumina	Illumina NovaSeq	Apis	Apidae	Apinae	Apini	whole body, pooled	whole body	Oceania
SRR18500091	-0.257208541065338	0.0185342604614649	0.0751071444048959	-0.128464505749749	0.0819894803052879	0.0472113029548555	Apis mellifera	O. Eusocial	Female	pooled whole bodies	New Zealand	RNA	PRJNA820512	2021	NA	Paired	NA	Illumina NovaSeq 6000	Illumina	Illumina NovaSeq	Apis	Apidae	Apinae	Apini	whole body, pooled	whole body	Oceania
SRR2895245	0.246635635860014	0.245577916638596	-0.129199517555399	0.00519422818721164	-0.0447492326249932	-0.00283333794642054	Osmia bicornis	Solitary	Female	whole body	Germany	RNA	PRJNA285788	2016	May	Paired	POLYA	Illumina HiSeq 2000	Illumina	Illumina HiSeq	Osmia	Megachilidae	Megachilinae	Osmiini	whole body	whole body	Europe
SRR2895246	0.255609338878365	0.194392388117559	-0.0589258058948826	-0.0329985502906792	0.0199131274157834	0.0795271423137381	Osmia bicornis	Solitary	Female	whole body	Germany	RNA	PRJNA285788	2016	May	Paired	POLYA	Illumina HiSeq 2000	Illumina	Illumina HiSeq	Osmia	Megachilidae	Megachilinae	Osmiini	whole body	whole body	Europe
SRR2895247	0.250260090170667	0.207850755450364	-0.100378454032411	-0.00380796766072855	0.0161506404037023	0.0622371227039878	Osmia bicornis	Solitary	Female	whole body	Germany	RNA	PRJNA285788	2016	May	Paired	POLYA	Illumina HiSeq 2000	Illumina	Illumina HiSeq	Osmia	Megachilidae	Megachilinae	Osmiini	whole body	whole body	Europe
SRR2895248	0.272201797110634	0.153663629255073	-0.110832797674279	0.0246287283372898	0.0296181742490465	0.0767745979452136	Osmia bicornis	Solitary	Female	whole body	Germany	RNA	PRJNA285788	2016	May	Paired	POLYA	Illumina HiSeq 2000	Illumina	Illumina HiSeq	Osmia	Megachilidae	Megachilinae	Osmiini	whole body	whole body	Europe
SRR2895249	0.24072583788482	0.256042830092457	-0.0936001490374927	0.0150532245153056	-0.0272681238797174	-0.0195411592079754	Osmia bicornis	Solitary	Male	whole body	Germany	RNA	PRJNA285788	2016	May	Paired	POLYA	Illumina HiSeq 2000	Illumina	Illumina HiSeq	Osmia	Megachilidae	Megachilinae	Osmiini	whole body	whole body	Europe
SRR2895250	0.242381029271206	0.252158601857412	-0.111154559317109	0.0149487994068669	-0.0323701754816473	-0.0117369241569217	Osmia bicornis	Solitary	Male	whole body	Germany	RNA	PRJNA285788	2016	May	Paired	POLYA	Illumina HiSeq 2000	Illumina	Illumina HiSeq	Osmia	Megachilidae	Megachilinae	Osmiini	whole body	whole body	Europe
SRR2895251	0.242598847374193	0.249640539635831	-0.0936345837749318	-0.00730271071487999	0.00726558198150176	0.0222955213829247	Osmia bicornis	Solitary	Male	whole body	Germany	RNA	PRJNA285788	2016	May	Paired	POLYA	Illumina HiSeq 2000	Illumina	Illumina HiSeq	Osmia	Megachilidae	Megachilinae	Osmiini	whole body	whole body	Europe
SRR2915407	0.116108227417889	0.141188106791657	0.346609547594863	-0.290643242417197	0.0362371518343841	0.181731941869184	Ceratina australensis	Social	Unknown	whole body	Australia	RNA	PRJNA302035	2014	December	Paired	CDNA	Illumina HiSeq 2500	Illumina	Illumina HiSeq	Ceratina	Apidae	Xylocopinae	Ceratinini	whole body	whole body	Oceania
SRR2954866	0.0809969945845487	0.209479981709884	0.362617786169916	-0.230417366097924	0.0429900216782167	0.21178178766469	Ceratina australensis	Social	Unknown	whole body	Australia	RNA	PRJNA302035	2014	December	Paired	CDNA	Illumina HiSeq 2500	Illumina	Illumina HiSeq	Ceratina	Apidae	Xylocopinae	Ceratinini	whole body	whole body	Oceania
SRR3383869	-0.2794927104253	0.0189703281429815	-0.0757794763948048	0.164752709691742	0.074751794060514	0.0458288991148821	Bombus pascuorum	O. Eusocial	Female	head and abdomen (pooled 5 queens)	Belgium	RNA	PRJNA318490	2015	NA	Single	CDNA	Ion Torrent PGM	Ion Torrent	Ion Torrent	Bombus	Apidae	Apinae	Bombini	abdomen and head, pooled	abdomen and head	Europe
SRR3383871	0.0204776955503003	0.305097699101371	0.318468731864899	0.207784583176963	0.176977111974736	-0.194337655543049	Andrena vaga	Solitary	Female	head and abdomen (pooled 5 females)	Belgium	RNA	PRJNA318490	2015	NA	Single	CDNA	Ion Torrent PGM	Ion Torrent	Ion Torrent	Andrena	Andrenidae	Andreninae	Andrenini	abdomen and head, pooled	abdomen and head	Europe
SRR3948528	0.16628801095383	-0.341658918357241	-0.186092974495351	0.177769015093831	0.0314947814731351	0.0541051102747025	Megalopta genalis	Social	Female	whole body	Panama	RNA	PRJNA331103	2014	July	Paired	POLYA	Illumina HiSeq 2500	Illumina	Illumina HiSeq	Megalopta	Halictidae	Halictinae	Augochlorini	whole body	whole body	North America
SRR3948531	0.182963761964753	-0.340977920967471	-0.181852834017264	0.180376795402023	0.0110860388535675	-0.0351302126088917	Megalopta genalis	Social	Female	whole body	Panama	RNA	PRJNA331103	2014	July	Paired	POLYA	Illumina HiSeq 2500	Illumina	Illumina HiSeq	Megalopta	Halictidae	Halictinae	Augochlorini	whole body	whole body	North America
SRR3948533	0.128166913170393	-0.339110171313373	-0.198854158670794	0.137186986488058	0.121394683060943	-0.00149756252917938	Megalopta genalis	Social	Female	whole body	Panama	RNA	PRJNA331103	2014	July	Paired	POLYA	Illumina HiSeq 2500	Illumina	Illumina HiSeq	Megalopta	Halictidae	Halictinae	Augochlorini	whole body	whole body	North America
SRR3948536	0.0713193104232764	-0.0302488183240233	0.0476832533381514	0.408283809242867	0.200718462620828	0.107731749297957	Megalopta genalis	Social	Female	whole body	Panama	RNA	PRJNA331103	2013	July	Paired	POLYA	Illumina HiSeq 2500	Illumina	Illumina HiSeq	Megalopta	Halictidae	Halictinae	Augochlorini	whole body	whole body	North America
SRR3948537	0.104445949301385	-0.29449180461699	-0.184821665291131	0.271140471103516	0.0513368983994254	-0.0476770927106066	Megalopta genalis	Social	Female	whole body	Panama	RNA	PRJNA331103	2014	July	Paired	POLYA	Illumina HiSeq 2500	Illumina	Illumina HiSeq	Megalopta	Halictidae	Halictinae	Augochlorini	whole body	whole body	North America
SRR3948540	0.136312471375087	-0.335022233326209	-0.198739287475123	0.200413097483747	4.61515495415473e-05	0.0364334135688686	Megalopta genalis	Social	Female	whole body	Panama	RNA	PRJNA331103	2014	May	Paired	POLYA	Illumina HiSeq 2500	Illumina	Illumina HiSeq	Megalopta	Halictidae	Halictinae	Augochlorini	whole body	whole body	North America
SRR3948542	0.109427716193663	-0.319226623275038	-0.188301468746568	0.234961473653907	0.0545330486872781	-0.0543955803340984	Megalopta genalis	Social	Female	whole body	Panama	RNA	PRJNA331103	2014	May	Paired	POLYA	Illumina HiSeq 2500	Illumina	Illumina HiSeq	Megalopta	Halictidae	Halictinae	Augochlorini	whole body	whole body	North America
SRR3948544	0.137044504350764	-0.297253085026443	-0.118916892532478	0.232821111475476	0.119477405896986	-0.0659874259671247	Megalopta genalis	Social	Female	whole body	Panama	RNA	PRJNA331103	2014	April	Paired	POLYA	Illumina HiSeq 2500	Illumina	Illumina HiSeq	Megalopta	Halictidae	Halictinae	Augochlorini	whole body	whole body	North America
SRR3948550	0.139267100428861	-0.342260091994865	-0.205151076823257	0.186335126631216	-0.0165711993707732	0.0243240604759877	Megalopta genalis	Social	Female	whole body	Panama	RNA	PRJNA331103	2014	April	Paired	POLYA	Illumina HiSeq 2500	Illumina	Illumina HiSeq	Megalopta	Halictidae	Halictinae	Augochlorini	whole body	whole body	North America
SRR3948554	0.164591356053723	-0.347816206424757	-0.195604059624402	0.17720737772644	0.00410736541774632	0.0451711494979765	Megalopta genalis	Social	Female	whole body	Panama	RNA	PRJNA331103	2014	May	Paired	POLYA	Illumina HiSeq 2500	Illumina	Illumina HiSeq	Megalopta	Halictidae	Halictinae	Augochlorini	whole body	whole body	North America
SRR3948556	0.155118297909118	-0.306182009905493	-0.0967324020066248	0.191839827383572	0.131949539357569	0.122559562711003	Megalopta genalis	Social	Female	whole body	Panama	RNA	PRJNA331103	2014	April	Paired	POLYA	Illumina HiSeq 2500	Illumina	Illumina HiSeq	Megalopta	Halictidae	Halictinae	Augochlorini	whole body	whole body	North America
SRR3948560	0.117714898434413	-0.368130265556668	-0.205254463008428	0.180662175714106	-0.0109239699977475	-0.0131691703793863	Megalopta genalis	Social	Female	whole body	Panama	RNA	PRJNA331103	2014	May	Paired	POLYA	Illumina HiSeq 2500	Illumina	Illumina HiSeq	Megalopta	Halictidae	Halictinae	Augochlorini	whole body	whole body	North America
SRR3948563	0.140306613094711	-0.341959894351173	-0.199190081467882	0.183325239837824	0.00449545927986512	0.0342184387776889	Megalopta genalis	Social	Female	whole body	Panama	RNA	PRJNA331103	2014	March	Paired	POLYA	Illumina HiSeq 2500	Illumina	Illumina HiSeq	Megalopta	Halictidae	Halictinae	Augochlorini	whole body	whole body	North America
SRR3948564	0.130832623267523	-0.372787596491452	-0.20405222425202	0.158749456804729	-0.0160511105745754	0.0254885397370908	Megalopta genalis	Social	Female	whole body	Panama	RNA	PRJNA331103	2014	May	Paired	POLYA	Illumina HiSeq 2500	Illumina	Illumina HiSeq	Megalopta	Halictidae	Halictinae	Augochlorini	whole body	whole body	North America
SRR3948566	0.145818881673145	-0.367304870487248	-0.208339329593108	0.169484721747522	-0.0294944969249747	0.0155798852797749	Megalopta genalis	Social	Female	whole body	Panama	RNA	PRJNA331103	2014	July	Paired	POLYA	Illumina HiSeq 2500	Illumina	Illumina HiSeq	Megalopta	Halictidae	Halictinae	Augochlorini	whole body	whole body	North America
SRR3948568	0.131270012585017	-0.328805878554275	-0.165385124858986	0.201504570538851	0.0671498741789252	0.0239184482453928	Megalopta genalis	Social	Female	whole body	Panama	RNA	PRJNA331103	2014	May	Paired	POLYA	Illumina HiSeq 2500	Illumina	Illumina HiSeq	Megalopta	Halictidae	Halictinae	Augochlorini	whole body	whole body	North America
SRR3948570	0.117825284025009	-0.331541949091108	-0.21174708776947	0.222742234627881	0.011176829916828	-0.0212082154986121	Megalopta genalis	Social	Female	whole body	Panama	RNA	PRJNA331103	2014	May	Paired	POLYA	Illumina HiSeq 2500	Illumina	Illumina HiSeq	Megalopta	Halictidae	Halictinae	Augochlorini	whole body	whole body	North America
SRR3948572	0.140626082868661	-0.333893739604117	-0.155956941348391	0.18331244373581	0.0865818192716101	-0.0152763992336572	Megalopta genalis	Social	Female	whole body	Panama	RNA	PRJNA331103	2014	May	Paired	POLYA	Illumina HiSeq 2500	Illumina	Illumina HiSeq	Megalopta	Halictidae	Halictinae	Augochlorini	whole body	whole body	North America
SRR3948575	0.128725456583652	-0.345767804896206	-0.180014594972088	0.179018618457397	0.0361572028347289	-0.0328334986435295	Megalopta genalis	Social	Female	whole body	Panama	RNA	PRJNA331103	2014	June	Paired	POLYA	Illumina HiSeq 2500	Illumina	Illumina HiSeq	Megalopta	Halictidae	Halictinae	Augochlorini	whole body	whole body	North America
SRR3948577	0.159917873512919	-0.32556867928651	-0.140186566618378	0.18284981726614	0.0835524189328824	0.0800798201388955	Megalopta genalis	Social	Female	whole body	Panama	RNA	PRJNA331103	2014	July	Paired	POLYA	Illumina HiSeq 2500	Illumina	Illumina HiSeq	Megalopta	Halictidae	Halictinae	Augochlorini	whole body	whole body	North America
SRR5109820	-0.190470564312095	0.125008244161471	0.0505567946839151	0.105374618980585	0.0643230552960376	-0.00221718891324861	Apis mellifera	O. Eusocial	Female	whole body	South Africa	RNA	PRJNA357165	2013	March	Paired	RANDOM	Illumina HiSeq 2000	Illumina	Illumina HiSeq	Apis	Apidae	Apinae	Apini	whole body	whole body	Africa
SRR5109826	-0.284491028838348	0.0342484173591588	0.0430367094281688	0.0999396090947444	0.00147159092058502	0.0127733584021862	Apis mellifera	O. Eusocial	Female	whole body	South Africa	RNA	PRJNA357165	2013	March	Paired	RANDOM	Illumina HiSeq 2000	Illumina	Illumina HiSeq	Apis	Apidae	Apinae	Apini	whole body	whole body	Africa
SRR5109829	-0.280321118294585	0.0222430330902446	-0.00910093020153213	0.0582490071252631	-0.0565813830962757	0.118325111749328	Apis mellifera	O. Eusocial	Female	whole body	Netherlands	RNA	PRJNA357165	2014	July	Paired	RANDOM	Illumina HiSeq 2000	Illumina	Illumina HiSeq	Apis	Apidae	Apinae	Apini	whole body	whole body	Europe
SRR5109831	-0.136247253636642	0.139770176663912	-0.0800179235591595	0.0671233780079496	-0.027851062989361	0.0322346099577785	Apis mellifera	O. Eusocial	Female	whole body	South Africa	RNA	PRJNA357165	2013	March	Paired	RANDOM	Illumina HiSeq 2000	Illumina	Illumina HiSeq	Apis	Apidae	Apinae	Apini	whole body	whole body	Africa
SRR5109832	-0.279564268937211	0.000867380343056323	0.0241788278587697	0.0771368132652816	0.0466219955167227	0.0165485772396698	Apis mellifera	O. Eusocial	Female	whole body	South Africa	RNA	PRJNA357165	2013	March	Paired	RANDOM	Illumina HiSeq 2000	Illumina	Illumina HiSeq	Apis	Apidae	Apinae	Apini	whole body	whole body	Africa
SRR5109833	-0.198022359950648	0.116098211508828	-0.0483269944840842	0.0750957795861203	-0.0318126212192202	-0.00568413836921366	Apis mellifera	O. Eusocial	Female	whole body	South Africa	RNA	PRJNA357165	2013	March	Paired	RANDOM	Illumina HiSeq 2000	Illumina	Illumina HiSeq	Apis	Apidae	Apinae	Apini	whole body	whole body	Africa
SRR5117442	0.23572812291734	0.238849991551821	-0.108110870045095	0.0077157996536813	-0.0553232241042857	0.000437880432973324	Apis mellifera	O. Eusocial	Female	whole body	Australia	RNA	PRJNA357523	2013	January	Paired	NA	Illumina HiSeq 2500	Illumina	Illumina HiSeq	Apis	Apidae	Apinae	Apini	whole body	whole body	Oceania
SRR5117444	0.0982647386016074	0.206688723222987	0.365442162796959	-0.243364962024058	0.0453490649237661	0.238244484110735	Apis mellifera	O. Eusocial	Female	whole body	Australia	RNA	PRJNA357523	2013	October	Paired	NA	Illumina HiSeq 2500	Illumina	Illumina HiSeq	Apis	Apidae	Apinae	Apini	whole body	whole body	Oceania
SRR5117446	0.248482630677806	0.223774337032384	-0.115137581492286	0.0189298145488384	-0.053414823096434	0.00243327350492626	Apis mellifera	O. Eusocial	Female	whole body	Australia	RNA	PRJNA357523	2014	June	Paired	NA	Illumina HiSeq 2500	Illumina	Illumina HiSeq	Apis	Apidae	Apinae	Apini	whole body	whole body	Oceania
SRR5117447	-0.297648124859382	0.0854518032315682	0.0188511671695263	0.100911204651648	-0.0620998638300407	0.158659838061798	Apis mellifera	O. Eusocial	Female	whole body	Australia	RNA	PRJNA357523	2014	August	Paired	NA	Illumina HiSeq 2500	Illumina	Illumina HiSeq	Apis	Apidae	Apinae	Apini	whole body	whole body	Oceania
SRR5117448	0.246635635860018	0.245577916638584	-0.129199517555409	0.00519422818721752	-0.0447492326249879	-0.00283333794644077	Apis mellifera	O. Eusocial	Female	whole body	Australia	RNA	PRJNA357523	2014	November	Paired	NA	Illumina HiSeq 2500	Illumina	Illumina HiSeq	Apis	Apidae	Apinae	Apini	whole body	whole body	Oceania
SRR5117450	-0.261110437380744	0.0160731362807939	-0.00752458743616138	0.137075946252518	-0.0290238408548512	0.16938272913685	Apis mellifera	O. Eusocial	Female	whole body	Australia	RNA	PRJNA357523	2014	August	Paired	NA	Illumina HiSeq 2500	Illumina	Illumina HiSeq	Apis	Apidae	Apinae	Apini	whole body	whole body	Oceania
SRR5387735	-0.0730239712519475	0.0706872607654371	-0.120587867664112	-0.14223938875735	-0.0920675950048834	-0.0323792022833484	Apis mellifera	O. Eusocial	Unknown	whole body	China	RNA	PRJNA380316	2015	NA	Paired	POLYA	Illumina NextSeq 500	Illumina	Illumina NextSeq	Apis	Apidae	Apinae	Apini	whole body	whole body	Asia
SRR5387737	-0.0555192628309529	0.0713629388802761	-0.121277449672403	-0.153541032520414	-0.0884653610963982	-0.0399840776429698	Apis mellifera	O. Eusocial	Unknown	whole body	China	RNA	PRJNA380316	2015	NA	Paired	POLYA	Illumina NextSeq 500	Illumina	Illumina NextSeq	Apis	Apidae	Apinae	Apini	whole body	whole body	Asia
SRR5387738	-0.0158844420027857	0.105718102684375	-0.122087031223457	-0.127489434892097	-0.0815952139395818	-0.0360488470559647	Apis mellifera	O. Eusocial	Unknown	whole body	China	RNA	PRJNA380316	2015	NA	Paired	POLYA	Illumina NextSeq 500	Illumina	Illumina NextSeq	Apis	Apidae	Apinae	Apini	whole body	whole body	Asia
SRR6148364	0.244345603194546	0.248580973707875	-0.120868012000158	0.00331484838746954	-0.0425822369293691	-0.00253971989658149	Osmia cornuta	Solitary	Female	pool of heads and abdomen	Belgium	RNA	PRJNA411946	2015	April	Paired	RANDOM	Illumina HiSeq 2500	Illumina	Illumina HiSeq	Osmia	Megachilidae	Megachilinae	Osmiini	abdomen and head, pooled	abdomen and head	Europe
SRR6148365	0.242726542916352	0.253758448094336	-0.0967834776709593	0.0114226906344605	-0.0354191687550653	-0.0108368807179404	Andrena cineraria	Solitary	Female	pool of heads and abdomen	Belgium	RNA	PRJNA411946	2015	May	Paired	RANDOM	Illumina HiSeq 2500	Illumina	Illumina HiSeq	Andrena	Andrenidae	Andreninae	Andrenini	abdomen and head, pooled	abdomen and head	Europe
SRR6148366	0.23079923250723	0.211377027287278	-0.116552759868853	0.00729975046794744	-0.041112805105942	-0.0125406854719082	Bombus pascuorum	O. Eusocial	Female	pool of heads and abdomen	Belgium	RNA	PRJNA411946	2015	May	Paired	RANDOM	Illumina HiSeq 2500	Illumina	Illumina HiSeq	Bombus	Apidae	Apinae	Bombini	abdomen and head, pooled	abdomen and head	Europe
SRR6148367	0.242018007637959	0.250674055774565	-0.103239521770654	-0.00167870938562304	-0.0411400709098216	-0.00487369803694104	Andrena haemorrhoa	Solitary	Female	pool of heads and abdomen	Belgium	RNA	PRJNA411946	2015	May	Paired	RANDOM	Illumina HiSeq 2500	Illumina	Illumina HiSeq	Andrena	Andrenidae	Andreninae	Andrenini	abdomen and head, pooled	abdomen and head	Europe
SRR6148368	0.246329959603761	0.229605953257839	-0.110137250537801	0.00849180977944613	-0.0499579849587382	-0.00612342538090315	Bombus terrestris	O. Eusocial	Female	pool of heads and abdomen	Belgium	RNA	PRJNA411946	2015	April	Paired	RANDOM	Illumina HiSeq 2500	Illumina	Illumina HiSeq	Bombus	Apidae	Apinae	Bombini	abdomen and head, pooled	abdomen and head	Europe
SRR6148369	0.152800478513628	0.214246831521466	-0.111296675167829	0.00403048115966292	-0.0376632526969229	0.0141048150899444	Bombus pascuorum	O. Eusocial	Female	pool of heads and abdomen	Belgium	RNA	PRJNA411946	2015	April	Paired	RANDOM	Illumina HiSeq 2500	Illumina	Illumina HiSeq	Bombus	Apidae	Apinae	Bombini	abdomen and head, pooled	abdomen and head	Europe
SRR6148370	0.239462145284264	0.222478107572442	-0.118541993728156	0.0168971097335841	-0.0496701266882126	0.000619809597281258	Bombus terrestris	O. Eusocial	Female	pool of heads and abdomen	Belgium	RNA	PRJNA411946	2015	April	Paired	RANDOM	Illumina HiSeq 2500	Illumina	Illumina HiSeq	Bombus	Apidae	Apinae	Bombini	abdomen and head, pooled	abdomen and head	Europe
SRR6148371	0.251502323126253	0.223634105445632	-0.113233582796868	0.0156773143526666	-0.0479529134109846	-0.0111627605895279	Osmia cornuta	Solitary	Female	pool of heads and abdomen	Belgium	RNA	PRJNA411946	2015	April	Paired	RANDOM	Illumina HiSeq 2500	Illumina	Illumina HiSeq	Osmia	Megachilidae	Megachilinae	Osmiini	abdomen and head, pooled	abdomen and head	Europe
SRR6148372	0.233791609639545	0.222066440932215	-0.118210893636428	0.019740094161148	-0.0422462633599498	-0.0025100187600001	Bombus pascuorum	O. Eusocial	Female	pool of heads and abdomen	Belgium	RNA	PRJNA411946	2015	April	Paired	RANDOM	Illumina HiSeq 2500	Illumina	Illumina HiSeq	Bombus	Apidae	Apinae	Bombini	abdomen and head, pooled	abdomen and head	Europe
SRR6148373	0.246511354651146	0.242812592466223	-0.0978374262464296	0.0196754158631274	-0.0319238398144543	-0.0160579133830541	Andrena fulva	Solitary	Female	pool of heads and abdomen	Belgium	RNA	PRJNA411946	2015	April	Paired	RANDOM	Illumina HiSeq 2500	Illumina	Illumina HiSeq	Andrena	Andrenidae	Andreninae	Andrenini	abdomen and head, pooled	abdomen and head	Europe
SRR6148374	0.245053607123817	0.23375012979158	-0.10917541966892	0.0099008651280414	-0.05652638059531	0.0034808381370213	Bombus terrestris	O. Eusocial	Female	pool of heads and abdomen	Belgium	RNA	PRJNA411946	2015	April	Paired	RANDOM	Illumina HiSeq 2500	Illumina	Illumina HiSeq	Bombus	Apidae	Apinae	Bombini	abdomen and head, pooled	abdomen and head	Europe
SRR6148375	0.253864184303931	0.222590292146213	-0.116012443598361	0.0217680237072748	-0.0441095423024497	-0.00752734937864158	Osmia cornuta	Solitary	Female	pool of heads and abdomen	Belgium	RNA	PRJNA411946	2015	April	Paired	RANDOM	Illumina HiSeq 2500	Illumina	Illumina HiSeq	Osmia	Megachilidae	Megachilinae	Osmiini	abdomen and head, pooled	abdomen and head	Europe
SRR6148376	0.230874627152599	0.21384147290603	-0.115550724458894	0.00670314531836428	-0.0419516793560362	-0.00677978795597478	Bombus pascuorum	O. Eusocial	Female	pool of heads and abdomen	Belgium	RNA	PRJNA411946	2015	April	Paired	RANDOM	Illumina HiSeq 2500	Illumina	Illumina HiSeq	Bombus	Apidae	Apinae	Bombini	abdomen and head, pooled	abdomen and head	Europe
SRR6148377	0.240934782038272	0.254546166799559	-0.106516054492164	0.00711810417250692	-0.0333612695803624	-0.00847604905117179	Andrena haemorrhoa	Solitary	Female	pool of heads and abdomen	Belgium	RNA	PRJNA411946	2015	May	Paired	RANDOM	Illumina HiSeq 2500	Illumina	Illumina HiSeq	Andrena	Andrenidae	Andreninae	Andrenini	abdomen and head, pooled	abdomen and head	Europe
SRR6148378	0.244352260304972	0.231668810034095	-0.103071834719278	0.0165542084494167	-0.055110067395011	0.00142078806248183	Bombus pascuorum	O. Eusocial	Female	pool of heads and abdomen	Belgium	RNA	PRJNA411946	2015	April	Paired	RANDOM	Illumina HiSeq 2500	Illumina	Illumina HiSeq	Bombus	Apidae	Apinae	Bombini	abdomen and head, pooled	abdomen and head	Europe
SRR6148379	0.252242830358331	0.224269320059481	-0.124139643412946	0.0174969877435304	-0.0491091794353593	-0.000590434782926388	Osmia bicornis	Solitary	Female	pool of heads and abdomen	Belgium	RNA	PRJNA411946	2015	May	Paired	RANDOM	Illumina HiSeq 2500	Illumina	Illumina HiSeq	Osmia	Megachilidae	Megachilinae	Osmiini	abdomen and head, pooled	abdomen and head	Europe
SRR8335251	0.0136246183569232	0.275037390499337	0.339816612309028	0.182758633225553	0.16635253127937	-0.168044541789703	Andrena camellia	Solitary	Female	whole body	China	RNA	PRJNA510543	2017	NA	Paired	RANDOM	Illumina HiSeq 2000	Illumina	Illumina HiSeq	Andrena	Andrenidae	Andreninae	Andrenini	whole body	whole body	Asia
SRR8335252	0.0204776821029648	0.305097728312839	0.31846870576391	0.207784561274538	0.176977162872788	-0.194337658878696	Andrena camellia	Solitary	Female	whole body	China	RNA	PRJNA510543	2017	NA	Paired	RANDOM	Illumina HiSeq 2000	Illumina	Illumina HiSeq	Andrena	Andrenidae	Andreninae	Andrenini	whole body	whole body	Asia
SRR8335253	0.0119836113892916	0.282884014696753	0.330482963759418	0.182881134400116	0.178573562646926	-0.170082246311384	Andrena camellia	Solitary	Female	whole body	China	RNA	PRJNA510543	2017	NA	Paired	RANDOM	Illumina HiSeq 2000	Illumina	Illumina HiSeq	Andrena	Andrenidae	Andreninae	Andrenini	whole body	whole body	Asia
SRR8335254	0.0112935812166552	0.279825860965321	0.340022472489618	0.175008077225057	0.16702610603587	-0.16970622012501	Andrena camellia	Solitary	Female	whole body	China	RNA	PRJNA510543	2017	NA	Paired	RANDOM	Illumina HiSeq 2000	Illumina	Illumina HiSeq	Andrena	Andrenidae	Andreninae	Andrenini	whole body	whole body	Asia
SRR8754036	-0.303102325216554	0.0362873259298499	0.00452321582426762	-0.011151188115332	-0.0556235139204143	0.0450742514048528	Apis mellifera	O. Eusocial	Female	whole body	North Dakota	RNA	PRJNA495845	2012	October	Paired	RANDOM	Illumina NextSeq 500	Illumina	Illumina NextSeq	Apis	Apidae	Apinae	Apini	whole body	whole body	North America
SRR8754037	-0.289919275303765	0.0310032529448411	-0.0118344799241245	-0.0684363026121116	-0.0230956462651881	-0.0546792670686251	Apis mellifera	O. Eusocial	Female	whole body	North Dakota	RNA	PRJNA495845	2012	October	Paired	RANDOM	Illumina NextSeq 500	Illumina	Illumina NextSeq	Apis	Apidae	Apinae	Apini	whole body	whole body	North America
SRR8754038	-0.291947555227528	0.0199621043125076	-0.0216670026609218	-0.0221701925840216	-0.072586696037588	0.0232893258775886	Apis mellifera	O. Eusocial	Female	whole body	North Dakota	RNA	PRJNA495845	2012	October	Paired	RANDOM	Illumina NextSeq 500	Illumina	Illumina NextSeq	Apis	Apidae	Apinae	Apini	whole body	whole body	North America
SRR8754039	-0.246457446282545	-0.0873868708183311	-0.0686754155961299	0.0508288285913329	-0.0939025031633522	0.185511395492219	Apis mellifera	O. Eusocial	Female	whole body	North Dakota	RNA	PRJNA495845	2012	October	Paired	RANDOM	Illumina NextSeq 500	Illumina	Illumina NextSeq	Apis	Apidae	Apinae	Apini	whole body	whole body	North America
SRR8754040	-0.276011271218041	-0.0123508365657616	-0.0501319628914413	-0.0251790892353763	-0.10060012301524	0.073723073367702	Apis mellifera	O. Eusocial	Female	whole body	North Dakota	RNA	PRJNA495845	2012	October	Paired	RANDOM	Illumina NextSeq 500	Illumina	Illumina NextSeq	Apis	Apidae	Apinae	Apini	whole body	whole body	North America
SRR8754041	-0.294626756545901	0.00385460494105408	-0.0854101809855927	0.00339797559165219	0.00567085480194614	0.0194536922055901	Apis mellifera	O. Eusocial	Female	whole body	North Dakota	RNA	PRJNA495845	2012	October	Paired	RANDOM	Illumina NextSeq 500	Illumina	Illumina NextSeq	Apis	Apidae	Apinae	Apini	whole body	whole body	North America
SRR8754042	-0.281706249335213	0.0153689427476433	-0.0398935139178106	-0.075986146541381	-0.0873637954757154	0.0399749136727596	Apis mellifera	O. Eusocial	Female	whole body	North Dakota	RNA	PRJNA495845	2012	October	Paired	RANDOM	Illumina NextSeq 500	Illumina	Illumina NextSeq	Apis	Apidae	Apinae	Apini	whole body	whole body	North America
SRR8754043	-0.306766294362722	0.0830962677110162	0.0460744330172248	-0.040740379517038	-0.0529625444217442	0.0961497293724396	Apis mellifera	O. Eusocial	Female	whole body	North Dakota	RNA	PRJNA495845	2012	October	Paired	RANDOM	Illumina NextSeq 500	Illumina	Illumina NextSeq	Apis	Apidae	Apinae	Apini	whole body	whole body	North America
SRR8754044	-0.282883645168458	0.057903795645312	-0.000165370599272986	0.107363979049898	-0.0869924280743986	0.165742735114589	Apis mellifera	O. Eusocial	Female	whole body	North Dakota	RNA	PRJNA495845	2012	October	Paired	RANDOM	Illumina NextSeq 500	Illumina	Illumina NextSeq	Apis	Apidae	Apinae	Apini	whole body	whole body	North America
SRR8867392	-0.298569572505522	0.0643158959544392	0.0089187312676412	0.138033042200432	-0.110082420579884	-0.0185357518271613	Apis mellifera	O. Eusocial	Female	pooled whole bodies	Hawaii	RNA	PRJNA531527 	2012	November	Paired	CDNA	Illumina HiSeq 2500	Illumina	Illumina HiSeq	Apis	Apidae	Apinae	Apini	whole body, pooled	whole body	North America
SRR8867393	-0.297448858316608	0.037823877083149	-0.0104306643578449	0.0692643751453385	-0.04276079447372	0.0673646501785093	Apis mellifera	O. Eusocial	Female	pooled whole bodies	Hawaii	RNA	PRJNA531527 	2012	December	Paired	CDNA	Illumina HiSeq 2500	Illumina	Illumina HiSeq	Apis	Apidae	Apinae	Apini	whole body, pooled	whole body	North America
SRR8867394	-0.291417065214745	0.051153570263028	-0.00825687366245169	0.0802416898875685	-0.10366615057756	0.115735493427114	Apis mellifera	O. Eusocial	Female	pooled whole bodies	Hawaii	RNA	PRJNA531527 	2012	November	Paired	CDNA	Illumina HiSeq 2500	Illumina	Illumina HiSeq	Apis	Apidae	Apinae	Apini	whole body, pooled	whole body	North America
SRR8867395	-0.287450462487837	0.00355547933659842	-0.0298743145606702	0.0309336824077392	-0.0848070280705615	0.0600275413837825	Apis mellifera	O. Eusocial	Female	pooled whole bodies	Hawaii	RNA	PRJNA531527 	2012	November	Paired	CDNA	Illumina HiSeq 2500	Illumina	Illumina HiSeq	Apis	Apidae	Apinae	Apini	whole body, pooled	whole body	North America
