Sample	NMDS1	NMDS2	NMDS3	NMDS4	NMDS5	NMDS6	NMDS7	Species	Sociality	Sex	Tissue	Location	NucleotideType	Project.Accession	YearCollected	Month	LibraryLayout	LibrarySelection	SequenceInstrument	Platform_Gen	Platform_Spec	Genus	Family	SubFamily	Tribe	Tissue2	Tissue3	Continent	Sociality2
AM_N_072	-0.322974513364702	0.0500341022382266	0.0774885091806178	0.0652132398057659	0.0720855735491023	0.101243111131983	0.00161362188087467	Apis mellifera	Eusocial	Female	abdomen	United Kingdom	RNA	CompHym22	2019	July	Paired	POLYA	Illumina HiSeq PE150	Illumina	Illumina HiSeq	Apis	Apidae	Apinae	Apini	abdomen	abdomen	Europe	Complex Eusocial
BT_N_001	-0.262521207805124	0.0657331363038035	-0.00550300011040909	0.0568032846051158	0.0551975550185287	0.0859036039077827	-0.00684687408459357	Bombus terrestris	Eusocial	Female	abdomen	United Kingdom	RNA	CompHym22	2019	July	Paired	POLYA	Illumina HiSeq PE150	Illumina	Illumina HiSeq	Bombus	Apidae	Apinae	Bombini	abdomen	abdomen	Europe	Primitive Eusocial
BT_N_025	-0.251997016065912	0.0260321541100481	-0.0125198762015735	0.0345489842700027	0.0735055975462961	0.148292526885494	0.0369364758963328	Bombus terrestris	Eusocial	Female	abdomen	United Kingdom	RNA	CompHym22	2019	July	Paired	POLYA	Illumina HiSeq PE150	Illumina	Illumina HiSeq	Bombus	Apidae	Apinae	Bombini	abdomen	abdomen	Europe	Primitive Eusocial
BT_N_029	-0.211488352452622	-0.0150011699412881	-0.0152018897091475	0.0184198491705337	0.0666294650945164	0.153553467054528	-0.0105977788021549	Bombus terrestris	Eusocial	Female	abdomen	United Kingdom	RNA	CompHym22	2019	July	Paired	POLYA	Illumina HiSeq PE150	Illumina	Illumina HiSeq	Bombus	Apidae	Apinae	Bombini	abdomen	abdomen	Europe	Primitive Eusocial
CA_N_007	0.158089100634941	-0.139308075668668	-0.0157095396113215	0.0548446232557481	0.00343483129992693	0.117774351329078	-0.223585922555943	Ceratina australensis	Polymorphic	Female	abdomen	Australia	RNA	CompHym22	2019	January	Paired	POLYA	Illumina HiSeq PE150	Illumina	Illumina HiSeq	Ceratina	Apidae	Xylocopinae	Ceratini	abdomen	abdomen	Oceania	Polymorphic
CA_N_012	-0.0278490667250348	-0.0520031102359024	0.0319560733038211	0.213021998869322	-0.379871421830944	0.215096826031551	-0.0408675635003784	Ceratina australensis	Polymorphic	Female	abdomen	Australia	RNA	CompHym22	2019	January	Paired	POLYA	Illumina HiSeq PE150	Illumina	Illumina HiSeq	Ceratina	Apidae	Xylocopinae	Ceratini	abdomen	abdomen	Oceania	Polymorphic
CA_N_030	-0.0265460267760006	-0.103594529794065	0.26260389114859	-0.129284609828841	-0.291180707242318	-0.0819468647046396	-0.0626159495664901	Ceratina australensis	Polymorphic	Female	abdomen	Australia	RNA	CompHym22	2019	January	Paired	POLYA	Illumina HiSeq PE150	Illumina	Illumina HiSeq	Ceratina	Apidae	Xylocopinae	Ceratini	abdomen	abdomen	Oceania	Polymorphic
ERR10123638	-0.107731310605452	0.163632979190556	0.107834749497839	0.0706056494550516	0.115689192572893	0.0730379327139871	-0.0229040016644974	Bombus pascuorum	Eusocial	Unknown	abdomen	United Kingdom	RNA	PRJEB43529	2020	August	Paired	POLYA	Illumina NovaSeq 6000	Illumina	Illumina NovaSeq	Bombus	Apidae	Apinae	Bombini	abdomen	abdomen	Europe	Primitive Eusocial
SRR10034516	0.0416597260598977	-0.0961125692246886	-0.199463950058622	0.117653232445146	-0.0209930308425655	-0.136304120495144	0.0140645257641338	Apis cerana	Eusocial	Female	midgut	China	RNA	PRJNA562784	2020	NA	Paired	PCR	Illumina HiSeq 4000	Illumina	Illumina HiSeq	Apis	Apidae	Apinae	Apini	gut	gut	Asia	Complex Eusocial
SRR10034517	0.0281449325494259	-0.0322188849302227	-0.187909802771966	0.128482570483923	-0.0483127161062053	-0.179995736166923	0.0488368277299083	Apis cerana	Eusocial	Female	midgut	China	RNA	PRJNA562784	2020	NA	Paired	PCR	Illumina HiSeq 4000	Illumina	Illumina HiSeq	Apis	Apidae	Apinae	Apini	gut	gut	Asia	Complex Eusocial
SRR10034518	-0.013536524451297	0.0586384457270932	-0.146633615230471	0.0866781249369746	-0.060821797014623	-0.214447057097471	0.118191163822234	Apis cerana	Eusocial	Female	midgut	China	RNA	PRJNA562784	2020	NA	Paired	PCR	Illumina HiSeq 4000	Illumina	Illumina HiSeq	Apis	Apidae	Apinae	Apini	gut	gut	Asia	Complex Eusocial
SRR10034523	0.0283913403133221	-0.0647208571625722	-0.18160969917414	0.124017207815197	-0.0413593099260634	-0.16747059369158	0.0427469487213968	Apis cerana	Eusocial	Female	midgut	China	RNA	PRJNA562784	2020	NA	Paired	PCR	Illumina HiSeq 4000	Illumina	Illumina HiSeq	Apis	Apidae	Apinae	Apini	gut	gut	Asia	Complex Eusocial
SRR10765021	-0.0233739540284957	-0.137832461398223	-0.0657966761358124	-0.435050803146909	0.0398696165096403	-0.0762670059853299	-0.0745546728457064	Colletes gigas	Solitary	Male	whole body	China	RNA	PRJNA512939	2017	November	Paired	OLIGO-DT	Illumina HiSeq X Ten	Illumina	Illumina HiSeq	Colletes	Colletidae	Colletinae	Colletini	whole body	whole body	Asia	Solitary
SRR11426431	0.0139804122577979	-0.261533648766543	-0.103246785249394	0.0910791816606567	0.0264191848826234	-0.000246134515960655	0.0110808749120745	Tetragonisca angustula	Eusocial	Female	whole body (pool of 6)	Brazil	RNA	PRJNA615177	2021	NA	Paired	CDNA	Illumina HiSeq 2000	Illumina	Illumina HiSeq	Tetragonisca	Apidae	Apinae	Meliponini	whole body, pooled	whole body	South America	Complex Eusocial
SRR11426432	0.0149335461214383	-0.313617625674089	-0.0951968336421513	0.0721784977377823	0.00436286589254552	0.00743894346817918	0.0223342657778831	Tetragonisca angustula	Eusocial	Female	whole body (pool of 6)	Brazil	RNA	PRJNA615177	2021	NA	Paired	CDNA	Illumina HiSeq 2000	Illumina	Illumina HiSeq	Tetragonisca	Apidae	Apinae	Meliponini	whole body, pooled	whole body	South America	Complex Eusocial
SRR11426433	0.0342157586242045	-0.298095123456761	-0.0754317062419651	0.0854355514810985	0.0290090491460776	-0.0155528093771366	0.000295922529602386	Tetragonisca angustula	Eusocial	Female	whole body (pool of 6)	Brazil	RNA	PRJNA615177	2021	NA	Paired	CDNA	Illumina HiSeq 2000	Illumina	Illumina HiSeq	Tetragonisca	Apidae	Apinae	Meliponini	whole body, pooled	whole body	South America	Complex Eusocial
SRR11440495	0.0590448405203387	-0.304357056523394	-0.0752457255377356	0.0960855244351995	0.0029437350886435	-0.00692677611148883	-0.00495662620801636	Tetragonisca angustula	Eusocial	Female	whole body (pool of 6)	Brazil	RNA	PRJNA615177	2021	NA	Paired	CDNA	Illumina HiSeq 2000	Illumina	Illumina HiSeq	Tetragonisca	Apidae	Apinae	Meliponini	whole body, pooled	whole body	South America	Complex Eusocial
SRR11440496	0.0626701260047536	-0.306904296296674	-0.0683158086630284	0.089179753142015	0.0157831980409468	-0.0152372590180768	-0.00613097797023891	Tetragonisca angustula	Eusocial	Female	whole body (pool of 6)	Brazil	RNA	PRJNA615177	2021	NA	Paired	CDNA	Illumina HiSeq 2000	Illumina	Illumina HiSeq	Tetragonisca	Apidae	Apinae	Meliponini	whole body, pooled	whole body	South America	Complex Eusocial
SRR11445089	0.0817809902304903	0.0452031982834697	0.0100485513777687	0.000878619873038507	-0.10782951375544	0.278276391742395	0.0942778557609728	Bombus terrestris	Eusocial	Female	whole body (pool of 3)	United Kingdom	RNA	PRJNA615177	2021	NA	Paired	CDNA	Illumina HiSeq 2000	Illumina	Illumina HiSeq	Bombus	Apidae	Apinae	Bombini	whole body, pooled	whole body	Europe	Primitive Eusocial
SRR11445090	0.0444679335543808	0.106095591750637	0.0149445697636544	-0.00929270174821686	-0.133994267320553	0.245074590308113	0.10368440755259	Bombus terrestris	Eusocial	Female	whole body (pool of 3)	United Kingdom	RNA	PRJNA615177	2021	NA	Paired	CDNA	Illumina HiSeq 2000	Illumina	Illumina HiSeq	Bombus	Apidae	Apinae	Bombini	whole body, pooled	whole body	Europe	Primitive Eusocial
SRR11445091	0.0883010421244212	0.0716536046300219	0.0355296998913851	-0.0509658015709083	-0.096740668303048	0.288140849193913	0.0664942080779544	Bombus terrestris	Eusocial	Female	whole body (pool of 3)	United Kingdom	RNA	PRJNA615177	2021	NA	Paired	CDNA	Illumina HiSeq 2000	Illumina	Illumina HiSeq	Bombus	Apidae	Apinae	Bombini	whole body, pooled	whole body	Europe	Primitive Eusocial
SRR11448239	0.124329925468017	0.0184823584564422	0.0351520694670171	-0.0275950902295017	-0.104832091911323	0.275582901973996	0.126280195918041	Bombus terrestris	Eusocial	Female	whole body (pool of 3)	United Kingdom	RNA	PRJNA615177	2021	NA	Paired	CDNA	Illumina HiSeq 2000	Illumina	Illumina HiSeq	Bombus	Apidae	Apinae	Bombini	whole body, pooled	whole body	Europe	Primitive Eusocial
SRR11448240	0.130494839614153	-0.0542214989636182	-0.0090850342172903	0.00647901132541105	-0.0793703837906591	0.253998924778215	0.100071355607563	Bombus terrestris	Eusocial	Female	whole body (pool of 3)	United Kingdom	RNA	PRJNA615177	2021	NA	Paired	CDNA	Illumina HiSeq 2000	Illumina	Illumina HiSeq	Bombus	Apidae	Apinae	Bombini	whole body, pooled	whole body	Europe	Primitive Eusocial
SRR11448241	0.132892798388712	0.0200518789058589	0.0595824803523151	-0.0880243841102216	-0.055595502753435	0.310802095045444	0.0216128920940176	Bombus terrestris	Eusocial	Female	whole body (pool of 3)	United Kingdom	RNA	PRJNA615177	2021	NA	Paired	CDNA	Illumina HiSeq 2000	Illumina	Illumina HiSeq	Bombus	Apidae	Apinae	Bombini	whole body, pooled	whole body	Europe	Primitive Eusocial
SRR12053407	0.407844674303192	0.303771403587264	-0.129899189629113	0.00193770189722939	-0.0416366255239255	-0.00140925512188494	-0.0570236420727832	Euglossa viridissima	Polymorphic	Female	abdomen	Mexico	RNA	PRJNA636137	2016	November	Paired	PCR	Illumina HiSeq 4000	Illumina	Illumina HiSeq	Euglossa	Apidae	Apinae	Euglossini	abdomen	abdomen	North America	Polymorphic
SRR12053410	0.247641753140218	0.254339661053379	-0.175866940996085	0.149971703128511	0.183800789650017	0.057545640244998	0.15398150939438	Euglossa viridissima	Polymorphic	Female	abdomen	Mexico	RNA	PRJNA636137	2017	January	Paired	PCR	Illumina HiSeq 4000	Illumina	Illumina HiSeq	Euglossa	Apidae	Apinae	Euglossini	abdomen	abdomen	North America	Polymorphic
SRR12053411	0.414692439282538	0.0610656301467941	0.00446492895811547	-0.0970573298303553	-0.127339678365411	-0.156149952024307	0.103313420882998	Euglossa viridissima	Polymorphic	Female	abdomen	Mexico	RNA	PRJNA636137	2017	February	Paired	PCR	Illumina HiSeq 4000	Illumina	Illumina HiSeq	Euglossa	Apidae	Apinae	Euglossini	abdomen	abdomen	North America	Polymorphic
SRR12053412	0.417780343388287	0.291213523234356	-0.127483259737354	-0.0146749183229651	-0.0230225572864458	-0.00329018596449705	-0.0705232579249705	Euglossa viridissima	Polymorphic	Female	abdomen	Mexico	RNA	PRJNA636137	2016	March	Paired	PCR	Illumina HiSeq 4000	Illumina	Illumina HiSeq	Euglossa	Apidae	Apinae	Euglossini	abdomen	abdomen	North America	Polymorphic
SRR12053413	0.407442868594346	0.294880429872769	-0.136996699272095	0.00364486168105563	-0.029704590412742	-0.0185713345372062	-0.0604893860333407	Euglossa dilemma	Polymorphic	Female	abdomen	Mexico	RNA	PRJNA636137	2016	March	Paired	PCR	Illumina HiSeq 4000	Illumina	Illumina HiSeq	Euglossa	Apidae	Apinae	Euglossini	abdomen	abdomen	North America	Polymorphic
SRR12053416	0.404750392514976	0.30897392407	-0.101636286518066	-0.063215441862483	-0.030431102730926	-0.0390255446400487	-0.0245334444017222	Euglossa dilemma	Polymorphic	Female	abdomen	Mexico	RNA	PRJNA636137	2016	March	Paired	PCR	Illumina HiSeq 4000	Illumina	Illumina HiSeq	Euglossa	Apidae	Apinae	Euglossini	abdomen	abdomen	North America	Polymorphic
SRR12053417	0.364470545889008	0.254015097859079	-0.156097060003899	-0.0475018695569089	0.00894602289164313	-0.0253809111453326	-0.0331885549812193	Euglossa dilemma	Polymorphic	Female	abdomen	Mexico	RNA	PRJNA636137	2016	March	Paired	PCR	Illumina HiSeq 4000	Illumina	Illumina HiSeq	Euglossa	Apidae	Apinae	Euglossini	abdomen	abdomen	North America	Polymorphic
SRR12053419	0.479950142808079	0.163911031831723	-0.103980542185421	0.0212572404726341	-0.0875071514131207	-0.0380572450483473	0.019620951387274	Euglossa viridissima	Polymorphic	Female	abdomen	Mexico	RNA	PRJNA636137	2016	March	Paired	PCR	Illumina HiSeq 4000	Illumina	Illumina HiSeq	Euglossa	Apidae	Apinae	Euglossini	abdomen	abdomen	North America	Polymorphic
SRR12053421	0.364790844807215	0.252666573472366	-0.157043039152202	-0.0497899663080172	0.0184405532752439	-0.0287887656540321	-0.0219211325765972	Euglossa viridissima	Polymorphic	Female	abdomen	Mexico	RNA	PRJNA636137	2016	March	Paired	PCR	Illumina HiSeq 4000	Illumina	Illumina HiSeq	Euglossa	Apidae	Apinae	Euglossini	abdomen	abdomen	North America	Polymorphic
SRR12053422	0.49439158776101	0.132005993479194	-0.0802921039321568	0.0132660996297335	-0.110678619431338	-0.0382187236870331	0.0029818581334844	Euglossa viridissima	Polymorphic	Female	abdomen	Mexico	RNA	PRJNA636137	2016	March	Paired	PCR	Illumina HiSeq 4000	Illumina	Illumina HiSeq	Euglossa	Apidae	Apinae	Euglossini	abdomen	abdomen	North America	Polymorphic
SRR12053423	0.394503859185569	0.318947231873213	-0.104384819692461	-0.0482015663907707	-0.0433215820634851	-0.0448088912647694	-0.0184817577629878	Euglossa viridissima	Polymorphic	Female	abdomen	Mexico	RNA	PRJNA636137	2016	March	Paired	PCR	Illumina HiSeq 4000	Illumina	Illumina HiSeq	Euglossa	Apidae	Apinae	Euglossini	abdomen	abdomen	North America	Polymorphic
SRR12053424	0.421002408701411	0.289450045415973	-0.134774329666872	-0.0121492900161229	-0.00474578214017593	-0.00427859917609428	-0.0490326255290051	Euglossa viridissima	Polymorphic	Female	abdomen	Mexico	RNA	PRJNA636137	2016	April	Paired	PCR	Illumina HiSeq 4000	Illumina	Illumina HiSeq	Euglossa	Apidae	Apinae	Euglossini	abdomen	abdomen	North America	Polymorphic
SRR12053425	0.415197422570617	0.299127760084196	-0.133087741684226	-0.00744203592047046	-0.016872976034195	0.00191588636187273	-0.0456844897250865	Euglossa viridissima	Polymorphic	Female	abdomen	Mexico	RNA	PRJNA636137	2017	March	Paired	PCR	Illumina HiSeq 4000	Illumina	Illumina HiSeq	Euglossa	Apidae	Apinae	Euglossini	abdomen	abdomen	North America	Polymorphic
SRR12053426	0.353571527482681	0.256855771340375	-0.156779329059124	-0.0745453989294896	0.0346100003944762	-0.0235581586118528	-0.0551734607725361	Euglossa viridissima	Polymorphic	Female	abdomen	Mexico	RNA	PRJNA636137	2016	April	Paired	PCR	Illumina HiSeq 4000	Illumina	Illumina HiSeq	Euglossa	Apidae	Apinae	Euglossini	abdomen	abdomen	North America	Polymorphic
SRR12053427	0.401772054260523	0.313994451607568	-0.100877840880203	-0.052835155024995	-0.048497140389617	-0.0312561959382055	-0.0325947624333386	Euglossa dilemma	Polymorphic	Female	abdomen	Mexico	RNA	PRJNA636137	2016	May	Paired	PCR	Illumina HiSeq 4000	Illumina	Illumina HiSeq	Euglossa	Apidae	Apinae	Euglossini	abdomen	abdomen	North America	Polymorphic
SRR12053428	0.432604966804626	0.284173865418252	-0.116780196517889	-0.0408871884740423	-0.00379036219011802	0.00411656337037754	-0.0576762919620624	Euglossa viridissima	Polymorphic	Female	abdomen	Mexico	RNA	PRJNA636137	2016	May	Paired	PCR	Illumina HiSeq 4000	Illumina	Illumina HiSeq	Euglossa	Apidae	Apinae	Euglossini	abdomen	abdomen	North America	Polymorphic
SRR12053429	0.409633141106856	0.304169497118939	-0.13451296472828	-0.0170147811949728	-0.00729411003064804	-0.0188739098450933	-0.000638729388748627	Euglossa viridissima	Polymorphic	Female	abdomen	Mexico	RNA	PRJNA636137	2016	June	Paired	PCR	Illumina HiSeq 4000	Illumina	Illumina HiSeq	Euglossa	Apidae	Apinae	Euglossini	abdomen	abdomen	North America	Polymorphic
SRR12053430	0.475672196406535	0.155100719008167	-0.0847770035269254	0.0321611183162143	-0.130299027385793	-0.0498721830113924	0.0186523796667398	Euglossa viridissima	Polymorphic	Female	abdomen	Mexico	RNA	PRJNA636137	2016	June	Paired	PCR	Illumina HiSeq 4000	Illumina	Illumina HiSeq	Euglossa	Apidae	Apinae	Euglossini	abdomen	abdomen	North America	Polymorphic
SRR12053431	0.489614023212015	0.153198414811074	-0.0947289009181873	-0.00485903381361947	-0.0766953517317416	-0.036681680444761	0.0078458563166071	Euglossa viridissima	Polymorphic	Female	abdomen	Mexico	RNA	PRJNA636137	2016	June	Paired	PCR	Illumina HiSeq 4000	Illumina	Illumina HiSeq	Euglossa	Apidae	Apinae	Euglossini	abdomen	abdomen	North America	Polymorphic
SRR12053432	0.149011511416373	0.0209868345117435	0.0356185780087441	-0.127880852704466	-0.0844986960332356	0.236836760065096	-0.238754158179605	Euglossa viridissima	Polymorphic	Female	abdomen	Mexico	RNA	PRJNA636137	2016	July	Paired	PCR	Illumina HiSeq 4000	Illumina	Illumina HiSeq	Euglossa	Apidae	Apinae	Euglossini	abdomen	abdomen	North America	Polymorphic
SRR12053435	0.413362553103639	0.299353330705298	-0.127786645623887	-0.0318178364411212	-0.0034345716651336	-0.0309274738361873	0.0163399906625959	Euglossa viridissima	Polymorphic	Female	abdomen	Mexico	RNA	PRJNA636137	2016	August	Paired	PCR	Illumina HiSeq 4000	Illumina	Illumina HiSeq	Euglossa	Apidae	Apinae	Euglossini	abdomen	abdomen	North America	Polymorphic
SRR12053436	0.421116483092785	0.309709563090245	-0.094705553034226	-0.06375266348464	-0.0220464478490396	-0.00469640083762994	-0.0140637429999485	Euglossa viridissima	Polymorphic	Female	abdomen	Mexico	RNA	PRJNA636137	2017	March	Paired	PCR	Illumina HiSeq 4000	Illumina	Illumina HiSeq	Euglossa	Apidae	Apinae	Euglossini	abdomen	abdomen	North America	Polymorphic
SRR12053437	0.402753612930664	0.325755936953122	-0.094175296648659	-0.0835729289002398	-0.00530859953059533	-0.00502296976927838	-0.0713058744848614	Euglossa dilemma	Polymorphic	Female	abdomen	Mexico	RNA	PRJNA636137	2017	March	Paired	PCR	Illumina HiSeq 4000	Illumina	Illumina HiSeq	Euglossa	Apidae	Apinae	Euglossini	abdomen	abdomen	North America	Polymorphic
SRR12233573	0.0590047737906866	-0.322983251773726	-0.0822461333405326	0.090706760403461	0.0417695099861874	-0.0257092151562816	-0.00923480302823234	Bombus pyrosoma	Eusocial	Unknown	whole body	China	RNA	PRJNA646593	2019	July	Paired	RT-PCR	Illumina HiSeq 2500	Illumina	Illumina HiSeq	Bombus	Apidae	Apinae	Bombini	whole body	whole body	Asia	Primitive Eusocial
SRR12233820	0.0781459410418985	-0.299386386811861	-0.0871485005968929	0.0511871321032034	0.0061398138072796	0.00976656598831563	0.0438078745472176	Bombus pyrosoma	Eusocial	Unknown	whole body	China	RNA	PRJNA646602	2019	July	Paired	RT-PCR	Illumina HiSeq 2500	Illumina	Illumina HiSeq	Bombus	Apidae	Apinae	Bombini	whole body	whole body	Asia	Primitive Eusocial
SRR12235348	0.0765205000410051	-0.290162610698503	-0.0918506500946174	0.0426578912014082	-0.00101890665844552	0.0241249992909796	0.0457301091593364	Bombus pyrosoma	Eusocial	Unknown	whole body	China	RNA	PRJNA646687	2019	July	Paired	RT-PCR	Illumina HiSeq 2500	Illumina	Illumina HiSeq	Bombus	Apidae	Apinae	Bombini	whole body	whole body	Asia	Primitive Eusocial
SRR12244814	0.0261986637914888	-0.301776614607307	-0.0840429608370847	0.0769286876468659	0.0289119791430258	-0.0213739698348312	-0.0140313468304002	Bombus pyrosoma	Eusocial	Unknown	whole body	China	RNA	PRJNA646806	2019	July	Paired	RT-PCR	Illumina HiSeq 2500	Illumina	Illumina HiSeq	Bombus	Apidae	Apinae	Bombini	whole body	whole body	Asia	Primitive Eusocial
SRR12245258	0.0541887216239802	-0.326826563442167	-0.0941607276320352	0.0843991561868068	0.0288490317356943	-0.0279001031523033	-0.0163945933984208	Bombus pyrosoma	Eusocial	Unknown	whole body	China	RNA	PRJNA646816	2019	July	Paired	RT-PCR	Illumina HiSeq 2500	Illumina	Illumina HiSeq	Bombus	Apidae	Apinae	Bombini	whole body	whole body	Asia	Primitive Eusocial
SRR12245523	0.0571173341020261	-0.322414522545717	-0.0743497174039082	0.0814299588349357	0.0303265335218546	-0.00873906771411967	-0.0135504245227422	Bombus pyrosoma	Eusocial	Unknown	whole body	China	RNA	PRJNA646831	2019	July	Paired	RT-PCR	Illumina HiSeq 2500	Illumina	Illumina HiSeq	Bombus	Apidae	Apinae	Bombini	whole body	whole body	Asia	Primitive Eusocial
SRR12527928	0.101508734996986	-0.142482204428883	-0.153497008528833	0.00932455326165482	0.00356057724363679	0.147558201575993	-0.0921599369525686	Bombus confusus	Eusocial	Unknown	whole body	China	RNA	PRJNA659133	2016	August	Paired	POLYA	Illumina HiSeq X Ten	Illumina	Illumina HiSeq	Bombus	Apidae	Apinae	Bombini	whole body	whole body	Asia	Primitive Eusocial
SRR12527929	0.105095011172794	-0.0245686973507729	-0.0642846253728827	-0.18509216110277	-0.153329711739913	0.153776006439915	0.171150630430524	Bombus haemorrhoidalis	Eusocial	Unknown	whole body	China	RNA	PRJNA659133	2016	August	Paired	POLYA	Illumina HiSeq X Ten	Illumina	Illumina HiSeq	Bombus	Apidae	Apinae	Bombini	whole body	whole body	Asia	Primitive Eusocial
SRR12527930	-0.323794443219988	0.0161077682472387	0.112655607970455	0.0526787146411559	0.017289029612226	0.0953660218428548	-0.162267896464655	Bombus soroeensis	Eusocial	Unknown	whole body	China	RNA	PRJNA659133	2016	August	Paired	POLYA	Illumina HiSeq X Ten	Illumina	Illumina HiSeq	Bombus	Apidae	Apinae	Bombini	whole body	whole body	Asia	Primitive Eusocial
SRR12527933	0.12940249318691	-0.258216977187077	-0.104581012467602	0.0648597343853498	0.019815067308651	-0.0241614658449495	-0.0114794737516879	Bombus turneri	Eusocial	Unknown	whole body	China	RNA	PRJNA659133	2016	August	Paired	POLYA	Illumina HiSeq X Ten	Illumina	Illumina HiSeq	Bombus	Apidae	Apinae	Bombini	whole body	whole body	Asia	Primitive Eusocial
SRR12527934	0.110366760723429	-0.275626416508706	-0.109154687222714	0.066469528001872	0.0138703056913994	-0.0174665692641917	-0.00511715327163589	Bombus pyrosoma	Eusocial	Unknown	whole body	China	RNA	PRJNA659133	2016	August	Paired	POLYA	Illumina HiSeq X Ten	Illumina	Illumina HiSeq	Bombus	Apidae	Apinae	Bombini	whole body	whole body	Asia	Primitive Eusocial
SRR12527935	0.247870745518926	0.117839983883361	-0.151501644852521	-0.0621915646054352	0.272145911503051	0.17718567328202	0.0548541724203514	Bombus ignitus	Eusocial	Unknown	whole body	China	RNA	PRJNA659133	2016	August	Paired	POLYA	Illumina HiSeq X Ten	Illumina	Illumina HiSeq	Bombus	Apidae	Apinae	Bombini	whole body	whole body	Asia	Primitive Eusocial
SRR12527936	0.109607180647559	-0.281674416181753	-0.0956203534025949	0.0776582337870825	0.0210904808273658	-0.0169534248911564	0.0138220142686128	Bombus picipes	Eusocial	Unknown	whole body	China	RNA	PRJNA659133	2016	August	Paired	POLYA	Illumina HiSeq X Ten	Illumina	Illumina HiSeq	Bombus	Apidae	Apinae	Bombini	whole body	whole body	Asia	Primitive Eusocial
SRR12527961	0.116016716936962	-0.281829389839092	-0.0969865190790878	0.0715927182442741	0.0172669339678867	-0.0173350206735235	0.00071038257566093	Bombus waltoni	Eusocial	Unknown	whole body	China	RNA	PRJNA659133	2016	August	Paired	POLYA	Illumina HiSeq X Ten	Illumina	Illumina HiSeq	Bombus	Apidae	Apinae	Bombini	whole body	whole body	Asia	Primitive Eusocial
SRR12527963	0.0596914915674598	-0.00437144621117548	-0.367034980656343	-0.174034437631667	0.148286509575988	0.226692837359214	-0.0299511440737055	Bombus breviceps	Eusocial	Unknown	whole body	China	RNA	PRJNA659133	2016	August	Paired	POLYA	Illumina HiSeq X Ten	Illumina	Illumina HiSeq	Bombus	Apidae	Apinae	Bombini	whole body	whole body	Asia	Primitive Eusocial
SRR12527964	0.0648675567176463	0.0242897968801237	-0.113300796789088	-0.208487460682543	-0.125411990084616	0.237971958186499	0.10852486523089	Bombus opulentus	Eusocial	Unknown	whole body	China	RNA	PRJNA659133	2016	August	Paired	POLYA	Illumina HiSeq X Ten	Illumina	Illumina HiSeq	Bombus	Apidae	Apinae	Bombini	whole body	whole body	Asia	Primitive Eusocial
SRR13189057	-0.232243823166955	0.0897638130709867	0.0627267037492885	0.0242468476498542	0.139171960058855	0.026031877804274	0.144963888497006	Apis mellifera	Eusocial	Female	gut	China	RNA	PRJNA681941	2020	NA	Paired	PCR	Illumina NovaSeq 6000	Illumina	Illumina NovaSeq	Apis	Apidae	Apinae	Apini	gut	gut	Asia	Complex Eusocial
SRR13189058	-0.218421253433677	0.134879869918871	-0.000664607096680345	0.0115935411355634	0.116253846345641	-0.0313057500996888	0.0862543130535897	Apis mellifera	Eusocial	Female	gut	China	RNA	PRJNA681941	2020	NA	Paired	PCR	Illumina NovaSeq 6000	Illumina	Illumina NovaSeq	Apis	Apidae	Apinae	Apini	gut	gut	Asia	Complex Eusocial
SRR13189059	-0.225665387022534	0.151938015100806	-0.0529882330590928	0.0526619117306154	0.049087070977078	0.0132006802051065	-0.0126727983270737	Apis mellifera	Eusocial	Female	gut	China	RNA	PRJNA681941	2020	NA	Paired	PCR	Illumina NovaSeq 6000	Illumina	Illumina NovaSeq	Apis	Apidae	Apinae	Apini	gut	gut	Asia	Complex Eusocial
SRR13189063	-0.272111657088474	0.114066825227372	0.0104959815373071	0.0452317318105558	0.0421996533522242	0.0587143593060933	-0.0590454455573808	Apis mellifera	Eusocial	Female	gut	China	RNA	PRJNA681941	2020	NA	Paired	PCR	Illumina NovaSeq 6000	Illumina	Illumina NovaSeq	Apis	Apidae	Apinae	Apini	gut	gut	Asia	Complex Eusocial
SRR13189066	-0.305617226152187	-0.0424446141280328	0.0620089046633392	-0.0563309334569535	0.0919999708267774	-0.0760367951665409	0.269290173424164	Apis mellifera	Eusocial	Female	gut	China	RNA	PRJNA681941	2020	NA	Paired	PCR	Illumina NovaSeq 6000	Illumina	Illumina NovaSeq	Apis	Apidae	Apinae	Apini	gut	gut	Asia	Complex Eusocial
SRR13189067	-0.20859988154114	0.072087336859038	0.0756084890228056	-0.0241778562140457	0.161405797060244	-0.038789730177805	0.192043255692371	Apis mellifera	Eusocial	Female	gut	China	RNA	PRJNA681941	2020	NA	Paired	PCR	Illumina NovaSeq 6000	Illumina	Illumina NovaSeq	Apis	Apidae	Apinae	Apini	gut	gut	Asia	Complex Eusocial
SRR13404631	0.153112685696344	-0.0722305632821682	-0.045292704103147	-0.239307910971375	0.143989456192723	-0.150077112430575	-0.0749092569975749	Andrena 	Solitary	Unknown	pooled whole bodies 	Israel	RNA	PRJNA687318	2018	March	Paired	RT-PCR	Illumina HiSeq 4000	Illumina	Illumina HiSeq	Andrena	Andrenidae	Andreninae	Andrenini	whole body, pooled	whole body	Asia	Solitary
SRR13404632	-0.264675677910414	0.089063093542911	0.0200459530449377	0.00417925943382093	0.0900272982961775	0.0708351567182971	-0.0697545837717765	Apis mellifera	Eusocial	Unknown	pooled whole bodies 	Israel	RNA	PRJNA687318	2018	March	Paired	RT-PCR	Illumina HiSeq 4000	Illumina	Illumina HiSeq	Apis	Apidae	Apinae	Apini	whole body, pooled	whole body	Asia	Complex Eusocial
SRR13404633	-0.152657061450678	0.0367885737393267	0.00555035967088913	-0.243421789036796	0.152762692928639	-0.0710293205591294	-0.0241419243953299	Andrena 	Solitary	Unknown	pooled whole bodies 	Israel	RNA	PRJNA687318	2018	March	Paired	RT-PCR	Illumina HiSeq 4000	Illumina	Illumina HiSeq	Andrena	Andrenidae	Andreninae	Andrenini	whole body, pooled	whole body	Asia	Solitary
SRR13404634	-0.286850392595817	0.0699858523661165	0.0414394808894671	-0.0495074146214487	0.0577542759392066	-0.0168185310073192	0.0071508647468029	Apis mellifera	Eusocial	Unknown	pooled whole bodies 	Israel	RNA	PRJNA687318	2018	March	Paired	RT-PCR	Illumina HiSeq 4000	Illumina	Illumina HiSeq	Apis	Apidae	Apinae	Apini	whole body, pooled	whole body	Asia	Complex Eusocial
SRR13404635	0.0637837021484033	-0.0747475465028209	0.0949972375329286	-0.367575774296905	0.196272533555169	-0.0258379806089265	-0.0446665772382652	Andrena 	Solitary	Unknown	pooled whole bodies 	Israel	RNA	PRJNA687318	2018	March	Paired	RT-PCR	Illumina HiSeq 4000	Illumina	Illumina HiSeq	Andrena	Andrenidae	Andreninae	Andrenini	whole body, pooled	whole body	Asia	Solitary
SRR13404636	-0.288267993879086	0.0766784557223015	0.0421607240810698	-0.0147459345087972	0.0865183056911324	-0.0386448119751865	-0.029157940394208	Apis mellifera	Eusocial	Unknown	pooled whole bodies 	Israel	RNA	PRJNA687318	2018	March	Paired	RT-PCR	Illumina HiSeq 4000	Illumina	Illumina HiSeq	Apis	Apidae	Apinae	Apini	whole body, pooled	whole body	Asia	Complex Eusocial
SRR13404640	0.0761640429202066	-0.0117892863631347	0.0467349736041516	-0.335885626297134	0.166387080723744	-0.0846700325151443	-0.094646396844965	Andrena 	Solitary	Unknown	pooled whole bodies 	Israel	RNA	PRJNA687318	2018	March	Paired	RT-PCR	Illumina HiSeq 4000	Illumina	Illumina HiSeq	Andrena	Andrenidae	Andreninae	Andrenini	whole body, pooled	whole body	Asia	Solitary
SRR13404641	-0.306095090758079	0.045359656752666	0.0872165210284839	0.00763567053794096	0.0720249473524108	0.034903511374569	-0.0930777862356485	Apis mellifera	Eusocial	Unknown	pooled whole bodies 	Israel	RNA	PRJNA687318	2018	March	Paired	RT-PCR	Illumina HiSeq 4000	Illumina	Illumina HiSeq	Apis	Apidae	Apinae	Apini	whole body, pooled	whole body	Asia	Complex Eusocial
SRR13442813	0.0701571025746472	-0.0831049535045024	-0.0063629728467896	-0.361283181560696	0.133751742970767	-0.0117583321727458	-0.00483834572210842	Lasioglossum	Polymorphic	Unknown	whole body	Australia	RNA	PRJNA687066	2017	September	Paired	POLYA	BGISEQ-500	BGISEQ	BGISEQ	Lasioglossum	Halictidae	Halictinae	Halictini	whole body	whole body	Oceania	Polymorphic
SRR13442815	-0.201256195172023	0.109561911956118	-0.0739623166132237	0.0311800945131901	-0.00210354891771528	-0.19277308312192	0.090395133335039	Apis mellifera	Eusocial	Unknown	whole body	Australia	RNA	PRJNA687066	2017	September	Paired	POLYA	BGISEQ-500	BGISEQ	BGISEQ	Apis	Apidae	Apinae	Apini	whole body	whole body	Oceania	Complex Eusocial
SRR13442817	0.117577501009797	-0.163626880028102	-0.143960724770118	-0.0459227610589539	-0.0457704364007197	0.074251169040961	0.155688740103926	Exoneura	Polymorphic	Unknown	whole body	Australia	RNA	PRJNA687066	2017	September	Paired	POLYA	BGISEQ-500	BGISEQ	BGISEQ	Exoneura	Apidae	Xylocopinae	Allodapini	whole body	whole body	Oceania	Polymorphic
SRR13442818	0.12398794237284	0.0172322993316533	-0.00201786128233443	-0.0865059309398161	-0.0065045878887586	-0.136247579767628	-0.326801665102431	Tetragonula carbonaria	Eusocial	Unknown	whole body	Australia	RNA	PRJNA687066	2017	September	Paired	POLYA	BGISEQ-500	BGISEQ	BGISEQ	Tetragonula	Apidae	Apinae	Meliponini	whole body	whole body	Oceania	Complex Eusocial
SRR13442819	-0.207457571668825	0.118109969145543	-0.135911509756464	-0.129293601521789	-0.0329511887578359	-0.158157201921453	0.0339072174100827	Apis mellifera	Eusocial	Unknown	whole body	Australia	RNA	PRJNA687066	2017	September	Paired	POLYA	BGISEQ-500	BGISEQ	BGISEQ	Apis	Apidae	Apinae	Apini	whole body	whole body	Oceania	Complex Eusocial
SRR13442822	0.126823607555539	-0.156639541905382	-0.201286453356015	0.0644785584692565	0.182097891023436	-0.00962433578587294	-0.0165566313136354	Exoneura	Polymorphic	Unknown	whole body	Australia	RNA	PRJNA687066	2017	September	Paired	POLYA	BGISEQ-500	BGISEQ	BGISEQ	Exoneura	Apidae	Xylocopinae	Allodapini	whole body	whole body	Oceania	Polymorphic
SRR13442824	0.122905757082926	-0.224890270045639	-0.139771201075546	0.0555291905266925	0.0553828759808538	0.0611648155139277	-0.047460374317341	Exoneura	Polymorphic	Unknown	whole body	Australia	RNA	PRJNA687066	2017	September	Paired	POLYA	BGISEQ-500	BGISEQ	BGISEQ	Exoneura	Apidae	Xylocopinae	Allodapini	whole body	whole body	Oceania	Polymorphic
SRR13442825	0.14069851811711	0.00287317980981397	-0.459814101565789	-0.151602099247171	-0.137743887076319	-0.083276471738072	-0.0365382793127914	Lasioglossum	Polymorphic	Unknown	whole body	Australia	RNA	PRJNA687066	2017	September	Paired	POLYA	BGISEQ-500	BGISEQ	BGISEQ	Lasioglossum	Halictidae	Halictinae	Halictini	whole body	whole body	Oceania	Polymorphic
SRR13442828	-0.205937421355902	0.115320627119645	-0.093766257360599	-0.0326500717052785	-0.0135008939577204	-0.166280314994412	0.0887218743429326	Apis mellifera	Eusocial	Unknown	whole body	Australia	RNA	PRJNA687066	2017	October	Paired	POLYA	BGISEQ-500	BGISEQ	BGISEQ	Apis	Apidae	Apinae	Apini	whole body	whole body	Oceania	Complex Eusocial
SRR13442829	-0.149060625099502	0.0881037794245759	-0.068744743764061	0.0384943395048035	-0.0266520978061492	-0.287402732432873	0.171537930763631	Apis mellifera	Eusocial	Unknown	whole body	Australia	RNA	PRJNA687066	2017	October	Paired	POLYA	BGISEQ-500	BGISEQ	BGISEQ	Apis	Apidae	Apinae	Apini	whole body	whole body	Oceania	Complex Eusocial
SRR13442831	-0.242011642211176	0.134988129524193	-0.0591673463902084	0.0999552239362621	-0.00911203780423077	-0.0204951032318951	0.0846910317578598	Apis mellifera	Eusocial	Unknown	whole body	Australia	RNA	PRJNA687066	2017	September	Paired	POLYA	BGISEQ-500	BGISEQ	BGISEQ	Apis	Apidae	Apinae	Apini	whole body	whole body	Oceania	Complex Eusocial
SRR13769013	-0.0517627579700134	0.0622838259592981	-0.149500300397032	-0.173979805656146	-0.164755813127177	0.142536209383071	0.112193984234587	Bombus	Eusocial	Unknown	pooled whole bodies (293)	Scotland	RNA	PRJNA704259	2021	NA	Paired	RT-PCR	MGI DNBSEQ-G400	MGI	MGI	Bombus	Apidae	Apinae	Bombini	whole body, pooled	whole body	Europe	Primitive Eusocial
SRR13769014	-0.259018773116178	0.0902668406357096	-0.016173923519402	0.0267236657036083	0.0647311661038341	0.0795594007423239	0.0831157547002355	Bombus pascuorum	Eusocial	Unknown	pooled whole bodies (182)	Scotland	RNA	PRJNA704259	2021	NA	Paired	RT-PCR	MGI DNBSEQ-G400	MGI	MGI	Bombus	Apidae	Apinae	Bombini	whole body, pooled	whole body	Europe	Primitive Eusocial
SRR13769015	-0.154312866965869	0.145481737511701	-0.074540722463214	-0.000253463539924526	-0.0224012127513898	0.0289908178271516	0.158652118312874	Bombus pascuorum	Eusocial	Unknown	pooled whole bodies (182)	Scotland	RNA	PRJNA704259	2021	NA	Paired	RT-PCR	MGI DNBSEQ-G400	MGI	MGI	Bombus	Apidae	Apinae	Bombini	whole body, pooled	whole body	Europe	Primitive Eusocial
SRR13769016	-0.204385158781705	0.086385970968992	-0.0306601072291878	-0.09047989279662	-0.0309881436302196	0.172353577777986	0.0940145885945967	Bombus lucorum	Eusocial	Unknown	pooled whole bodies (212)	Scotland	RNA	PRJNA704259	2021	NA	Paired	RT-PCR	MGI DNBSEQ-G400	MGI	MGI	Bombus	Apidae	Apinae	Bombini	whole body, pooled	whole body	Europe	Primitive Eusocial
SRR13769017	-0.174757156178012	0.0836277066610258	-0.0575013999239905	-0.115626283599349	-0.0580508608648393	0.165588577094861	0.125977044060986	Bombus lucorum	Eusocial	Unknown	pooled whole bodies (212)	Scotland	RNA	PRJNA704259	2021	NA	Paired	RT-PCR	MGI DNBSEQ-G400	MGI	MGI	Bombus	Apidae	Apinae	Bombini	whole body, pooled	whole body	Europe	Primitive Eusocial
SRR13769018	-0.119443400876611	0.157249632713136	-0.0835726255746657	-0.129384994648586	0.100097419531101	0.0386655644665096	0.0607062600433899	Bombus terrestris	Eusocial	Unknown	pooled whole bodies (239)	Scotland	RNA	PRJNA704259	2021	NA	Paired	RT-PCR	MGI DNBSEQ-G400	MGI	MGI	Bombus	Apidae	Apinae	Bombini	whole body, pooled	whole body	Europe	Primitive Eusocial
SRR13769019	-0.0755993066121134	0.133218399009484	-0.0860608429629712	-0.111775620258152	-0.0669360506006168	0.109778053244023	0.166527355677486	Bombus terrestris	Eusocial	Unknown	pooled whole bodies (239)	Scotland	RNA	PRJNA704259	2021	NA	Paired	RT-PCR	MGI DNBSEQ-G400	MGI	MGI	Bombus	Apidae	Apinae	Bombini	whole body, pooled	whole body	Europe	Primitive Eusocial
SRR1380984	-0.0719623817034172	0.0091036399823713	0.0895064909605344	0.275503201600688	-0.257052326205027	0.189851069639826	0.0627913395246148	Apis cerana	Eusocial	Female	gut	South Korea	RNA	PRJNA235974	2013	NA	Paired	POLYA	Illumina HiSeq 2000	Illumina	Illumina HiSeq	Apis	Apidae	Apinae	Apini	gut	gut	Asia	Complex Eusocial
SRR14567209	-0.0277170913758067	-0.0788916599828291	0.280817586478043	-0.121205755887211	-0.243617474755801	-0.114955530129772	0.0053007177918824	Bombus terricola	Eusocial	Unknown	abdomen	Canada	RNA	PRJNA730495	2021	NA	Paired	CDNA	Illumina HiSeq 4000	Illumina	Illumina HiSeq	Bombus	Apidae	Apinae	Bombini	abdomen	abdomen	North America	Primitive Eusocial
SRR14567210	-0.0126367024298455	-0.0759784577010941	0.292749115305269	-0.105268823204939	-0.240669093815489	-0.123537119553458	-0.00394358035545999	Bombus terricola	Eusocial	Unknown	abdomen	Canada	RNA	PRJNA730495	2021	NA	Paired	CDNA	Illumina HiSeq 4000	Illumina	Illumina HiSeq	Bombus	Apidae	Apinae	Bombini	abdomen	abdomen	North America	Primitive Eusocial
SRR14567211	-0.0194919806603102	-0.0775297104468406	0.298411379821006	-0.106216542374834	-0.234353866791088	-0.111204185499109	-0.00261905719232318	Bombus terricola	Eusocial	Unknown	abdomen	Canada	RNA	PRJNA730495	2021	NA	Paired	CDNA	Illumina HiSeq 4000	Illumina	Illumina HiSeq	Bombus	Apidae	Apinae	Bombini	abdomen	abdomen	North America	Primitive Eusocial
SRR14567212	-0.0207511408838989	-0.0717057206273482	0.289478120624412	-0.101541290858492	-0.242677614825108	-0.116411389914651	0.0128764035004967	Bombus terricola	Eusocial	Unknown	abdomen	Canada	RNA	PRJNA730495	2021	NA	Paired	CDNA	Illumina HiSeq 4000	Illumina	Illumina HiSeq	Bombus	Apidae	Apinae	Bombini	abdomen	abdomen	North America	Primitive Eusocial
SRR14567213	-0.0177459556021766	-0.0738874674353407	0.295109129138067	-0.11215092641506	-0.233200658998386	-0.0909343999481221	0.00537771053374749	Bombus terricola	Eusocial	Unknown	abdomen	Canada	RNA	PRJNA730495	2021	NA	Paired	CDNA	Illumina HiSeq 4000	Illumina	Illumina HiSeq	Bombus	Apidae	Apinae	Bombini	abdomen	abdomen	North America	Primitive Eusocial
SRR14567214	-0.0150595832881984	-0.0669787922936908	0.287331538118806	-0.116101829172012	-0.235649932091832	-0.102228392477876	0.0112180723869206	Bombus terricola	Eusocial	Unknown	abdomen	Canada	RNA	PRJNA730495	2021	NA	Paired	CDNA	Illumina HiSeq 4000	Illumina	Illumina HiSeq	Bombus	Apidae	Apinae	Bombini	abdomen	abdomen	North America	Primitive Eusocial
SRR14567217	-0.00487710787782406	-0.0673575426567395	0.302526407759319	-0.102898309168859	-0.232604505214944	-0.107512810695857	-0.00788023920487552	Bombus terricola	Eusocial	Unknown	abdomen	Canada	RNA	PRJNA730495	2021	NA	Paired	CDNA	Illumina HiSeq 4000	Illumina	Illumina HiSeq	Bombus	Apidae	Apinae	Bombini	abdomen	abdomen	North America	Primitive Eusocial
SRR14567218	0.00669930529158472	-0.0667234282919301	0.289784265820091	-0.116587685582742	-0.234750993382293	-0.107649176881461	-0.00379516899445816	Bombus terricola	Eusocial	Unknown	abdomen	Canada	RNA	PRJNA730495	2021	NA	Paired	CDNA	Illumina HiSeq 4000	Illumina	Illumina HiSeq	Bombus	Apidae	Apinae	Bombini	abdomen	abdomen	North America	Primitive Eusocial
SRR14567219	0.0626418505074126	-0.0199716335139139	0.24763302903393	-0.123761100073909	-0.239703429561616	-0.110311103845784	-0.0143471183974322	Bombus terricola	Eusocial	Unknown	abdomen	Canada	RNA	PRJNA730495	2021	NA	Paired	CDNA	Illumina HiSeq 4000	Illumina	Illumina HiSeq	Bombus	Apidae	Apinae	Bombini	abdomen	abdomen	North America	Primitive Eusocial
SRR14567220	-0.018233650410883	-0.0788580696857573	0.28510039945478	-0.110344886826911	-0.250973269576924	-0.123371747335895	-0.0121439009019768	Bombus terricola	Eusocial	Unknown	abdomen	Canada	RNA	PRJNA730495	2021	NA	Paired	CDNA	Illumina HiSeq 4000	Illumina	Illumina HiSeq	Bombus	Apidae	Apinae	Bombini	abdomen	abdomen	North America	Primitive Eusocial
SRR14567221	-0.00256725225820291	-0.0712607885174397	0.287568092657328	-0.103347652695952	-0.244801693591518	-0.118936812421927	-0.0163973727129686	Bombus terricola	Eusocial	Unknown	abdomen	Canada	RNA	PRJNA730495	2021	NA	Paired	CDNA	Illumina HiSeq 4000	Illumina	Illumina HiSeq	Bombus	Apidae	Apinae	Bombini	abdomen	abdomen	North America	Primitive Eusocial
SRR14567222	-0.0206910599823015	-0.0522901573452973	0.275747569742629	-0.103502626078735	-0.239472647879506	-0.111412979820366	-0.00252648453790636	Bombus terricola	Eusocial	Unknown	abdomen	Canada	RNA	PRJNA730495	2021	NA	Paired	CDNA	Illumina HiSeq 4000	Illumina	Illumina HiSeq	Bombus	Apidae	Apinae	Bombini	abdomen	abdomen	North America	Primitive Eusocial
SRR1503066	0.212485852633054	0.103905383791743	0.311510200934346	0.18861013112584	0.131782248716395	-0.0517226506498725	-0.0662635760929032	Epeolus variegatus	Solitary	Unknown	whole body	Italy	RNA	PRJNA252262	2011	September	Paired	CDNA	Illumina HiSeq 2000	Illumina	Illumina HiSeq	Epeolus	Apidae	Nomadinae	Epeolini	whole body	whole body	Europe	Solitary
SRR1503088	-0.0524575910574898	0.165590846766076	-0.102035822917857	0.171744425001578	-0.142973642444044	-0.181214506337288	0.0603741208535137	Bombus rupestris	Eusocial	Female	whole body	France	RNA	PRJNA252285	2011	July	Paired	CDNA	Illumina HiSeq 2000	Illumina	Illumina HiSeq	Bombus	Apidae	Apinae	Bombini	whole body	whole body	Europe	Primitive Eusocial
SRR1503113	0.111163966078916	0.0543259134064493	-0.0151711056475746	-0.140617940770451	-0.125917660570972	0.128511456856582	0.306037458428726	Euglossa dilemma	Polymorphic	Unknown	whole body	Florida	RNA	PRJNA252310	2012	January	Paired	CDNA	Illumina HiSeq 2000	Illumina	Illumina HiSeq	Euglossa	Apidae	Apinae	Euglossini	whole body	whole body	North America	Polymorphic
SRR1503129	0.0320545280107811	-0.112118932962509	0.0490169521943469	-0.407822862781379	0.216891517854062	-0.0245838736221265	-0.0357529785072169	Anthophora plumipes	Solitary	Male	whole body	Germany	RNA	PRJNA252326	2011	April	Paired	CDNA	Illumina HiSeq 2000	Illumina	Illumina HiSeq	Anthophora	Apidae	Apinae	Anthophorini	whole body	whole body	Europe	Solitary
SRR1503136	-0.231120912235611	-0.0361350231955139	-0.193407407599625	-0.161427366297648	-0.317443960259394	-0.0453671835435637	-0.0911413710930217	Xylocopa violacea	Solitary	Male	whole body	Germany	RNA	PRJNA252333	2011	April	Paired	CDNA	Illumina HiSeq 2000	Illumina	Illumina HiSeq	Xylocopa	Apidae	Xylocopinae	Xylocopini	whole body	whole body	Europe	Solitary
SRR15496106	-0.26990142161349	0.116527753428694	0.00312481579334985	0.0611393972692494	0.0481809871920485	0.0193270470707725	0.0243510457297913	Apis mellifera	Eusocial	Female	abdomen	China	RNA	PRJNA754836	2021	May	Paired	PCR	Illumina NovaSeq 6000	Illumina	Illumina NovaSeq	Apis	Apidae	Apinae	Apini	abdomen	abdomen	Asia	Complex Eusocial
SRR15496107	-0.28524566416986	0.105671653469405	0.0179289481249668	0.0582662069180968	0.0471863285815063	0.0504520367465025	0.027683435404689	Apis mellifera	Eusocial	Female	abdomen	China	RNA	PRJNA754836	2021	May	Paired	PCR	Illumina NovaSeq 6000	Illumina	Illumina NovaSeq	Apis	Apidae	Apinae	Apini	abdomen	abdomen	Asia	Complex Eusocial
SRR15496108	-0.190329040533009	0.121095375000905	-0.0222515153169396	-0.00352798272830086	0.0573951223720728	-0.165068252590429	0.153359905984413	Apis mellifera	Eusocial	Female	abdomen	China	RNA	PRJNA754836	2021	May	Paired	PCR	Illumina NovaSeq 6000	Illumina	Illumina NovaSeq	Apis	Apidae	Apinae	Apini	abdomen	abdomen	Asia	Complex Eusocial
SRR15496109	-0.209532533443709	0.100591045950642	-0.00588820306122571	-0.0459669031502533	0.0691659233871139	-0.178934840998353	0.17111964200966	Apis mellifera	Eusocial	Female	abdomen	China	RNA	PRJNA754836	2021	May	Paired	PCR	Illumina NovaSeq 6000	Illumina	Illumina NovaSeq	Apis	Apidae	Apinae	Apini	abdomen	abdomen	Asia	Complex Eusocial
SRR15496114	-0.221786246548888	0.147930785140098	-0.0542193933555916	0.0790205046952889	0.111907008568359	0.00189677800534845	0.0346747012436868	Apis mellifera	Eusocial	Female	abdomen	China	RNA	PRJNA754836	2021	May	Paired	PCR	Illumina NovaSeq 6000	Illumina	Illumina NovaSeq	Apis	Apidae	Apinae	Apini	abdomen	abdomen	Asia	Complex Eusocial
SRR15496115	-0.209538534380154	0.155129972684244	-0.0479621305716525	0.0540626161218413	0.119255951100205	-0.0218777510656729	0.031023492500356	Apis mellifera	Eusocial	Female	abdomen	China	RNA	PRJNA754836	2021	May	Paired	PCR	Illumina NovaSeq 6000	Illumina	Illumina NovaSeq	Apis	Apidae	Apinae	Apini	abdomen	abdomen	Asia	Complex Eusocial
SRR17475010	-0.00099032824203992	-0.13572778625559	0.318878335067784	-0.160246877863877	-0.260776804248584	-0.0787704602063198	-0.0179417933733778	Apis mellifera	Eusocial	Female	abdomen	China	RNA	PRJNA793424	2020	September	Paired	RANDOM	Illumina NovaSeq 6000	Illumina	Illumina NovaSeq	Apis	Apidae	Apinae	Apini	abdomen	abdomen	Asia	Complex Eusocial
SRR17475011	-0.0205158273429551	-0.155950071335818	0.31722034356679	-0.174215947043617	-0.262908241893127	-0.0560618285058708	-0.0253794439507447	Apis mellifera	Eusocial	Female	abdomen	China	RNA	PRJNA793424	2020	September	Paired	RANDOM	Illumina NovaSeq 6000	Illumina	Illumina NovaSeq	Apis	Apidae	Apinae	Apini	abdomen	abdomen	Asia	Complex Eusocial
SRR17475012	-0.0154051779710145	-0.326580023294174	0.278149279053115	-0.278828904125217	-0.232884356855596	0.116756098687484	-0.00789978604829289	Apis mellifera	Eusocial	Female	abdomen	China	RNA	PRJNA793424	2020	September	Paired	RANDOM	Illumina NovaSeq 6000	Illumina	Illumina NovaSeq	Apis	Apidae	Apinae	Apini	abdomen	abdomen	Asia	Complex Eusocial
SRR17475013	0.0154296686315738	-0.126828327324297	0.308300736371662	-0.159311572586904	-0.271563247235835	-0.0929693649020342	-0.0140944007697465	Apis mellifera	Eusocial	Female	abdomen	China	RNA	PRJNA793424	2020	September	Paired	RANDOM	Illumina NovaSeq 6000	Illumina	Illumina NovaSeq	Apis	Apidae	Apinae	Apini	abdomen	abdomen	Asia	Complex Eusocial
SRR17475014	0.0571917876452665	-0.325628961885951	-0.0509987970269703	0.0615328193449207	-0.00700423917024252	-0.0362456102198643	-0.00883904919066086	Apis mellifera	Eusocial	Female	abdomen	China	RNA	PRJNA793424	2020	September	Paired	RANDOM	Illumina NovaSeq 6000	Illumina	Illumina NovaSeq	Apis	Apidae	Apinae	Apini	abdomen	abdomen	Asia	Complex Eusocial
SRR1790685	-0.0355400556282591	0.149534269742378	-0.102294392228254	0.195933870803581	-0.151252663802924	-0.22877642060725	0.119144143488008	Apis mellifera	Eusocial	Female	pool of abdomens and fat bodies	California	RNA	PRJNA274674	2015	NA	Paired	CDNA	Illumina HiSeq 2000	Illumina	Illumina HiSeq	Apis	Apidae	Apinae	Apini	abdomen and fatbody, pooled	abdomen and fat body	North America	Complex Eusocial
SRR1790686	-0.0309573261750747	0.0145920647232945	-0.10296857235674	-0.213620561590107	-0.144362732565881	0.122696033870884	0.264826944912483	Apis mellifera	Eusocial	Female	pool of abdomens and fat bodies	California	RNA	PRJNA274674	2015	NA	Paired	CDNA	Illumina HiSeq 2000	Illumina	Illumina HiSeq	Apis	Apidae	Apinae	Apini	abdomen and fatbody, pooled	abdomen and fat body	North America	Complex Eusocial
SRR1790687	0.0697223289203191	0.0108390906378761	-0.158499016325481	-0.246033520786333	-0.135103782326891	0.104646884380744	0.276663428676222	Apis mellifera	Eusocial	Female	pool of abdomens and fat bodies	California	RNA	PRJNA274674	2015	NA	Paired	CDNA	Illumina HiSeq 2000	Illumina	Illumina HiSeq	Apis	Apidae	Apinae	Apini	abdomen and fatbody, pooled	abdomen and fat body	North America	Complex Eusocial
SRR18500042	-0.118204726640963	0.028025962157329	-0.172227897786485	0.0674890538894846	-0.0154282822258112	0.0569000641387299	-0.105899786019014	Apis mellifera	Eusocial	Female	pooled whole bodies	New Zealand	RNA	PRJNA820512	2021	NA	Paired	NA	Illumina NovaSeq 6000	Illumina	Illumina NovaSeq	Apis	Apidae	Apinae	Apini	whole body, pooled	whole body	Oceania	Complex Eusocial
SRR18500043	-0.0973101429749201	0.184264123227226	-0.121083739343251	0.043982812444455	-0.0970648846049703	-0.0951305021706006	0.0251906908634601	Apis mellifera	Eusocial	Female	pooled whole bodies	New Zealand	RNA	PRJNA820512	2021	NA	Paired	NA	Illumina NovaSeq 6000	Illumina	Illumina NovaSeq	Apis	Apidae	Apinae	Apini	whole body, pooled	whole body	Oceania	Complex Eusocial
SRR18500044	-0.21315675796154	0.154912947817178	-0.0783098422202167	0.0882715134717048	0.00669605947772081	-0.0385017086017492	-0.00668029005707742	Apis mellifera	Eusocial	Female	pooled whole bodies	New Zealand	RNA	PRJNA820512	2021	NA	Paired	NA	Illumina NovaSeq 6000	Illumina	Illumina NovaSeq	Apis	Apidae	Apinae	Apini	whole body, pooled	whole body	Oceania	Complex Eusocial
SRR18500045	-0.143596153700079	0.178078224438805	-0.131429350698869	0.0591276889709906	-0.0748326352019151	-0.096268015965706	0.000440934702490339	Apis mellifera	Eusocial	Female	pooled whole bodies	New Zealand	RNA	PRJNA820512	2021	NA	Paired	NA	Illumina NovaSeq 6000	Illumina	Illumina NovaSeq	Apis	Apidae	Apinae	Apini	whole body, pooled	whole body	Oceania	Complex Eusocial
SRR18500050	-0.148271008663639	0.193814817985797	-0.0869979961051531	0.0104753150950504	-0.0293901730100647	-0.0171201675204274	-0.0368047440523339	Apis mellifera	Eusocial	Female	pooled whole bodies	New Zealand	RNA	PRJNA820512	2021	NA	Paired	NA	Illumina NovaSeq 6000	Illumina	Illumina NovaSeq	Apis	Apidae	Apinae	Apini	whole body, pooled	whole body	Oceania	Complex Eusocial
SRR18500061	-0.221834679843641	0.11987261158463	-0.154052667781443	-0.0366451729628861	-0.136237558425907	-0.0165939172874055	-0.138436715489284	Apis mellifera	Eusocial	Female	pooled whole bodies	New Zealand	RNA	PRJNA820512	2021	NA	Paired	NA	Illumina NovaSeq 6000	Illumina	Illumina NovaSeq	Apis	Apidae	Apinae	Apini	whole body, pooled	whole body	Oceania	Complex Eusocial
SRR18500072	-0.121209541936778	0.190512550069012	-0.0871706473715258	-0.010898593959734	-0.0489974380875199	-0.0176015221884822	-0.141213741956483	Apis mellifera	Eusocial	Female	pooled whole bodies	New Zealand	RNA	PRJNA820512	2021	NA	Paired	NA	Illumina NovaSeq 6000	Illumina	Illumina NovaSeq	Apis	Apidae	Apinae	Apini	whole body, pooled	whole body	Oceania	Complex Eusocial
SRR18500076	-0.178682331280588	0.168901857116862	-0.142863904366917	0.00729844902799756	-0.0931045354216414	-0.0785332619516293	-0.0575677754147984	Apis mellifera	Eusocial	Female	pooled whole bodies	New Zealand	RNA	PRJNA820512	2021	NA	Paired	NA	Illumina NovaSeq 6000	Illumina	Illumina NovaSeq	Apis	Apidae	Apinae	Apini	whole body, pooled	whole body	Oceania	Complex Eusocial
SRR18500077	-0.269847809830951	0.109959036483479	-0.0438829732493281	-0.0139888570799872	-0.00912563014464184	0.0290075701813287	-0.076317869408997	Apis mellifera	Eusocial	Female	pooled whole bodies	New Zealand	RNA	PRJNA820512	2021	NA	Paired	NA	Illumina NovaSeq 6000	Illumina	Illumina NovaSeq	Apis	Apidae	Apinae	Apini	whole body, pooled	whole body	Oceania	Complex Eusocial
SRR18500078	-0.263398856470065	0.121456216825403	-0.08336912447481	-0.0445131495658007	-0.0352800056640195	0.0196998273462039	-0.0689919294512512	Apis mellifera	Eusocial	Female	pooled whole bodies	New Zealand	RNA	PRJNA820512	2021	NA	Paired	NA	Illumina NovaSeq 6000	Illumina	Illumina NovaSeq	Apis	Apidae	Apinae	Apini	whole body, pooled	whole body	Oceania	Complex Eusocial
SRR18500079	-0.244764230202125	0.142749321589407	-0.0152866407812165	-0.0658476528036023	0.0240366530681615	-0.0344641053326078	-0.0501209739571036	Apis mellifera	Eusocial	Female	pooled whole bodies	New Zealand	RNA	PRJNA820512	2021	NA	Paired	NA	Illumina NovaSeq 6000	Illumina	Illumina NovaSeq	Apis	Apidae	Apinae	Apini	whole body, pooled	whole body	Oceania	Complex Eusocial
SRR18500080	-0.192744980433236	0.170833318377782	-0.0680704754584353	0.0425905314843993	-0.034008580268264	-0.0670737227425918	0.0211801766118801	Apis mellifera	Eusocial	Female	pooled whole bodies	New Zealand	RNA	PRJNA820512	2021	NA	Paired	NA	Illumina NovaSeq 6000	Illumina	Illumina NovaSeq	Apis	Apidae	Apinae	Apini	whole body, pooled	whole body	Oceania	Complex Eusocial
SRR18500081	-0.21372043923959	0.15652574760683	-0.0916984910639254	0.0388813741849397	-0.0384137544066172	-0.0420178758099995	-0.0686918708296095	Apis mellifera	Eusocial	Female	pooled whole bodies	New Zealand	RNA	PRJNA820512	2021	NA	Paired	NA	Illumina NovaSeq 6000	Illumina	Illumina NovaSeq	Apis	Apidae	Apinae	Apini	whole body, pooled	whole body	Oceania	Complex Eusocial
SRR18500082	-0.221028407599623	0.156255829355784	-0.0746107805356432	-0.000707015851062864	-0.00227254433516402	-0.0452110890395337	-0.0626416608904326	Apis mellifera	Eusocial	Female	pooled whole bodies	New Zealand	RNA	PRJNA820512	2021	NA	Paired	NA	Illumina NovaSeq 6000	Illumina	Illumina NovaSeq	Apis	Apidae	Apinae	Apini	whole body, pooled	whole body	Oceania	Complex Eusocial
SRR18500083	-0.233451658389717	0.132757722160515	-0.1537350728333	-0.0152251203369426	-0.108025178083311	-0.00896076242493167	-0.0673262926020406	Apis mellifera	Eusocial	Female	pooled whole bodies	New Zealand	RNA	PRJNA820512	2021	NA	Paired	NA	Illumina NovaSeq 6000	Illumina	Illumina NovaSeq	Apis	Apidae	Apinae	Apini	whole body, pooled	whole body	Oceania	Complex Eusocial
SRR18500084	-0.186388904805052	0.174935180821586	-0.0842502609337577	0.0259237449255988	-0.0225753312588905	-0.0543379638668228	-0.0321193892162323	Apis mellifera	Eusocial	Female	pooled whole bodies	New Zealand	RNA	PRJNA820512	2021	NA	Paired	NA	Illumina NovaSeq 6000	Illumina	Illumina NovaSeq	Apis	Apidae	Apinae	Apini	whole body, pooled	whole body	Oceania	Complex Eusocial
SRR18500085	-0.181198472027689	0.182244605554722	-0.0865966584451053	-0.0318211104731488	-0.0387364192931469	-0.00775409173310914	-0.0303377295718536	Apis mellifera	Eusocial	Female	pooled whole bodies	New Zealand	RNA	PRJNA820512	2021	NA	Paired	NA	Illumina NovaSeq 6000	Illumina	Illumina NovaSeq	Apis	Apidae	Apinae	Apini	whole body, pooled	whole body	Oceania	Complex Eusocial
SRR18500086	-0.214706952500755	0.151377067311644	-0.0550585255521141	0.0232943272880136	-0.00765300800355948	0.006160611688865	-0.0979337956306036	Apis mellifera	Eusocial	Female	pooled whole bodies	New Zealand	RNA	PRJNA820512	2021	NA	Paired	NA	Illumina NovaSeq 6000	Illumina	Illumina NovaSeq	Apis	Apidae	Apinae	Apini	whole body, pooled	whole body	Oceania	Complex Eusocial
SRR18500087	-0.218683017067522	0.132955675530534	-0.163338388560356	0.00912315450654505	-0.15372424341727	-0.0394709455456193	-0.0782611736202236	Apis mellifera	Eusocial	Female	pooled whole bodies	New Zealand	RNA	PRJNA820512	2021	NA	Paired	NA	Illumina NovaSeq 6000	Illumina	Illumina NovaSeq	Apis	Apidae	Apinae	Apini	whole body, pooled	whole body	Oceania	Complex Eusocial
SRR18500088	-0.13421475409024	0.208549489689163	-0.0730641667554674	0.0411239670647197	-0.02200482698877	0.0386985172498191	-0.0690281315315453	Apis mellifera	Eusocial	Female	pooled whole bodies	New Zealand	RNA	PRJNA820512	2021	NA	Paired	NA	Illumina NovaSeq 6000	Illumina	Illumina NovaSeq	Apis	Apidae	Apinae	Apini	whole body, pooled	whole body	Oceania	Complex Eusocial
SRR18500089	-0.035540082593459	0.14953425141838	-0.102294400585259	0.195933886382447	-0.151252678765434	-0.228776406962244	0.119144165080203	Apis mellifera	Eusocial	Female	pooled whole bodies	New Zealand	RNA	PRJNA820512	2021	NA	Paired	NA	Illumina NovaSeq 6000	Illumina	Illumina NovaSeq	Apis	Apidae	Apinae	Apini	whole body, pooled	whole body	Oceania	Complex Eusocial
SRR18500090	-0.183158293426987	0.166929388162431	-0.101101831937348	0.0385808833297051	-0.050860756335686	-0.0770017106075882	-0.00988536817560143	Apis mellifera	Eusocial	Female	pooled whole bodies	New Zealand	RNA	PRJNA820512	2021	NA	Paired	NA	Illumina NovaSeq 6000	Illumina	Illumina NovaSeq	Apis	Apidae	Apinae	Apini	whole body, pooled	whole body	Oceania	Complex Eusocial
SRR18500091	-0.206070056127816	0.135335000215156	-0.115888319226977	-0.0720867648075335	-0.0891514843952663	0.0819484921071445	-0.0230602279317078	Apis mellifera	Eusocial	Female	pooled whole bodies	New Zealand	RNA	PRJNA820512	2021	NA	Paired	NA	Illumina NovaSeq 6000	Illumina	Illumina NovaSeq	Apis	Apidae	Apinae	Apini	whole body, pooled	whole body	Oceania	Complex Eusocial
SRR2001612	0.141106069912176	-0.0158370584713058	-0.0295206548907701	-0.120953179228875	-0.13624296121793	0.209849247869492	-0.312139054578089	Habropoda laboriosa	Solitary	Male	whole body	Florida	RNA	PRJNA279436	2011	NA	Paired	Other	Illumina HiSeq 2000	Illumina	Illumina HiSeq	Habropoda	Apidae	Apinae	Anthophorini	whole body	whole body	North America	Solitary
SRR2001766	0.120909879126845	-0.00492806762632841	0.0570060025937355	-0.343391687846301	0.150836183914513	-0.0252044085175695	-0.0306558996045344	Dufourea novaeangliae	Solitary	Male	whole body	Canada	RNA	PRJNA279825	2011	NA	Paired	Other	Illumina HiSeq 2000	Illumina	Illumina HiSeq	Dufourea	Halictidae	Rophitinae	Rophitini	whole body	whole body	North America	Solitary
SRR2396653	0.140422533364671	0.00871503586292663	0.09216433713938	-0.014403579111264	-0.0361673632995819	0.337782229747966	-0.166086554344964	Bombus terrestris	Eusocial	Queen	abdomen with fat bodies	Israel	RNA	PRJNA295976	2015	NA	Single	CDNA	Illumina Genome Analyzer	Illumina	Illumina Genome Analyzer	Bombus	Apidae	Apinae	Bombini	abdomen and fatbody	abdomen and fat body	Asia	Primitive Eusocial
SRR2895245	0.053159810711034	-0.327692999509775	-0.0942144533336415	0.0832816566464588	0.0350108645876582	-0.02760962177308	-0.00669370596959725	Osmia bicornis	Solitary	Female	whole body	Germany	RNA	PRJNA285788	2016	May	Paired	POLYA	Illumina HiSeq 2000	Illumina	Illumina HiSeq	Osmia	Megachilidae	Megachilinae	Osmiini	whole body	whole body	Europe	Solitary
SRR2895246	0.0933527166872238	-0.271945991256684	-0.0655037238282914	0.107801352915612	-0.022575910494947	0.0673072946637269	0.008125878773922	Osmia bicornis	Solitary	Female	whole body	Germany	RNA	PRJNA285788	2016	May	Paired	POLYA	Illumina HiSeq 2000	Illumina	Illumina HiSeq	Osmia	Megachilidae	Megachilinae	Osmiini	whole body	whole body	Europe	Solitary
SRR2895247	0.0899092243250027	-0.288686090660382	-0.0825508428480006	0.0515034114354609	0.0130370151392182	0.0520663040431174	-0.0454632241740805	Osmia bicornis	Solitary	Female	whole body	Germany	RNA	PRJNA285788	2016	May	Paired	POLYA	Illumina HiSeq 2000	Illumina	Illumina HiSeq	Osmia	Megachilidae	Megachilinae	Osmiini	whole body	whole body	Europe	Solitary
SRR2895248	0.107693809643967	-0.275473587453765	-0.0307125368002731	0.100578180148634	0.0497812726007264	0.0695858588111822	0.0421979618858271	Osmia bicornis	Solitary	Female	whole body	Germany	RNA	PRJNA285788	2016	May	Paired	POLYA	Illumina HiSeq 2000	Illumina	Illumina HiSeq	Osmia	Megachilidae	Megachilinae	Osmiini	whole body	whole body	Europe	Solitary
SRR2895249	0.059111128047742	-0.320713034619371	-0.0818819740404404	0.0395333880702639	0.0501895118042132	-0.0313152003329235	-0.00935722234719591	Osmia bicornis	Solitary	Male	whole body	Germany	RNA	PRJNA285788	2016	May	Paired	POLYA	Illumina HiSeq 2000	Illumina	Illumina HiSeq	Osmia	Megachilidae	Megachilinae	Osmiini	whole body	whole body	Europe	Solitary
SRR2895250	0.0546472720778099	-0.324798971377735	-0.0850487121722978	0.0568648430269121	0.044811280943331	-0.029310942767986	-0.0076963141384591	Osmia bicornis	Solitary	Male	whole body	Germany	RNA	PRJNA285788	2016	May	Paired	POLYA	Illumina HiSeq 2000	Illumina	Illumina HiSeq	Osmia	Megachilidae	Megachilinae	Osmiini	whole body	whole body	Europe	Solitary
SRR2895251	0.0620860297481203	-0.31680888363555	-0.0945867487255352	0.0379340793340257	0.0317196998072222	0.0248546689114575	-0.0114606104785461	Osmia bicornis	Solitary	Male	whole body	Germany	RNA	PRJNA285788	2016	May	Paired	POLYA	Illumina HiSeq 2000	Illumina	Illumina HiSeq	Osmia	Megachilidae	Megachilinae	Osmiini	whole body	whole body	Europe	Solitary
SRR2915407	0.119710382955814	0.049621671344863	0.0448804568019077	0.259666947324513	-0.298647261857155	0.160292970234787	0.00369479056783211	Ceratina australensis	Polymorphic	Unknown	whole body	Australia	RNA	PRJNA302035	2014	December	Paired	CDNA	Illumina HiSeq 2500	Illumina	Illumina HiSeq	Ceratina	Apidae	Xylocopinae	Ceratini	whole body	whole body	Oceania	Polymorphic
SRR2954866	0.0281792615836496	-0.0142441149801142	0.0952008341789055	0.288679608624512	-0.296494072119146	0.18722409050133	0.0208331354955321	Ceratina australensis	Polymorphic	Unknown	whole body	Australia	RNA	PRJNA302035	2014	December	Paired	CDNA	Illumina HiSeq 2500	Illumina	Illumina HiSeq	Ceratina	Apidae	Xylocopinae	Ceratini	whole body	whole body	Oceania	Polymorphic
SRR3383868	-0.315683498395164	0.0470775772250078	0.0566449886807432	0.00294602649072711	0.107098710938674	0.0461808560456499	0.058197118038136	Bombus terrestris	Eusocial	Female	head and abdomen (pooled 5 queens)	Belgium	RNA	PRJNA318490	2015	NA	Single	CDNA	Ion Torrent PGM	Ion Torrent	Ion Torrent	Bombus	Apidae	Apinae	Bombini	abdomen and head, pooled	abdomen and head	Europe	Primitive Eusocial
SRR3383869	-0.282114017273705	0.0727775691142449	0.0655306044649779	0.058743126041895	0.107283547414046	0.109590993127838	0.0566331005119052	Bombus pascuorum	Eusocial	Female	head and abdomen (pooled 5 queens)	Belgium	RNA	PRJNA318490	2015	NA	Single	CDNA	Ion Torrent PGM	Ion Torrent	Ion Torrent	Bombus	Apidae	Apinae	Bombini	abdomen and head, pooled	abdomen and head	Europe	Primitive Eusocial
SRR3383871	0.0320546704248964	-0.112118554005833	0.0490159342116731	-0.407823195763335	0.216891303494483	-0.024585352371586	-0.0357517781371801	Andrena vaga	Solitary	Female	head and abdomen (pooled 5 females)	Belgium	RNA	PRJNA318490	2015	NA	Single	CDNA	Ion Torrent PGM	Ion Torrent	Ion Torrent	Andrena	Andrenidae	Andreninae	Andrenini	abdomen and head, pooled	abdomen and head	Europe	Solitary
SRR3948521	0.040519763608024	-0.0589508337530663	0.248124904888815	-0.0375911897519526	0.214052946605739	0.150964382293479	0.24726651877338	Megalopta genalis	Polymorphic	Female	whole body	Panama	RNA	PRJNA331103	2013	July	Paired	POLYA	Illumina HiSeq 2500	Illumina	Illumina HiSeq	Megalopta	Halictidae	Halictinae	Augochlorini	whole body	whole body	North America	Polymorphic
SRR3948528	0.197800448640732	0.078233300005144	0.280279176406718	0.170377171287501	0.135149053695209	0.0172979286726332	-0.048134033217407	Megalopta genalis	Polymorphic	Female	whole body	Panama	RNA	PRJNA331103	2014	July	Paired	POLYA	Illumina HiSeq 2500	Illumina	Illumina HiSeq	Megalopta	Halictidae	Halictinae	Augochlorini	whole body	whole body	North America	Polymorphic
SRR3948531	0.206913639944154	0.0762384165367599	0.27265455524372	0.144008127101905	0.153978343984877	-0.0517684536717917	-0.0707878991845004	Megalopta genalis	Polymorphic	Female	whole body	Panama	RNA	PRJNA331103	2014	July	Paired	POLYA	Illumina HiSeq 2500	Illumina	Illumina HiSeq	Megalopta	Halictidae	Halictinae	Augochlorini	whole body	whole body	North America	Polymorphic
SRR3948533	0.175608562930677	0.107224177470134	0.25372008641511	0.209271668129854	0.0902992812932587	0.0143480348957678	0.0836069747600356	Megalopta genalis	Polymorphic	Female	whole body	Panama	RNA	PRJNA331103	2014	July	Paired	POLYA	Illumina HiSeq 2500	Illumina	Illumina HiSeq	Megalopta	Halictidae	Halictinae	Augochlorini	whole body	whole body	North America	Polymorphic
SRR3948536	0.0559701500210165	-0.0123137665692418	0.176426266674538	-0.0368391740128176	0.172308356489378	7.07861023370996e-06	0.354377478826048	Megalopta genalis	Polymorphic	Female	whole body	Panama	RNA	PRJNA331103	2013	July	Paired	POLYA	Illumina HiSeq 2500	Illumina	Illumina HiSeq	Megalopta	Halictidae	Halictinae	Augochlorini	whole body	whole body	North America	Polymorphic
SRR3948537	0.158374810893067	0.0962161852154075	0.265873797867143	0.10586007459489	0.203301784516784	-0.056782601174532	0.0692167688296727	Megalopta genalis	Polymorphic	Female	whole body	Panama	RNA	PRJNA331103	2014	July	Paired	POLYA	Illumina HiSeq 2500	Illumina	Illumina HiSeq	Megalopta	Halictidae	Halictinae	Augochlorini	whole body	whole body	North America	Polymorphic
SRR3948540	0.180550601796847	0.0922738191813897	0.27230419804753	0.167958693000321	0.151574621618901	-0.0280554610447032	-0.0481573176275358	Megalopta genalis	Polymorphic	Female	whole body	Panama	RNA	PRJNA331103	2014	May	Paired	POLYA	Illumina HiSeq 2500	Illumina	Illumina HiSeq	Megalopta	Halictidae	Halictinae	Augochlorini	whole body	whole body	North America	Polymorphic
SRR3948542	0.16596300258443	0.109046690695351	0.26163341786861	0.143858837113157	0.175588312483269	-0.0586346075794396	0.0636792037601381	Megalopta genalis	Polymorphic	Female	whole body	Panama	RNA	PRJNA331103	2014	May	Paired	POLYA	Illumina HiSeq 2500	Illumina	Illumina HiSeq	Megalopta	Halictidae	Halictinae	Augochlorini	whole body	whole body	North America	Polymorphic
SRR3948544	0.176398250663429	0.0987395065435593	0.245941599197784	0.121424895670647	0.158837451013759	0.00419565726211321	0.124065957622353	Megalopta genalis	Polymorphic	Female	whole body	Panama	RNA	PRJNA331103	2014	April	Paired	POLYA	Illumina HiSeq 2500	Illumina	Illumina HiSeq	Megalopta	Halictidae	Halictinae	Augochlorini	whole body	whole body	North America	Polymorphic
SRR3948548	-0.0114420240985834	-0.161153342869521	0.316413716473709	-0.0619192919356995	0.128681460161398	0.298670518277818	0.0450631136297233	Megalopta genalis	Polymorphic	Female	whole body	Panama	RNA	PRJNA331103	2014	July	Paired	POLYA	Illumina HiSeq 2500	Illumina	Illumina HiSeq	Megalopta	Halictidae	Halictinae	Augochlorini	whole body	whole body	North America	Polymorphic
SRR3948550	0.188419481175393	0.0977303813824417	0.268647967098262	0.174551915077992	0.132505814615035	-0.0500399008810049	-0.0575692307771145	Megalopta genalis	Polymorphic	Female	whole body	Panama	RNA	PRJNA331103	2014	April	Paired	POLYA	Illumina HiSeq 2500	Illumina	Illumina HiSeq	Megalopta	Halictidae	Halictinae	Augochlorini	whole body	whole body	North America	Polymorphic
SRR3948554	0.197129133326979	0.0827725775355871	0.27632941848772	0.184529968666637	0.130950740820036	-0.00978664588969033	-0.0636888432496641	Megalopta genalis	Polymorphic	Female	whole body	Panama	RNA	PRJNA331103	2014	May	Paired	POLYA	Illumina HiSeq 2500	Illumina	Illumina HiSeq	Megalopta	Halictidae	Halictinae	Augochlorini	whole body	whole body	North America	Polymorphic
SRR3948556	0.18811909998305	0.0778796952701068	0.268487725978819	0.103766470481548	0.126160662273758	0.133104024406367	0.0311987262873967	Megalopta genalis	Polymorphic	Female	whole body	Panama	RNA	PRJNA331103	2014	April	Paired	POLYA	Illumina HiSeq 2500	Illumina	Illumina HiSeq	Megalopta	Halictidae	Halictinae	Augochlorini	whole body	whole body	North America	Polymorphic
SRR3948560	0.171283246387427	0.111690742228182	0.265954288526807	0.214059129080964	0.131065099664195	-0.0613121639501137	-0.0266977348093681	Megalopta genalis	Polymorphic	Female	whole body	Panama	RNA	PRJNA331103	2014	May	Paired	POLYA	Illumina HiSeq 2500	Illumina	Illumina HiSeq	Megalopta	Halictidae	Halictinae	Augochlorini	whole body	whole body	North America	Polymorphic
SRR3948563	0.188158247024171	0.0966600167976526	0.271588359095547	0.171981073174485	0.13084931617377	-0.020603247965259	-0.0538079001819942	Megalopta genalis	Polymorphic	Female	whole body	Panama	RNA	PRJNA331103	2014	March	Paired	POLYA	Illumina HiSeq 2500	Illumina	Illumina HiSeq	Megalopta	Halictidae	Halictinae	Augochlorini	whole body	whole body	North America	Polymorphic
SRR3948564	0.189195744943327	0.123606823903845	0.274634735939364	0.175696773808529	0.122127201228769	-0.0514067141898559	-0.0614062436788511	Megalopta genalis	Polymorphic	Female	whole body	Panama	RNA	PRJNA331103	2014	May	Paired	POLYA	Illumina HiSeq 2500	Illumina	Illumina HiSeq	Megalopta	Halictidae	Halictinae	Augochlorini	whole body	whole body	North America	Polymorphic
SRR3948566	0.194529320242698	0.1111986461264	0.268663555050961	0.189517503181544	0.130796288908946	-0.0593497126824195	-0.0686117485582346	Megalopta genalis	Polymorphic	Female	whole body	Panama	RNA	PRJNA331103	2014	July	Paired	POLYA	Illumina HiSeq 2500	Illumina	Illumina HiSeq	Megalopta	Halictidae	Halictinae	Augochlorini	whole body	whole body	North America	Polymorphic
SRR3948568	0.177086093783412	0.0990220313482859	0.26902702687772	0.154551708298998	0.147743628034665	0.0152149370223778	0.0120398662763389	Megalopta genalis	Polymorphic	Female	whole body	Panama	RNA	PRJNA331103	2014	May	Paired	POLYA	Illumina HiSeq 2500	Illumina	Illumina HiSeq	Megalopta	Halictidae	Halictinae	Augochlorini	whole body	whole body	North America	Polymorphic
SRR3948570	0.155619403874097	0.0909012355266536	0.283313920332532	0.170125535446521	0.172639483403336	-0.0575418988998698	0.0115247181821574	Megalopta genalis	Polymorphic	Female	whole body	Panama	RNA	PRJNA331103	2014	May	Paired	POLYA	Illumina HiSeq 2500	Illumina	Illumina HiSeq	Megalopta	Halictidae	Halictinae	Augochlorini	whole body	whole body	North America	Polymorphic
SRR3948572	0.183998069605093	0.113809609597039	0.257304962916984	0.17087119459112	0.118817699419358	0.000315430729813459	0.0460808680811635	Megalopta genalis	Polymorphic	Female	whole body	Panama	RNA	PRJNA331103	2014	May	Paired	POLYA	Illumina HiSeq 2500	Illumina	Illumina HiSeq	Megalopta	Halictidae	Halictinae	Augochlorini	whole body	whole body	North America	Polymorphic
SRR3948575	0.179406539817186	0.116631979679694	0.263432772889947	0.150342888836644	0.14634873088292	-0.0464253860924043	0.00512597561782542	Megalopta genalis	Polymorphic	Female	whole body	Panama	RNA	PRJNA331103	2014	June	Paired	POLYA	Illumina HiSeq 2500	Illumina	Illumina HiSeq	Megalopta	Halictidae	Halictinae	Augochlorini	whole body	whole body	North America	Polymorphic
SRR3948577	0.194029376968088	0.0815271300779553	0.276630940343058	0.131123439657461	0.126949090253343	0.0703107563698215	-0.019293209237005	Megalopta genalis	Polymorphic	Female	whole body	Panama	RNA	PRJNA331103	2014	July	Paired	POLYA	Illumina HiSeq 2500	Illumina	Illumina HiSeq	Megalopta	Halictidae	Halictinae	Augochlorini	whole body	whole body	North America	Polymorphic
SRR5109820	-0.181516115378207	0.0250392765014186	-0.0103975571431579	-0.108373306938043	0.12998230417287	0.0354182045829305	-0.0653146630444165	Apis mellifera	Eusocial	Female	whole body	South Africa	RNA	PRJNA357165	2013	March	Paired	RANDOM	Illumina HiSeq 2000	Illumina	Illumina HiSeq	Apis	Apidae	Apinae	Apini	whole body	whole body	Africa	Complex Eusocial
SRR5109826	-0.279600714317572	0.0855653898346363	0.0210246839178662	-0.0496284777143011	0.0844072391762384	0.0337149996865346	-0.0283725805133958	Apis mellifera	Eusocial	Female	whole body	South Africa	RNA	PRJNA357165	2013	March	Paired	RANDOM	Illumina HiSeq 2000	Illumina	Illumina HiSeq	Apis	Apidae	Apinae	Apini	whole body	whole body	Africa	Complex Eusocial
SRR5109829	-0.272415968495375	0.0926541994993808	0.0327627321712876	0.0445120582878912	0.0334613562142739	0.0439748026619654	-0.106480718725952	Apis mellifera	Eusocial	Female	whole body	Netherlands	RNA	PRJNA357165	2014	July	Paired	RANDOM	Illumina HiSeq 2000	Illumina	Illumina HiSeq	Apis	Apidae	Apinae	Apini	whole body	whole body	Europe	Complex Eusocial
SRR5109831	-0.211594424570628	-0.0670435027108248	-0.0388041906248445	0.0510760984139341	0.0854339124726247	0.019688880191211	-0.0262129613379655	Apis mellifera	Eusocial	Female	whole body	South Africa	RNA	PRJNA357165	2013	March	Paired	RANDOM	Illumina HiSeq 2000	Illumina	Illumina HiSeq	Apis	Apidae	Apinae	Apini	whole body	whole body	Africa	Complex Eusocial
SRR5109832	-0.243792903831312	0.12302763825247	-0.000995605889463009	-0.0358441693512737	0.0893744295947668	0.0633970914370726	-0.00805043212485212	Apis mellifera	Eusocial	Female	whole body	South Africa	RNA	PRJNA357165	2013	March	Paired	RANDOM	Illumina HiSeq 2000	Illumina	Illumina HiSeq	Apis	Apidae	Apinae	Apini	whole body	whole body	Africa	Complex Eusocial
SRR5109833	-0.247852454307099	-0.0170844555133554	-0.0265876114660595	0.0162160352110446	0.0934543063100189	-0.0107173553862788	-0.0161707502964142	Apis mellifera	Eusocial	Female	whole body	South Africa	RNA	PRJNA357165	2013	March	Paired	RANDOM	Illumina HiSeq 2000	Illumina	Illumina HiSeq	Apis	Apidae	Apinae	Apini	whole body	whole body	Africa	Complex Eusocial
SRR5117442	0.0416216090248486	-0.321520101863266	-0.0873588361076264	0.0750356390916838	0.0188248463097355	-0.0295826754429731	-0.0118375724290347	Apis mellifera	Eusocial	Female	whole body	Australia	RNA	PRJNA357523	2013	January	Paired	NA	Illumina HiSeq 2500	Illumina	Illumina HiSeq	Apis	Apidae	Apinae	Apini	whole body	whole body	Oceania	Complex Eusocial
SRR5117444	0.0239219514014708	-0.0165121532871752	0.0810833486770368	0.300515965821227	-0.325384536752048	0.195772294455922	0.0371937834677297	Apis mellifera	Eusocial	Female	whole body	Australia	RNA	PRJNA357523	2013	October	Paired	NA	Illumina HiSeq 2500	Illumina	Illumina HiSeq	Apis	Apidae	Apinae	Apini	whole body	whole body	Oceania	Complex Eusocial
SRR5117446	0.0590479758391411	-0.317096055102178	-0.0685021440409385	0.0848335540922892	0.0349527445858187	-0.028047881420496	-0.00397652507098475	Apis mellifera	Eusocial	Female	whole body	Australia	RNA	PRJNA357523	2014	June	Paired	NA	Illumina HiSeq 2500	Illumina	Illumina HiSeq	Apis	Apidae	Apinae	Apini	whole body	whole body	Oceania	Complex Eusocial
SRR5117447	-0.300208292070911	0.0508880282639419	0.0550956401970466	0.0416878303717971	0.048623312052347	0.0765665021517433	-0.148414318905146	Apis mellifera	Eusocial	Female	whole body	Australia	RNA	PRJNA357523	2014	August	Paired	NA	Illumina HiSeq 2500	Illumina	Illumina HiSeq	Apis	Apidae	Apinae	Apini	whole body	whole body	Oceania	Complex Eusocial
SRR5117448	0.0531598106863104	-0.327692999550078	-0.0942144533905321	0.0832816565401481	0.0350108643106283	-0.0276096218854685	-0.00669370592507323	Apis mellifera	Eusocial	Female	whole body	Australia	RNA	PRJNA357523	2014	November	Paired	NA	Illumina HiSeq 2500	Illumina	Illumina HiSeq	Apis	Apidae	Apinae	Apini	whole body	whole body	Oceania	Complex Eusocial
SRR5117450	-0.27602386016541	0.0616373706655834	0.095942313143468	0.0560398515973921	0.0548185461185056	0.106217875534116	-0.108054317066376	Apis mellifera	Eusocial	Female	whole body	Australia	RNA	PRJNA357523	2014	August	Paired	NA	Illumina HiSeq 2500	Illumina	Illumina HiSeq	Apis	Apidae	Apinae	Apini	whole body	whole body	Oceania	Complex Eusocial
SRR5253659	0.0731382927512409	-0.0378482787930052	0.14002012108087	-0.233340627897055	0.229264022614703	-0.126945040332771	0.185016854879241	Halictus sexcinctus	Polymorphic	Unknown	whole body	Switzerland	RNA	PRJNA374528	2017	NA	Single	RANDOM	Illumina HiSeq 2000	Illumina	Illumina HiSeq	Halictus	Halictidae	Halictinae	Halictini	whole body	whole body	Europe	Polymorphic
SRR5387735	-0.0873491448096935	0.00305286525233693	-0.15449344044911	0.111167450406183	-0.0169156404808062	-0.110039917217613	-0.00336220391653812	Apis mellifera	Eusocial	Unknown	whole body	China	RNA	PRJNA380316	2015	NA	Paired	POLYA	Illumina NextSeq 500	Illumina	Illumina NextSeq	Apis	Apidae	Apinae	Apini	whole body	whole body	Asia	Complex Eusocial
SRR5387737	-0.0812831091896828	-0.00805024346234429	-0.157535982800223	0.116146818244871	-0.0330823375862576	-0.112027234223579	0.0182473156494825	Apis mellifera	Eusocial	Unknown	whole body	China	RNA	PRJNA380316	2015	NA	Paired	POLYA	Illumina NextSeq 500	Illumina	Illumina NextSeq	Apis	Apidae	Apinae	Apini	whole body	whole body	Asia	Complex Eusocial
SRR5387738	-0.065009156830518	-0.0624872982280358	-0.153902370343056	0.108655695804057	-0.0125750425867322	-0.0982884087183408	0.00675043005641831	Apis mellifera	Eusocial	Unknown	whole body	China	RNA	PRJNA380316	2015	NA	Paired	POLYA	Illumina NextSeq 500	Illumina	Illumina NextSeq	Apis	Apidae	Apinae	Apini	whole body	whole body	Asia	Complex Eusocial
SRR6148364	0.0534552049791234	-0.325478506610562	-0.0909478335237195	0.0749236722588645	0.0365390366084719	-0.026758376592072	-0.00719286503461188	Osmia cornuta	Solitary	Female	pool of heads and abdomen	Belgium	RNA	PRJNA411946	2015	April	Paired	RANDOM	Illumina HiSeq 2500	Illumina	Illumina HiSeq	Osmia	Megachilidae	Megachilinae	Osmiini	abdomen and head, pooled	abdomen and head	Europe	Solitary
SRR6148365	0.0572564333191046	-0.323288935402381	-0.0784379706587718	0.0465119557535755	0.0381238783423884	-0.0302145714944285	-0.00989676995182109	Andrena cineraria	Solitary	Female	pool of heads and abdomen	Belgium	RNA	PRJNA411946	2015	May	Paired	RANDOM	Illumina HiSeq 2500	Illumina	Illumina HiSeq	Andrena	Andrenidae	Andreninae	Andrenini	abdomen and head, pooled	abdomen and head	Europe	Solitary
SRR6148366	0.0612797190970717	-0.288817046881097	-0.0847214980144503	0.0812069642799104	0.0445742437591378	-0.0312798400411668	-0.00877411794256046	Bombus pascuorum	Eusocial	Female	pool of heads and abdomen	Belgium	RNA	PRJNA411946	2015	May	Paired	RANDOM	Illumina HiSeq 2500	Illumina	Illumina HiSeq	Bombus	Apidae	Apinae	Bombini	abdomen and head, pooled	abdomen and head	Europe	Primitive Eusocial
SRR6148367	0.0522520879097223	-0.323957218170949	-0.0910644949688712	0.0586398332309169	0.0226559445724596	-0.0296125362112944	-0.0136786233039931	Andrena haemorrhoa	Solitary	Female	pool of heads and abdomen	Belgium	RNA	PRJNA411946	2015	May	Paired	RANDOM	Illumina HiSeq 2500	Illumina	Illumina HiSeq	Andrena	Andrenidae	Andreninae	Andrenini	abdomen and head, pooled	abdomen and head	Europe	Solitary
SRR6148368	0.0550709686532503	-0.319364247760851	-0.0796409886861284	0.0753208069253638	0.0190506841504672	-0.0320568912876265	-0.00527248555655307	Bombus terrestris	Eusocial	Female	pool of heads and abdomen	Belgium	RNA	PRJNA411946	2015	April	Paired	RANDOM	Illumina HiSeq 2500	Illumina	Illumina HiSeq	Bombus	Apidae	Apinae	Bombini	abdomen and head, pooled	abdomen and head	Europe	Primitive Eusocial
SRR6148369	-0.0035458500427333	-0.255031085468953	-0.091931456627999	0.0790749365093739	0.0415333720612716	-0.0098778747806391	-0.0196977416465569	Bombus pascuorum	Eusocial	Female	pool of heads and abdomen	Belgium	RNA	PRJNA411946	2015	April	Paired	RANDOM	Illumina HiSeq 2500	Illumina	Illumina HiSeq	Bombus	Apidae	Apinae	Bombini	abdomen and head, pooled	abdomen and head	Europe	Primitive Eusocial
SRR6148370	0.0547793218972966	-0.311541692092979	-0.0715158748049324	0.0837978317746181	0.0281120924632773	-0.0340226128871145	-0.00930396000010377	Bombus terrestris	Eusocial	Female	pool of heads and abdomen	Belgium	RNA	PRJNA411946	2015	April	Paired	RANDOM	Illumina HiSeq 2500	Illumina	Illumina HiSeq	Bombus	Apidae	Apinae	Bombini	abdomen and head, pooled	abdomen and head	Europe	Primitive Eusocial
SRR6148371	0.0662174109802174	-0.314452957130399	-0.0736959475266165	0.075759844833567	0.0302744821542341	-0.0355701187797333	-0.0146080394241981	Osmia cornuta	Solitary	Female	pool of heads and abdomen	Belgium	RNA	PRJNA411946	2015	April	Paired	RANDOM	Illumina HiSeq 2500	Illumina	Illumina HiSeq	Osmia	Megachilidae	Megachilinae	Osmiini	abdomen and head, pooled	abdomen and head	Europe	Solitary
SRR6148372	0.0508075827140043	-0.303176321078343	-0.0771203153155961	0.0877181433256276	0.0323290112559224	-0.0284436738023474	-0.00112041606957404	Bombus pascuorum	Eusocial	Female	pool of heads and abdomen	Belgium	RNA	PRJNA411946	2015	April	Paired	RANDOM	Illumina HiSeq 2500	Illumina	Illumina HiSeq	Bombus	Apidae	Apinae	Bombini	abdomen and head, pooled	abdomen and head	Europe	Primitive Eusocial
SRR6148373	0.0636153764542661	-0.318174312502254	-0.0702391223567939	0.0514022613366274	0.0485482905659218	-0.0294705035996392	-0.00889775657873654	Andrena fulva	Solitary	Female	pool of heads and abdomen	Belgium	RNA	PRJNA411946	2015	April	Paired	RANDOM	Illumina HiSeq 2500	Illumina	Illumina HiSeq	Andrena	Andrenidae	Andreninae	Andrenini	abdomen and head, pooled	abdomen and head	Europe	Solitary
SRR6148374	0.0504136612484897	-0.322260036465174	-0.0779419215846186	0.0796608691959107	0.019221792259527	-0.0287071135922947	-0.0168844811514927	Bombus terrestris	Eusocial	Female	pool of heads and abdomen	Belgium	RNA	PRJNA411946	2015	April	Paired	RANDOM	Illumina HiSeq 2500	Illumina	Illumina HiSeq	Bombus	Apidae	Apinae	Bombini	abdomen and head, pooled	abdomen and head	Europe	Primitive Eusocial
SRR6148375	0.0671527215489834	-0.316602064451721	-0.0685855452866445	0.078555487911714	0.0387635524713001	-0.0321309719844931	-0.00130730230163091	Osmia cornuta	Solitary	Female	pool of heads and abdomen	Belgium	RNA	PRJNA411946	2015	April	Paired	RANDOM	Illumina HiSeq 2500	Illumina	Illumina HiSeq	Osmia	Megachilidae	Megachilinae	Osmiini	abdomen and head, pooled	abdomen and head	Europe	Solitary
SRR6148376	0.0592443957994461	-0.291381622638909	-0.082584817516725	0.0836928634676074	0.0372096320968678	-0.0291883094482095	-0.00920771716193044	Bombus pascuorum	Eusocial	Female	pool of heads and abdomen	Belgium	RNA	PRJNA411946	2015	April	Paired	RANDOM	Illumina HiSeq 2500	Illumina	Illumina HiSeq	Bombus	Apidae	Apinae	Bombini	abdomen and head, pooled	abdomen and head	Europe	Primitive Eusocial
SRR6148377	0.0563050198905056	-0.322585949384868	-0.0833263440558682	0.0562877917955863	0.0414897767933644	-0.0260655967363712	-0.0176560199728695	Andrena haemorrhoa	Solitary	Female	pool of heads and abdomen	Belgium	RNA	PRJNA411946	2015	May	Paired	RANDOM	Illumina HiSeq 2500	Illumina	Illumina HiSeq	Andrena	Andrenidae	Andreninae	Andrenini	abdomen and head, pooled	abdomen and head	Europe	Solitary
SRR6148378	0.0469405027597122	-0.32323731951776	-0.0707410673016312	0.0776021822554504	0.0227540728077795	-0.0288501057687508	-0.00648251521142408	Bombus pascuorum	Eusocial	Female	pool of heads and abdomen	Belgium	RNA	PRJNA411946	2015	April	Paired	RANDOM	Illumina HiSeq 2500	Illumina	Illumina HiSeq	Bombus	Apidae	Apinae	Bombini	abdomen and head, pooled	abdomen and head	Europe	Primitive Eusocial
SRR6148379	0.0627764777268128	-0.318524565382653	-0.0692042730158449	0.0880441962067424	0.0368603606580232	-0.028347312971562	-0.0124442882602659	Osmia bicornis	Solitary	Female	pool of heads and abdomen	Belgium	RNA	PRJNA411946	2015	May	Paired	RANDOM	Illumina HiSeq 2500	Illumina	Illumina HiSeq	Osmia	Megachilidae	Megachilinae	Osmiini	abdomen and head, pooled	abdomen and head	Europe	Solitary
SRR8335251	0.0319590734008657	-0.0930383470067127	0.0602575524128394	-0.402913118827396	0.186016839483555	-0.0131694601190154	-0.0446619468211698	Andrena camellia	Solitary	Female	whole body	China	RNA	PRJNA510543	2017	NA	Paired	RANDOM	Illumina HiSeq 2000	Illumina	Illumina HiSeq	Andrena	Andrenidae	Andreninae	Andrenini	whole body	whole body	Asia	Solitary
SRR8335252	0.0320546254705483	-0.112118691938334	0.0490163080587825	-0.407823092321884	0.216891334512853	-0.0245849037401291	-0.0357521250463119	Andrena camellia	Solitary	Female	whole body	China	RNA	PRJNA510543	2017	NA	Paired	RANDOM	Illumina HiSeq 2000	Illumina	Illumina HiSeq	Andrena	Andrenidae	Andreninae	Andrenini	whole body	whole body	Asia	Solitary
SRR8335253	0.0357799776589472	-0.0911105235831639	0.0510864424355572	-0.400925462042833	0.198472153735624	-0.0150914107387423	-0.0371152607653493	Andrena camellia	Solitary	Female	whole body	China	RNA	PRJNA510543	2017	NA	Paired	RANDOM	Illumina HiSeq 2000	Illumina	Illumina HiSeq	Andrena	Andrenidae	Andreninae	Andrenini	whole body	whole body	Asia	Solitary
SRR8335254	0.0331298203272727	-0.0919211678002519	0.0608033095193801	-0.403615464136914	0.182960831880164	-0.0223270914987798	-0.0377162416922244	Andrena camellia	Solitary	Female	whole body	China	RNA	PRJNA510543	2017	NA	Paired	RANDOM	Illumina HiSeq 2000	Illumina	Illumina HiSeq	Andrena	Andrenidae	Andreninae	Andrenini	whole body	whole body	Asia	Solitary
SRR8754036	-0.294916977990154	0.104185748290389	-0.0333941786245982	0.0192061395691634	-0.0140666757369465	-0.000401684422707882	-0.0558802596939406	Apis mellifera	Eusocial	Female	whole body	North Dakota	RNA	PRJNA495845	2012	October	Paired	RANDOM	Illumina NextSeq 500	Illumina	Illumina NextSeq	Apis	Apidae	Apinae	Apini	whole body	whole body	North America	Complex Eusocial
SRR8754037	-0.252716990155184	0.130560868504195	-0.0996986954097524	-0.00512039087305325	0.00146871500487176	-0.0492193605563924	0.0110638421653196	Apis mellifera	Eusocial	Female	whole body	North Dakota	RNA	PRJNA495845	2012	October	Paired	RANDOM	Illumina NextSeq 500	Illumina	Illumina NextSeq	Apis	Apidae	Apinae	Apini	whole body	whole body	North America	Complex Eusocial
SRR8754038	-0.275406203755406	0.116634669111022	-0.0364201375955507	0.0397217513769338	-0.00568842266676614	-0.03022959650218	-0.0423851743207558	Apis mellifera	Eusocial	Female	whole body	North Dakota	RNA	PRJNA495845	2012	October	Paired	RANDOM	Illumina NextSeq 500	Illumina	Illumina NextSeq	Apis	Apidae	Apinae	Apini	whole body	whole body	North America	Complex Eusocial
SRR8754039	-0.166648582560255	0.153611604946479	0.000809058235881274	-0.00651315287581306	0.171576449836092	0.0237978588743014	-0.135333190150937	Apis mellifera	Eusocial	Female	whole body	North Dakota	RNA	PRJNA495845	2012	October	Paired	RANDOM	Illumina NextSeq 500	Illumina	Illumina NextSeq	Apis	Apidae	Apinae	Apini	whole body	whole body	North America	Complex Eusocial
SRR8754040	-0.252255982319525	0.127070348016365	-0.00953008327237675	0.0900483566939108	-0.0142351432976327	-0.0294632716303181	-0.0770426542897848	Apis mellifera	Eusocial	Female	whole body	North Dakota	RNA	PRJNA495845	2012	October	Paired	RANDOM	Illumina NextSeq 500	Illumina	Illumina NextSeq	Apis	Apidae	Apinae	Apini	whole body	whole body	North America	Complex Eusocial
SRR8754041	-0.27977590518523	0.116105113298873	-0.0307698460581694	0.0747595657189563	0.00995074023286326	0.0218189367290145	0.0348702514536151	Apis mellifera	Eusocial	Female	whole body	North Dakota	RNA	PRJNA495845	2012	October	Paired	RANDOM	Illumina NextSeq 500	Illumina	Illumina NextSeq	Apis	Apidae	Apinae	Apini	whole body	whole body	North America	Complex Eusocial
SRR8754042	-0.254436047230311	0.12905699900671	-0.0660705257771146	0.0773851189429632	-0.0361165902072817	-0.0363989899325361	-0.0529447147096288	Apis mellifera	Eusocial	Female	whole body	North Dakota	RNA	PRJNA495845	2012	October	Paired	RANDOM	Illumina NextSeq 500	Illumina	Illumina NextSeq	Apis	Apidae	Apinae	Apini	whole body	whole body	North America	Complex Eusocial
SRR8754043	-0.303704197023583	0.0858993597299484	-0.0587366150494623	0.00150255776146243	-0.053700991688889	0.0357686122707669	-0.107727872621254	Apis mellifera	Eusocial	Female	whole body	North Dakota	RNA	PRJNA495845	2012	October	Paired	RANDOM	Illumina NextSeq 500	Illumina	Illumina NextSeq	Apis	Apidae	Apinae	Apini	whole body	whole body	North America	Complex Eusocial
SRR8754044	-0.314758691053801	0.0446989471831608	0.0747960378595552	0.0803877752749381	0.0138492832349041	0.0643584557874415	-0.123874601953979	Apis mellifera	Eusocial	Female	whole body	North Dakota	RNA	PRJNA495845	2012	October	Paired	RANDOM	Illumina NextSeq 500	Illumina	Illumina NextSeq	Apis	Apidae	Apinae	Apini	whole body	whole body	North America	Complex Eusocial
SRR8867392	-0.339277145510119	0.0340581896111632	0.0624687916654072	-0.0110177715259187	0.0742675207227036	-0.0642632638694864	-0.0332980846407612	Apis mellifera	Eusocial	Female	pooled whole bodies	Hawaii	RNA	PRJNA531527 	2012	November	Paired	CDNA	Illumina HiSeq 2500	Illumina	Illumina HiSeq	Apis	Apidae	Apinae	Apini	whole body, pooled	whole body	North America	Complex Eusocial
SRR8867393	-0.304393736114387	0.0820824461534497	0.0284036168972624	0.0327582598705602	0.028781630143817	0.0341889053889355	-0.0511139414610074	Apis mellifera	Eusocial	Female	pooled whole bodies	Hawaii	RNA	PRJNA531527 	2012	December	Paired	CDNA	Illumina HiSeq 2500	Illumina	Illumina HiSeq	Apis	Apidae	Apinae	Apini	whole body, pooled	whole body	North America	Complex Eusocial
SRR8867394	-0.293798211913322	0.0728117249348374	0.0583410747291745	0.074402881117343	0.0340071641549968	0.0194221823573112	-0.120889836248729	Apis mellifera	Eusocial	Female	pooled whole bodies	Hawaii	RNA	PRJNA531527 	2012	November	Paired	CDNA	Illumina HiSeq 2500	Illumina	Illumina HiSeq	Apis	Apidae	Apinae	Apini	whole body, pooled	whole body	North America	Complex Eusocial
SRR8867395	-0.278189471935975	0.108148075530476	0.0177275082912316	0.0587388588071332	0.0212712593793386	-0.0177298997644219	-0.0650927286766537	Apis mellifera	Eusocial	Female	pooled whole bodies	Hawaii	RNA	PRJNA531527 	2012	November	Paired	CDNA	Illumina HiSeq 2500	Illumina	Illumina HiSeq	Apis	Apidae	Apinae	Apini	whole body, pooled	whole body	North America	Complex Eusocial
